<?xml version="1.0" encoding="UTF-8"?>
<w:WantList w:release="2.0" w:product="NIEM"
  xmlns:im="http://niem.gov/niem/domains/immigration/2.0"
  xmlns:nc="http://niem.gov/niem/niem-core/2.0"
  xmlns:j="http://niem.gov/niem/domains/jxdm/4.0" xmlns:w="http://niem.gov/niem/wantlist/2">
  <w:Element w:name="im:Alien" w:isReference="false"/>
  <w:Element w:name="im:AlienCitizenship" w:isReference="false"/>
  <w:Element w:name="im:CitizenshipCertificateIdentification" w:isReference="false"/>
  <w:Element w:name="j:ActivityReleaseAssociation" w:isReference="false"/>
  <w:Element w:name="j:ConvictionOffense" w:isReference="false"/>
  <w:Element w:name="j:PersonAugmentation" w:isReference="false"/>
  <w:Element w:name="j:Subject" w:isReference="false"/>
  <w:Element w:name="j:SupervisionViolationText" w:isReference="false"/>
  <w:Element w:name="j:Victim" w:isReference="false"/>
  <w:Element w:name="nc:Activity" w:isReference="false"/>
  <w:Element w:name="nc:ActivityDate" w:isReference="false"/>
  <w:Element w:name="nc:ActivityDateRange" w:isReference="false"/>
  <w:Element w:name="nc:ActivityDateRepresentation" w:isReference="false"/>
  <w:Element w:name="nc:ActivityInvolvedPersonAssociation" w:isReference="false"/>
  <w:Element w:name="nc:AddressFullText" w:isReference="false"/>
  <w:Element w:name="nc:Agency" w:isReference="false"/>
  <w:Element w:name="nc:Assessment" w:isReference="false"/>
  <w:Element w:name="nc:Binary" w:isReference="false"/>
  <w:Element w:name="nc:BinaryBase64Object" w:isReference="false"/>
  <w:Element w:name="nc:Biometric" w:isReference="false"/>
  <w:Element w:name="nc:ContactEmailID" w:isReference="false"/>
  <w:Element w:name="nc:ContactInformation" w:isReference="false"/>
  <w:Element w:name="nc:ContactInstantMessenger" w:isReference="false"/>
  <w:Element w:name="nc:ContactMailingAddress" w:isReference="false"/>
  <w:Element w:name="nc:ContactMeans" w:isReference="false"/>
  <w:Element w:name="nc:ContactTelephoneNumber" w:isReference="false"/>
  <w:Element w:name="nc:Date" w:isReference="false"/>
  <w:Element w:name="nc:DateRange" w:isReference="false"/>
  <w:Element w:name="nc:Disposition" w:isReference="false"/>
  <w:Element w:name="nc:Document" w:isReference="false"/>
  <w:Element w:name="nc:DriverLicenseIdentification" w:isReference="false"/>
  <w:Element w:name="nc:EmployeeOccupation" w:isReference="false"/>
  <w:Element w:name="nc:EmployeeOccupationText" w:isReference="false"/>
  <w:Element w:name="nc:EmployeeSupervisor" w:isReference="false"/>
  <w:Element w:name="nc:Employer" w:isReference="false"/>
  <w:Element w:name="nc:Entity" w:isReference="false"/>
  <w:Element w:name="nc:EntityOrganization" w:isReference="false"/>
  <w:Element w:name="nc:EntityPerson" w:isReference="false"/>
  <w:Element w:name="nc:Facility" w:isReference="false"/>
  <w:Element w:name="nc:FullTelephoneNumber" w:isReference="false"/>
  <w:Element w:name="nc:Identification" w:isReference="false"/>
  <w:Element w:name="nc:Image" w:isReference="false"/>
  <w:Element w:name="nc:Incident" w:isReference="false"/>
  <w:Element w:name="nc:Insurance" w:isReference="false"/>
  <w:Element w:name="nc:Location" w:isReference="false"/>
  <w:Element w:name="nc:LocationStateName" w:isReference="false"/>
  <w:Element w:name="nc:LocationStreet" w:isReference="false"/>
  <w:Element w:name="nc:Measure" w:isReference="false"/>
  <w:Element w:name="nc:MeasureText" w:isReference="false"/>
  <w:Element w:name="nc:MeasureUnitText" w:isReference="false"/>
  <w:Element w:name="nc:MedicalCondition" w:isReference="false"/>
  <w:Element w:name="nc:MedicalConditionDescriptionText" w:isReference="false"/>
  <w:Element w:name="nc:MedicalConditionPresentIndicator" w:isReference="false"/>
  <w:Element w:name="nc:Obligation" w:isReference="false"/>
  <w:Element w:name="nc:ObligationDue" w:isReference="false"/>
  <w:Element w:name="nc:ObligationDueAmount" w:isReference="false"/>
  <w:Element w:name="nc:ObligationRecurrence" w:isReference="false"/>
  <w:Element w:name="nc:ObligationTotal" w:isReference="false"/>
  <w:Element w:name="nc:ObligationTotalAmount" w:isReference="false"/>
  <w:Element w:name="nc:ObligationTotalDuration" w:isReference="false"/>
  <w:Element w:name="nc:Organization" w:isReference="false"/>
  <w:Element w:name="nc:Person" w:isReference="false"/>
  <w:Element w:name="nc:PersonContactInformationAssociation" w:isReference="false"/>
  <w:Element w:name="nc:PersonCurrentEmploymentAssociation" w:isReference="false"/>
  <w:Element w:name="nc:PersonCurrentLocationAssociation" w:isReference="false"/>
  <w:Element w:name="nc:PersonEducationLevelText" w:isReference="false"/>
  <w:Element w:name="nc:PersonEthnicityCode" w:isReference="false"/>
  <w:Element w:name="nc:PersonEthnicityText" w:isReference="false"/>
  <w:Element w:name="nc:PersonName" w:isReference="false"/>
  <w:Element w:name="nc:PersonNamePrefixText" w:isReference="false"/>
  <w:Element w:name="nc:PersonNameSuffixText" w:isReference="false"/>
  <w:Element w:name="nc:PersonOrganizationAssociation" w:isReference="false"/>
  <w:Element w:name="nc:PersonOtherIdentification" w:isReference="false"/>
  <w:Element w:name="nc:PersonPassportIdentification" w:isReference="false"/>
  <w:Element w:name="nc:PersonPrimaryLanguage" w:isReference="false"/>
  <w:Element w:name="nc:PersonRace" w:isReference="false"/>
  <w:Element w:name="nc:PersonRaceCode" w:isReference="false"/>
  <w:Element w:name="nc:PersonRaceText" w:isReference="false"/>
  <w:Element w:name="nc:PersonSSNIdentification" w:isReference="false"/>
  <w:Element w:name="nc:PersonStateIdentification" w:isReference="false"/>
  <w:Element w:name="nc:PhysicalFeature" w:isReference="false"/>
  <w:Element w:name="nc:Program" w:isReference="false"/>
  <w:Element w:name="nc:Release" w:isReference="false"/>
  <w:Element w:name="nc:ResidenceAssociation" w:isReference="false"/>
  <w:Element w:name="nc:Status" w:isReference="false"/>
  <w:Element w:name="nc:StructuredAddress" w:isReference="false"/>
  <w:Element w:name="nc:Supervision" w:isReference="false"/>
  <w:Element w:name="nc:TelephoneNumber" w:isReference="false"/>
  <w:Element w:name="nc:TelephoneNumberRepresentation" w:isReference="false"/>
  <w:Type w:name="im:AlienCitizenshipType" w:isRequested="false">
    <w:ElementInType w:minOccurs="1" w:maxOccurs="1"
      w:name="im:CitizenshipCertificateIdentification" w:isReference="false"/>
  </w:Type>
  <w:Type w:name="im:AlienType" w:isRequested="false">
    <w:ElementInType w:minOccurs="1" w:maxOccurs="1"
      w:name="im:AlienCitizenship" w:isReference="false"/>
    <w:ElementInType w:minOccurs="1" w:maxOccurs="1"
      w:name="nc:RoleOfPerson" w:isReference="true"/>
  </w:Type>
  <w:Type w:name="j:ActivityReleaseAssociationType" w:isRequested="false">
    <w:ElementInType w:minOccurs="0" w:maxOccurs="unbounded"
      w:name="j:ActivityOfficial" w:isReference="true"/>
    <w:ElementInType w:minOccurs="0" w:maxOccurs="unbounded"
      w:name="j:Subject" w:isReference="true"/>
    <w:ElementInType w:minOccurs="0" w:maxOccurs="unbounded"
      w:name="nc:Activity" w:isReference="true"/>
    <w:ElementInType w:minOccurs="0" w:maxOccurs="unbounded"
      w:name="nc:Facility" w:isReference="true"/>
    <w:ElementInType w:minOccurs="0" w:maxOccurs="unbounded"
      w:name="nc:Release" w:isReference="true"/>
  </w:Type>
  <w:Type w:name="j:PersonAugmentationType" w:isRequested="false">
    <w:ElementInType w:minOccurs="1" w:maxOccurs="1"
      w:name="j:PersonFBIIdentification" w:isReference="false"/>
    <w:ElementInType w:minOccurs="1" w:maxOccurs="1"
      w:name="nc:DriverLicense" w:isReference="false"/>
  </w:Type>
  <w:Type w:name="j:SubjectType" w:isRequested="false">
    <w:ElementInType w:minOccurs="0" w:maxOccurs="unbounded"
      w:name="j:SubjectIdentification" w:isReference="false"/>
    <w:ElementInType w:minOccurs="0" w:maxOccurs="unbounded"
      w:name="j:SubjectSupervision" w:isReference="false"/>
  </w:Type>
  <w:Type w:name="j:VictimType" w:isRequested="false">
    <w:ElementInType w:minOccurs="0" w:maxOccurs="unbounded"
      w:name="j:VictimEntity" w:isReference="false"/>
    <w:ElementInType w:minOccurs="0" w:maxOccurs="unbounded"
      w:name="nc:RoleOfPerson" w:isReference="true"/>
  </w:Type>
  <w:Type w:name="nc:ActivityPersonAssociationType" w:isRequested="false">
    <w:ElementInType w:minOccurs="0" w:maxOccurs="unbounded"
      w:name="nc:Activity" w:isReference="true"/>
    <w:ElementInType w:minOccurs="0" w:maxOccurs="unbounded"
      w:name="nc:Person" w:isReference="true"/>
  </w:Type>
  <w:Type w:name="nc:ActivityType" w:isRequested="false">
    <w:ElementInType w:minOccurs="0" w:maxOccurs="unbounded"
      w:name="nc:ActivityDateRepresentation" w:isReference="false"/>
    <w:ElementInType w:minOccurs="0" w:maxOccurs="unbounded"
      w:name="nc:ActivityDescriptionText" w:isReference="false"/>
    <w:ElementInType w:minOccurs="0" w:maxOccurs="unbounded"
      w:name="nc:ActivityDisposition" w:isReference="false"/>
    <w:ElementInType w:minOccurs="0" w:maxOccurs="unbounded"
      w:name="nc:ActivityName" w:isReference="false"/>
    <w:ElementInType w:minOccurs="0" w:maxOccurs="unbounded"
      w:name="nc:ActivityReasonText" w:isReference="false"/>
    <w:ElementInType w:minOccurs="0" w:maxOccurs="unbounded"
      w:name="nc:ActivityStatus" w:isReference="false"/>
  </w:Type>
  <w:Type w:name="nc:AddressType" w:isRequested="false">
    <w:ElementInType w:minOccurs="0" w:maxOccurs="unbounded"
      w:name="nc:AddressRepresentation" w:isReference="false"/>
  </w:Type>
  <w:Type w:name="nc:AmountType" w:isRequested="false">
    <w:AttributeInType w:name="nc:currencyText"/>
  </w:Type>
  <w:Type w:name="nc:AssessmentType" w:isRequested="false">
    <w:ElementInType w:minOccurs="0" w:maxOccurs="unbounded"
      w:name="nc:AssessmentProgram" w:isReference="false"/>
    <w:ElementInType w:minOccurs="0" w:maxOccurs="unbounded"
      w:name="nc:AssessmentRecommendationText" w:isReference="false"/>
    <w:ElementInType w:minOccurs="0" w:maxOccurs="unbounded"
      w:name="nc:AssessmentScoreText" w:isReference="false"/>
  </w:Type>
  <w:Type w:name="nc:BinaryType" w:isRequested="false">
    <w:ElementInType w:minOccurs="0" w:maxOccurs="unbounded"
      w:name="nc:BinaryDescriptionText" w:isReference="false"/>
    <w:ElementInType w:minOccurs="0" w:maxOccurs="unbounded"
      w:name="nc:BinaryID" w:isReference="false"/>
    <w:ElementInType w:minOccurs="0" w:maxOccurs="unbounded"
      w:name="nc:BinaryObject" w:isReference="false"/>
  </w:Type>
  <w:Type w:name="nc:ContactInformationType" w:isRequested="false">
    <w:ElementInType w:minOccurs="0" w:maxOccurs="unbounded"
      w:name="nc:ContactMeans" w:isReference="false"/>
  </w:Type>
  <w:Type w:name="nc:DateRangeType" w:isRequested="false">
    <w:ElementInType w:minOccurs="0" w:maxOccurs="unbounded"
      w:name="nc:EndDate" w:isReference="false"/>
    <w:ElementInType w:minOccurs="0" w:maxOccurs="unbounded"
      w:name="nc:StartDate" w:isReference="false"/>
  </w:Type>
  <w:Type w:name="nc:DateType" w:isRequested="false">
    <w:ElementInType w:minOccurs="0" w:maxOccurs="unbounded"
      w:name="nc:DateRepresentation" w:isReference="false"/>
  </w:Type>
  <w:Type w:name="nc:DispositionType" w:isRequested="false">
    <w:ElementInType w:minOccurs="0" w:maxOccurs="unbounded"
      w:name="nc:DispositionDate" w:isReference="false"/>
    <w:ElementInType w:minOccurs="0" w:maxOccurs="unbounded"
      w:name="nc:DispositionDescriptionText" w:isReference="false"/>
    <w:ElementInType w:minOccurs="0" w:maxOccurs="unbounded"
      w:name="nc:DispositionEntity" w:isReference="false"/>
    <w:ElementInType w:minOccurs="0" w:maxOccurs="unbounded"
      w:name="nc:DispositionReasonText" w:isReference="false"/>
    <w:ElementInType w:minOccurs="0" w:maxOccurs="unbounded"
      w:name="nc:DispositionText" w:isReference="false"/>
  </w:Type>
  <w:Type w:name="nc:DocumentType" w:isRequested="false">
    <w:ElementInType w:minOccurs="0" w:maxOccurs="unbounded"
      w:name="nc:DocumentCreationDate" w:isReference="false"/>
    <w:ElementInType w:minOccurs="0" w:maxOccurs="unbounded"
      w:name="nc:DocumentIdentification" w:isReference="false"/>
  </w:Type>
  <w:Type w:name="nc:DriverLicenseBaseType" w:isRequested="false">
    <w:ElementInType w:minOccurs="0" w:maxOccurs="1"
      w:name="nc:DriverLicenseIdentification" w:isReference="false"/>
  </w:Type>
  <w:Type w:name="nc:EntityType" w:isRequested="false">
    <w:ElementInType w:minOccurs="0" w:maxOccurs="unbounded"
      w:name="nc:EntityRepresentation" w:isReference="false"/>
  </w:Type>
  <w:Type w:name="nc:FacilityType" w:isRequested="false">
    <w:ElementInType w:minOccurs="0" w:maxOccurs="unbounded"
      w:name="nc:FacilityContactInformation" w:isReference="false"/>
    <w:ElementInType w:minOccurs="0" w:maxOccurs="unbounded"
      w:name="nc:FacilityLocation" w:isReference="false"/>
    <w:ElementInType w:minOccurs="0" w:maxOccurs="unbounded"
      w:name="nc:FacilityName" w:isReference="false"/>
  </w:Type>
  <w:Type w:name="nc:FullTelephoneNumberType" w:isRequested="false">
    <w:ElementInType w:minOccurs="0" w:maxOccurs="unbounded"
      w:name="nc:TelephoneNumberFullID" w:isReference="false"/>
  </w:Type>
  <w:Type w:name="nc:IdentificationType" w:isRequested="true">
    <w:ElementInType w:minOccurs="0" w:maxOccurs="unbounded"
      w:name="nc:IdentificationCategory" w:isReference="false"/>
    <w:ElementInType w:minOccurs="0" w:maxOccurs="unbounded"
      w:name="nc:IdentificationCategoryDescriptionText" w:isReference="false"/>
    <w:ElementInType w:minOccurs="0" w:maxOccurs="unbounded"
      w:name="nc:IdentificationID" w:isReference="false"/>
    <w:ElementInType w:minOccurs="0" w:maxOccurs="1"
      w:name="nc:IdentificationJurisdiction" w:isReference="false"/>
    <w:ElementInType w:minOccurs="0" w:maxOccurs="unbounded"
      w:name="nc:IdentificationSourceText" w:isReference="false"/>
  </w:Type>
  <w:Type w:name="nc:IncidentType" w:isRequested="false">
    <w:ElementInType w:minOccurs="1" w:maxOccurs="1"
      w:name="nc:IncidentLocation" w:isReference="false"/>
  </w:Type>
  <w:Type w:name="nc:InsuranceType" w:isRequested="false">
    <w:ElementInType w:minOccurs="0" w:maxOccurs="unbounded"
      w:name="nc:InsuranceCarrierIdentification" w:isReference="false"/>
    <w:ElementInType w:minOccurs="0" w:maxOccurs="unbounded"
      w:name="nc:InsuranceCarrierName" w:isReference="false"/>
  </w:Type>
  <w:Type w:name="nc:LocationType" w:isRequested="false">
    <w:ElementInType w:minOccurs="0" w:maxOccurs="unbounded"
      w:name="nc:LocationAddress" w:isReference="false"/>
  </w:Type>
  <w:Type w:name="nc:MedicalConditionType" w:isRequested="false">
    <w:ElementInType w:minOccurs="0" w:maxOccurs="unbounded"
      w:name="nc:MedicalConditionDescriptionText" w:isReference="false"/>
  </w:Type>
  <w:Type w:name="nc:ObligationRecurrenceType" w:isRequested="false">
    <w:ElementInType w:minOccurs="0" w:maxOccurs="unbounded"
      w:name="nc:ObligationEndDate" w:isReference="false"/>
    <w:ElementInType w:minOccurs="0" w:maxOccurs="unbounded"
      w:name="nc:ObligationPeriodText" w:isReference="false"/>
    <w:ElementInType w:minOccurs="0" w:maxOccurs="unbounded"
      w:name="nc:ObligationStartDate" w:isReference="false"/>
  </w:Type>
  <w:Type w:name="nc:ObligationType" w:isRequested="false">
    <w:ElementInType w:minOccurs="0" w:maxOccurs="unbounded"
      w:name="nc:ObligationCategoryText" w:isReference="false"/>
    <w:ElementInType w:minOccurs="0" w:maxOccurs="unbounded"
      w:name="nc:ObligationCompleteIndicator" w:isReference="false"/>
    <w:ElementInType w:minOccurs="0" w:maxOccurs="unbounded"
      w:name="nc:ObligationComplianceIndicator" w:isReference="false"/>
    <w:ElementInType w:minOccurs="0" w:maxOccurs="unbounded"
      w:name="nc:ObligationDue" w:isReference="false"/>
    <w:ElementInType w:minOccurs="0" w:maxOccurs="unbounded"
      w:name="nc:ObligationDueDate" w:isReference="false"/>
    <w:ElementInType w:minOccurs="0" w:maxOccurs="unbounded"
      w:name="nc:ObligationEntity" w:isReference="false"/>
    <w:ElementInType w:minOccurs="0" w:maxOccurs="unbounded"
      w:name="nc:ObligationRecurrence" w:isReference="false"/>
    <w:ElementInType w:minOccurs="0" w:maxOccurs="unbounded"
      w:name="nc:ObligationRequirementDescriptionText" w:isReference="false"/>
    <w:ElementInType w:minOccurs="0" w:maxOccurs="unbounded"
      w:name="nc:ObligationTotal" w:isReference="false"/>
  </w:Type>
  <w:Type w:name="nc:OrganizationType" w:isRequested="false">
    <w:ElementInType w:minOccurs="0" w:maxOccurs="unbounded"
      w:name="nc:OrganizationLocation" w:isReference="false"/>
    <w:ElementInType w:minOccurs="0" w:maxOccurs="unbounded"
      w:name="nc:OrganizationName" w:isReference="false"/>
    <w:ElementInType w:minOccurs="0" w:maxOccurs="unbounded"
      w:name="nc:OrganizationPrimaryContactInformation" w:isReference="false"/>
  </w:Type>
  <w:Type w:name="nc:PersonContactInformationAssociationType" w:isRequested="false">
    <w:ElementInType w:minOccurs="1" w:maxOccurs="1"
      w:name="nc:ContactInformation" w:isReference="true"/>
    <w:ElementInType w:minOccurs="1" w:maxOccurs="1" w:name="nc:Person" w:isReference="true"/>
  </w:Type>
  <w:Type w:name="nc:PersonEmploymentAssociationType" w:isRequested="false">
    <w:ElementInType w:minOccurs="0" w:maxOccurs="unbounded"
      w:name="nc:Employee" w:isReference="true"/>
    <w:ElementInType w:minOccurs="0" w:maxOccurs="unbounded"
      w:name="nc:Employer" w:isReference="false"/>
  </w:Type>
  <w:Type w:name="nc:PersonLanguageType" w:isRequested="false">
    <w:ElementInType w:minOccurs="0" w:maxOccurs="unbounded"
      w:name="nc:Language" w:isReference="false"/>
  </w:Type>
  <w:Type w:name="nc:PersonLocationAssociationType" w:isRequested="false">
    <w:ElementInType w:minOccurs="0" w:maxOccurs="unbounded"
      w:name="nc:Location" w:isReference="true"/>
    <w:ElementInType w:minOccurs="0" w:maxOccurs="unbounded"
      w:name="nc:Person" w:isReference="true"/>
  </w:Type>
  <w:Type w:name="nc:PersonNameType" w:isRequested="false">
    <w:ElementInType w:minOccurs="0" w:maxOccurs="unbounded"
      w:name="nc:PersonFullName" w:isReference="false"/>
    <w:ElementInType w:minOccurs="0" w:maxOccurs="unbounded"
      w:name="nc:PersonGivenName" w:isReference="false"/>
    <w:ElementInType w:minOccurs="0" w:maxOccurs="unbounded"
      w:name="nc:PersonMaidenName" w:isReference="false"/>
    <w:ElementInType w:minOccurs="0" w:maxOccurs="unbounded"
      w:name="nc:PersonMiddleName" w:isReference="false"/>
    <w:ElementInType w:minOccurs="0" w:maxOccurs="unbounded"
      w:name="nc:PersonSurName" w:isReference="false"/>
  </w:Type>
  <w:Type w:name="nc:PersonOrganizationAssociationType" w:isRequested="false">
    <w:ElementInType w:minOccurs="1" w:maxOccurs="1"
      w:name="nc:Organization" w:isReference="true"/>
    <w:ElementInType w:minOccurs="1" w:maxOccurs="1" w:name="nc:Person" w:isReference="true"/>
  </w:Type>
  <w:Type w:name="nc:PersonType" w:isRequested="false">
    <w:ElementInType w:minOccurs="0" w:maxOccurs="unbounded"
      w:name="nc:PersonAgeMeasure" w:isReference="false"/>
    <w:ElementInType w:minOccurs="0" w:maxOccurs="unbounded"
      w:name="nc:PersonBirthDate" w:isReference="false"/>
    <w:ElementInType w:minOccurs="0" w:maxOccurs="unbounded"
      w:name="nc:PersonBirthLocation" w:isReference="false"/>
    <w:ElementInType w:minOccurs="0" w:maxOccurs="unbounded"
      w:name="nc:PersonDigitalImage" w:isReference="false"/>
    <w:ElementInType w:minOccurs="0" w:maxOccurs="unbounded"
      w:name="nc:PersonEthnicity" w:isReference="false"/>
    <w:ElementInType w:minOccurs="0" w:maxOccurs="unbounded"
      w:name="nc:PersonEyeColor" w:isReference="false"/>
    <w:ElementInType w:minOccurs="0" w:maxOccurs="unbounded"
      w:name="nc:PersonHairColor" w:isReference="false"/>
    <w:ElementInType w:minOccurs="0" w:maxOccurs="unbounded"
      w:name="nc:PersonHeightMeasure" w:isReference="false"/>
    <w:ElementInType w:minOccurs="0" w:maxOccurs="unbounded"
      w:name="nc:PersonName" w:isReference="false"/>
    <w:ElementInType w:minOccurs="0" w:maxOccurs="unbounded"
      w:name="nc:PersonOtherIdentification" w:isReference="false"/>
    <w:ElementInType w:minOccurs="0" w:maxOccurs="1"
      w:name="nc:PersonPassportIdentification" w:isReference="false"/>
    <w:ElementInType w:minOccurs="0" w:maxOccurs="unbounded"
      w:name="nc:PersonPhysicalFeature" w:isReference="false"/>
    <w:ElementInType w:minOccurs="0" w:maxOccurs="1"
      w:name="nc:PersonPrimaryLanguage" w:isReference="false"/>
    <w:ElementInType w:minOccurs="0" w:maxOccurs="unbounded"
      w:name="nc:PersonRace" w:isReference="false"/>
    <w:ElementInType w:minOccurs="0" w:maxOccurs="unbounded"
      w:name="nc:PersonSSNIdentification" w:isReference="false"/>
    <w:ElementInType w:minOccurs="0" w:maxOccurs="unbounded"
      w:name="nc:PersonSex" w:isReference="false"/>
    <w:ElementInType w:minOccurs="0" w:maxOccurs="unbounded"
      w:name="nc:PersonStateIdentification" w:isReference="false"/>
    <w:ElementInType w:minOccurs="0" w:maxOccurs="unbounded"
      w:name="nc:PersonUSCitizenIndicator" w:isReference="false"/>
    <w:ElementInType w:minOccurs="0" w:maxOccurs="unbounded"
      w:name="nc:PersonWeightMeasure" w:isReference="false"/>
  </w:Type>
  <w:Type w:name="nc:PhysicalFeatureType" w:isRequested="false">
    <w:ElementInType w:minOccurs="0" w:maxOccurs="unbounded"
      w:name="nc:PhysicalFeatureGeneralCategoryText" w:isReference="false"/>
    <w:ElementInType w:minOccurs="0" w:maxOccurs="unbounded"
      w:name="nc:PhysicalFeatureImage" w:isReference="false"/>
    <w:ElementInType w:minOccurs="0" w:maxOccurs="unbounded"
      w:name="nc:PhysicalFeatureLocationText" w:isReference="false"/>
  </w:Type>
  <w:Type w:name="nc:ProgramType" w:isRequested="false">
    <w:ElementInType w:minOccurs="0" w:maxOccurs="unbounded"
      w:name="nc:ProgramAdministrator" w:isReference="false"/>
    <w:ElementInType w:minOccurs="0" w:maxOccurs="unbounded"
      w:name="nc:ProgramFacility" w:isReference="false"/>
  </w:Type>
  <w:Type w:name="nc:ReleaseType" w:isRequested="false">
    <w:ElementInType w:minOccurs="0" w:maxOccurs="unbounded"
      w:name="nc:ReleaseFromLocation" w:isReference="false"/>
    <w:ElementInType w:minOccurs="0" w:maxOccurs="unbounded"
      w:name="nc:ReleaseIssuer" w:isReference="false"/>
    <w:ElementInType w:minOccurs="0" w:maxOccurs="unbounded"
      w:name="nc:ReleasePerson" w:isReference="false"/>
    <w:ElementInType w:minOccurs="0" w:maxOccurs="unbounded"
      w:name="nc:ReleaseRecipient" w:isReference="false"/>
    <w:ElementInType w:minOccurs="0" w:maxOccurs="unbounded"
      w:name="nc:ReleaseSupervisor" w:isReference="false"/>
    <w:ElementInType w:minOccurs="0" w:maxOccurs="unbounded"
      w:name="nc:ReleaseToLocation" w:isReference="false"/>
  </w:Type>
  <w:Type w:name="nc:StatusType" w:isRequested="false">
    <w:ElementInType w:minOccurs="0" w:maxOccurs="unbounded"
      w:name="nc:StatusDate" w:isReference="false"/>
    <w:ElementInType w:minOccurs="0" w:maxOccurs="unbounded"
      w:name="nc:StatusDescriptionText" w:isReference="false"/>
    <w:ElementInType w:minOccurs="0" w:maxOccurs="unbounded"
      w:name="nc:StatusText" w:isReference="false"/>
  </w:Type>
  <w:Type w:name="nc:StreetType" w:isRequested="false">
    <w:ElementInType w:minOccurs="0" w:maxOccurs="unbounded"
      w:name="nc:StreetFullText" w:isReference="false"/>
  </w:Type>
  <w:Type w:name="nc:StructuredAddressType" w:isRequested="false">
    <w:ElementInType w:minOccurs="0" w:maxOccurs="unbounded"
      w:name="nc:LocationCityName" w:isReference="false"/>
    <w:ElementInType w:minOccurs="0" w:maxOccurs="unbounded"
      w:name="nc:LocationCountry" w:isReference="false"/>
    <w:ElementInType w:minOccurs="0" w:maxOccurs="unbounded"
      w:name="nc:LocationPostalCode" w:isReference="false"/>
    <w:ElementInType w:minOccurs="0" w:maxOccurs="unbounded"
      w:name="nc:LocationState" w:isReference="false"/>
  </w:Type>
  <w:Type w:name="nc:SupervisionType" w:isRequested="false">
    <w:ElementInType w:minOccurs="0" w:maxOccurs="unbounded"
      w:name="nc:SupervisionCurrentIndicator" w:isReference="false"/>
    <w:ElementInType w:minOccurs="0" w:maxOccurs="unbounded"
      w:name="nc:SupervisionPerson" w:isReference="false"/>
    <w:ElementInType w:minOccurs="0" w:maxOccurs="unbounded"
      w:name="nc:SupervisionSupervisor" w:isReference="false"/>
  </w:Type>
  <w:Type w:name="nc:TelephoneNumberType" w:isRequested="false">
    <w:ElementInType w:minOccurs="0" w:maxOccurs="unbounded"
      w:name="nc:TelephoneNumberRepresentation" w:isReference="false"/>
  </w:Type>
</w:WantList>
