<?xml version="1.0" encoding="UTF-8"?>
<ndexia:IncidentReport xmlns:ndexia="http://fbi.gov/cjis/N-DEx/IncidentArrest/2.1" xmlns:xsi="http://www.w3.org/2001/XMLSchema-instance" xmlns:s="http://niem.gov/niem/structures/2.0" xmlns:j="http://niem.gov/niem/domains/jxdm/4.0" xmlns:nc="http://niem.gov/niem/niem-core/2.0" xsi:schemaLocation="http://fbi.gov/cjis/N-DEx/IncidentArrest/2.1 ndexia.xsd">
<ndexia:Incident>
							<ndexia:IncidentAugmentation xmlns:lexslib="http://usdoj.gov/leisp/lexs/library/3.1">
								<lexslib:SameAsDigestReference lexslib:ref="INCIDENT1"/>
							</ndexia:IncidentAugmentation>
						</ndexia:Incident>
						<ndexia:IncidentEvidence>
							<nc:RoleOfItemReference s:ref="TANGIBLEITEM1"/>
						</ndexia:IncidentEvidence>
						<ndexia:Arrest>
							<ndexia:ArrestAugmentation>
								<lexslib:SameAsDigestReference lexslib:ref="INCIDENT1" xmlns:lexslib="http://usdoj.gov/leisp/lexs/library/3.1"/>
								<ndexia:ArrestCaseNumberText>239478295</ndexia:ArrestCaseNumberText>
							</ndexia:ArrestAugmentation>
						</ndexia:Arrest>
						<ndexia:Organization>
							<j:OrganizationAugmentation>
								<j:OrganizationORIIdentification>
									<nc:IdentificationID>83655221</nc:IdentificationID>
								</j:OrganizationORIIdentification>
							</j:OrganizationAugmentation>
							<ndexia:OrganizationAugmentation xmlns:lexslib="http://usdoj.gov/leisp/lexs/library/3.1">
								<lexslib:SameAsDigestReference lexslib:ref="ORGANIZATION1"/>
							</ndexia:OrganizationAugmentation>
						</ndexia:Organization>
						<ndexia:TangibleItem s:id="TANGIBLEITEM1">
							<ndexia:TangibleItemAugmentation xmlns:lexslib="http://usdoj.gov/leisp/lexs/library/3.1">
								<lexslib:SameAsDigestReference lexslib:ref="ITEM1"/>
							</ndexia:TangibleItemAugmentation>
						</ndexia:TangibleItem>
						<ndexia:Victim>
							<j:VictimInjury>
								<nc:InjuryCategoryText>Black Eye</nc:InjuryCategoryText>
							</j:VictimInjury>
							<j:VictimCategoryCode>U</j:VictimCategoryCode>
							<ndexia:VictimAugmentation xmlns:lexslib="http://usdoj.gov/leisp/lexs/library/3.1">
								<lexslib:SameAsDigestReference lexslib:ref="VP1"/>
							</ndexia:VictimAugmentation>
						</ndexia:Victim>
</ndexia:IncidentReport>
