﻿<?xml version="1.0" encoding="UTF-8"?>
<globaljra:ServiceMetadata xsi:schemaLocation="http://www.it.ojp.gov/globaljra/ServiceSpecification/0.9 Metadata.xsd" xmlns:globaljra="http://www.it.ojp.gov/globaljra/ServiceSpecification/0.9" xmlns:xsi="http://www.w3.org/2001/XMLSchema-instance">
	<globaljra:ServiceIdentification>
		<globaljra:ServiceFullNameText>Inmate Release Information</globaljra:ServiceFullNameText>
		<globaljra:ServiceID></globaljra:ServiceID>
		<globaljra:ServiceURI></globaljra:ServiceURI>
		<globaljra:ServiceNameAbbreviationText>IRI</globaljra:ServiceNameAbbreviationText>
	</globaljra:ServiceIdentification>
	<globaljra:ServiceDescription>
		<globaljra:ServicePurposeText>
            To provide fusion centers with Inmate Release information from corrections organizations.
        </globaljra:ServicePurposeText>
		<globaljra:ServiceScopeDescriptionText>
            The scope includes providing fusion centers with the ability to receive a notification, or perform a query and receive a response, regarding Inmate Release information. The name and description of this service uses the term Inmate Release. Other common terms used to describe the same type of information are Institutional Release, Inmate Discharge and Institutional Discharge information.
        </globaljra:ServiceScopeDescriptionText>
		<globaljra:ServiceDescriptionSummaryText>
            This service  will allow fusion centers to request or subscribe for summary or detailed information regarding Inmate Release.
        </globaljra:ServiceDescriptionSummaryText>
		<globaljra:ServiceDescriptionText>
            This service  will allow fusion centers to request summary or detailed information regarding Inmate Release from a partnering corrections organization. Partnering corrections organizations can also send summary or detailed event information to fusion centers for an event related to Inmate Release activities based on previous subscription. If summary information is received as a result of a request or an event, the fusion center analysts can send a request for detailed information related to the response or the event.
            This service allows fusion centers to select the level of detail they wish to receive from partnering corrections organizations. While performing a query, or when receiving notification of an event, fusion centers can request Summary Inmate Release information or can opt to receive Detailed Inmate Release information.
            Provided below is a brief summary of the primary process flow for the service.
            During the information collection, processing, evaluation, or analysis processes, if inmate release information is required from corrections organizations, the fusion center analyst enters a query through a standard user interface in order to receive summary information response. A message containing the query is sent to the appropriate corrections system. The query is accepted and acted upon by the corrections system. The corrections system generates a summary information response to the query that is sent back to the fusion center system. The information is presented to the fusion center analyst. The fusion center analyst has an option to request more information regarding a specific summary information response and/or to store the summary information responses in a local database for further analysis. If the fusion center analysts decides to request more information for a specific summary information response, he or she would do this by sending a query regarding this response to the corrections system. If additional information is requested by the fusion center, a detailed information response is sent by the corrections system. The fusion center analyst has the option to store the detailed information response in a local database for further analysis.
            The alternative flows provide capabilities for requesting detailed information and for subscribing to events from correction organizations.
        </globaljra:ServiceDescriptionText>
		<globaljra:ServiceDescriptionKeywordText>
            Fusion Center, Corrections, Institutional Discharge, Institutional Release, Inmate Discharge, Inmate Release
        </globaljra:ServiceDescriptionKeywordText>
		<globaljra:ServiceCapabilities>
			<globaljra:CapabilityDescriptionText>Access to  Summary Inmate Release Information</globaljra:CapabilityDescriptionText>
            <globaljra:CapabilityDescriptionText>Access to Detailed Inmate Release Information</globaljra:CapabilityDescriptionText>
            <globaljra:CapabilityDescriptionText>Subscription to Summary Inmate Release Information
            </globaljra:CapabilityDescriptionText>
            <globaljra:CapabilityDescriptionText>Subscription to Detailed Inmate Release Information</globaljra:CapabilityDescriptionText>
		</globaljra:ServiceCapabilities>
		<globaljra:ServiceRealWorldEffects>
			<globaljra:RealWorldEffectDescriptionText>
                Inmate Release information will facilitate situational awareness by providing timely notification of inmate reentry within a fusion center’s jurisdiction.
            </globaljra:RealWorldEffectDescriptionText>
            <globaljra:RealWorldEffectDescriptionText>Inmate Release information will provide additional data for the collection and analysis process and, more specifically, Threat Group information.</globaljra:RealWorldEffectDescriptionText>
            <globaljra:RealWorldEffectDescriptionText>Inmate Release information will allow a fusion center to contribute to the local community by passing the information received to local law enforcement agencies (LEAs) and other local partners when applicable.</globaljra:RealWorldEffectDescriptionText>
		</globaljra:ServiceRealWorldEffects>
		<globaljra:SecurityClassificationText>SBU</globaljra:SecurityClassificationText>
		<globaljra:ServiceDependencies>
			<globaljra:ServiceDependency>
				<globaljra:ServiceFullNameText></globaljra:ServiceFullNameText>
				<globaljra:ServiceID></globaljra:ServiceID>
				<globaljra:ServiceURI></globaljra:ServiceURI>
				<globaljra:ServiceNameAbbreviationText></globaljra:ServiceNameAbbreviationText>
			</globaljra:ServiceDependency>
		</globaljra:ServiceDependencies>
		<globaljra:IEPDReferences>
            <globaljra:IEPDReference>
                <globaljra:IEPDName>Access Institutional Discharge Information (AIDI)</globaljra:IEPDName>
                <globaljra:IEPDURL></globaljra:IEPDURL>
            </globaljra:IEPDReference>
			<globaljra:IEPDReference>
				<globaljra:IEPDName>APPA Institutional Discharge Summary</globaljra:IEPDName>
				<globaljra:IEPDURL>http://niem.gtri.gatech.edu/niemtools/iepdt/display/container.iepd?ref=MP28qdJ8cSw%3D</globaljra:IEPDURL>
			</globaljra:IEPDReference>
		</globaljra:IEPDReferences>
	</globaljra:ServiceDescription>
	<globaljra:VersionInformation>
		<globaljra:MajorVersion>0</globaljra:MajorVersion>
		<globaljra:MinorVersion>9</globaljra:MinorVersion>
		<globaljra:RevisionVersion>4</globaljra:RevisionVersion>
		<globaljra:CreationDate>2009-01-18</globaljra:CreationDate>
		<globaljra:LastRevisionDate>2010-01-12</globaljra:LastRevisionDate>
		<globaljra:LifecycleStatus>In Design</globaljra:LifecycleStatus>
		<globaljra:AlertsAndNotifications></globaljra:AlertsAndNotifications>
	</globaljra:VersionInformation>
    <globaljra:RelatedOrganizationInformation>
        <globaljra:Organization>
            <globaljra:OrganizationName>Bureau of Justice Assistance, Office of Justice Programs</globaljra:OrganizationName>
            <globaljra:OrganizationAcronym>BJA, OJP</globaljra:OrganizationAcronym>
            <globaljra:OrganizationFullAddressText>719 Seventh Street NW, Washington, DC 20531</globaljra:OrganizationFullAddressText>
            <globaljra:OrganizationWebSiteURL>http://www.ojp.usdoj.gov/BJA/</globaljra:OrganizationWebSiteURL>
            <globaljra:OrganizationRoleDescriptionText>Owner</globaljra:OrganizationRoleDescriptionText>
            <globaljra:OrganizationRoleDetailedDescriptionText>Owner</globaljra:OrganizationRoleDetailedDescriptionText>
            <globaljra:OrganizationPointOfContact>
                <globaljra:ContactPersonName></globaljra:ContactPersonName>
                <globaljra:ContactPersonEmailID></globaljra:ContactPersonEmailID>
                <globaljra:ContactPersonPhoneNumberID>(202) 616-6500</globaljra:ContactPersonPhoneNumberID>
                <globaljra:ContactPersonAddress>719 Seventh Street NW, Washington, DC 20531</globaljra:ContactPersonAddress>
            </globaljra:OrganizationPointOfContact>
        </globaljra:Organization>
    </globaljra:RelatedOrganizationInformation>
	<globaljra:BusinessContext>
		<globaljra:DomainDescription>
            <globaljra:DomainNameText>Fusion Centers, Corrections</globaljra:DomainNameText>
		</globaljra:DomainDescription>
		<globaljra:Classifications>
			<globaljra:Classification></globaljra:Classification>
		</globaljra:Classifications>
		<globaljra:ExchangePartnerTypes>
			<globaljra:ExchangePartnerTypeDescriptionText>Fusion Centers, Corrections</globaljra:ExchangePartnerTypeDescriptionText>
		</globaljra:ExchangePartnerTypes>
		<globaljra:Endorsements>
			<globaljra:Endorser></globaljra:Endorser>
		</globaljra:Endorsements>
		<globaljra:Sponsors>
			<globaljra:Sponsor>Bureau of Justice Assistance (BJA), Office of Justice Programs, U.S. Department of Justice (managed on behalf of BJA by SEARCH, NCSC, and the IJIS Institute)</globaljra:Sponsor>
		</globaljra:Sponsors>
	</globaljra:BusinessContext>
	<globaljra:ServiceInterface>
		<globaljra:URIDetails>
			<globaljra:URIDetail>
				<globaljra:URIAddress></globaljra:URIAddress>
				<globaljra:URIDescription></globaljra:URIDescription>
			</globaljra:URIDetail>
		</globaljra:URIDetails>
		<globaljra:ServiceActions>
			<globaljra:ServiceAction>
				<globaljra:ActionName>SendSummaryInformationRequest</globaljra:ActionName>
				<globaljra:ActionPurpose>
                    This action will be implemented by the receiving partner system and used by a fusion center system to send a request for summary information message. A summary information response will be send in response to this message.
                </globaljra:ActionPurpose>
				<globaljra:MessageExchangePattern>Request-Response</globaljra:MessageExchangePattern>
			</globaljra:ServiceAction>
            <globaljra:ServiceAction>
                <globaljra:ActionName>SendDetailedInformationRequest</globaljra:ActionName>
                <globaljra:ActionPurpose>
                    This action will be implemented by the receiving partner system and used by a fusion center system to send a request for detailed information message. A detailed information response will be send in response to this message.
                </globaljra:ActionPurpose>
                <globaljra:MessageExchangePattern>Request-Response</globaljra:MessageExchangePattern>
            </globaljra:ServiceAction>
            <globaljra:ServiceAction>
                <globaljra:ActionName>SendSummaryEventInformationRequest</globaljra:ActionName>
                <globaljra:ActionPurpose>
                    This action will be implemented by a responding partner system and used by a fusion center system to receive a summary event information message. A summary information response will be send in response to this message.
                    It is assumed that the fusion center system is subscribed to receiving notification regarding events for a specific state or zip code(s) and has received notification that information is available prior to invoking this service action.
                </globaljra:ActionPurpose>
                <globaljra:MessageExchangePattern>Publish-Subscribe</globaljra:MessageExchangePattern>
            </globaljra:ServiceAction>
            <globaljra:ServiceAction>
                <globaljra:ActionName>SendDetailedEventInformationRequest</globaljra:ActionName>
                <globaljra:ActionPurpose>
                    This action will be implemented by a responding partner system and used by a fusion center system to receive a detailed event information message. A detailed information response will be send in response to this message.
                    It is assumed that the fusion center system is subscribed to receiving notification regarding events for a specific state or zip code(s) and has received notification that information is available prior to invoking this service action.
                </globaljra:ActionPurpose>
                <globaljra:MessageExchangePattern>Publish-Subscribe</globaljra:MessageExchangePattern>
            </globaljra:ServiceAction>
            <globaljra:ServiceAction>
                <globaljra:ActionName>SubscribeSummaryEventInformation</globaljra:ActionName>
                <globaljra:ActionPurpose>
                    This action will be implemented by a responding partner system and used by a fusion center system to subscribe to receiving summary information associated with events for a particular state, zip codes(s) or ORI. An acknowledgement will be sent in response to this message.
                </globaljra:ActionPurpose>
                <globaljra:MessageExchangePattern>Publish-Subscribe</globaljra:MessageExchangePattern>
            </globaljra:ServiceAction>
            <globaljra:ServiceAction>
                <globaljra:ActionName>SubscribeDetailedEventInformation</globaljra:ActionName>
                <globaljra:ActionPurpose>
                    This action will be implemented by a responding partner system and used by a fusion center system to subscribe to receiving detailed information associated with events for a particular state, zip codes(s) or ORI. An acknowledgement will be sent in response to this message.
                </globaljra:ActionPurpose>
                <globaljra:MessageExchangePattern>Publish-Subscribe</globaljra:MessageExchangePattern>
            </globaljra:ServiceAction>
		</globaljra:ServiceActions>
		<globaljra:ServiceInteractionProfiles>
			<globaljra:ServiceInteractionProfile>
				<globaljra:SIPName>WS</globaljra:SIPName>
				<globaljra:SIPVersion>1.2</globaljra:SIPVersion>
			</globaljra:ServiceInteractionProfile>
		</globaljra:ServiceInteractionProfiles>
		<globaljra:SecurityImplementedIndicator>false</globaljra:SecurityImplementedIndicator>
		<globaljra:SecurityDescriptionText></globaljra:SecurityDescriptionText>
	</globaljra:ServiceInterface>
	<globaljra:ServiceLevelAgreements>
		<globaljra:ServicePolicyAndContracts>
			<globaljra:ApplicablePoliciesIndicator>true</globaljra:ApplicablePoliciesIndicator>
			<globaljra:ApplicablePolicies>
				<globaljra:PolicyText>CJIS Security Policy</globaljra:PolicyText>
			</globaljra:ApplicablePolicies>
			<globaljra:ApplicableContractsIndicator>false</globaljra:ApplicableContractsIndicator>
			<globaljra:ApplicableContracts>
				<globaljra:Contract>
					<globaljra:AgreementDescriptionText></globaljra:AgreementDescriptionText>
				</globaljra:Contract>
			</globaljra:ApplicableContracts>
			<globaljra:ApplicableAgreementsIndicator>false</globaljra:ApplicableAgreementsIndicator>
			<globaljra:ApplicableAgreements>
				<globaljra:Agreement>
					<globaljra:AgreementDescriptionText></globaljra:AgreementDescriptionText>
				</globaljra:Agreement>
			</globaljra:ApplicableAgreements>
			<globaljra:ApplicableUmbrellaAgreementsIndicator>false</globaljra:ApplicableUmbrellaAgreementsIndicator>
			<globaljra:ApplicableUmbrellaAgreements>
				<globaljra:UmbrellaAgreement>
					<globaljra:AgreementDescriptionText></globaljra:AgreementDescriptionText>
				</globaljra:UmbrellaAgreement>
			</globaljra:ApplicableUmbrellaAgreements>
		</globaljra:ServicePolicyAndContracts>
		<globaljra:PerformanceMetrics>
			<globaljra:PerformanceResponseDuration>P0Y0M0DT0H10M0S</globaljra:PerformanceResponseDuration>
			<globaljra:ServiceAverageThroughput></globaljra:ServiceAverageThroughput>
			<globaljra:ServiceMaximumThroughput></globaljra:ServiceMaximumThroughput>
			<globaljra:ServiceAvailability></globaljra:ServiceAvailability>
		</globaljra:PerformanceMetrics>
		<globaljra:ServiceUsageDetails>
			<globaljra:ApprovalRequired>false</globaljra:ApprovalRequired>
			<globaljra:LicensingRequired>false</globaljra:LicensingRequired>
			<globaljra:LicensingAgreement>
				<globaljra:AgreementDescriptionText></globaljra:AgreementDescriptionText>
			</globaljra:LicensingAgreement>
			<globaljra:ServiceCost>
				<globaljra:UsageCostAmount globaljra:currencyText="USD">0.0</globaljra:UsageCostAmount>
				<globaljra:UsageUnitCostAmount globaljra:currencyText="USD">0.0</globaljra:UsageUnitCostAmount>
				<globaljra:CreationCostAmount globaljra:currencyText="USD">0.0</globaljra:CreationCostAmount>
			</globaljra:ServiceCost>
		</globaljra:ServiceUsageDetails>
	</globaljra:ServiceLevelAgreements>
</globaljra:ServiceMetadata>
