<?xml version="1.0" encoding="UTF-8"?>
<doc:DispositionReporting
	xmlns:doc="http://www.ncsconline.org/reference/DispositionReporting/2.0" 
  xmlns:ext="http://www.ncsconline.org/reference/DispositionReportingExtensions/2.0"
	xmlns:ncsc="http://www.ncsconline.org/reference/NCSCCommonExtensions/2.0"

	xmlns:nc="http://niem.gov/niem/niem-core/2.0"
	xmlns:j="http://niem.gov/niem/domains/jxdm/4.0"
	xmlns:ansi-nist="http://niem.gov/niem/ansi-nist/2.0" 
	xmlns:s="http://niem.gov/niem/structures/2.0"
	xmlns:xsi="http://www.w3.org/2001/XMLSchema-instance"
	xsi:schemaLocation="http://www.ncsconline.org/reference/DispositionReporting/2.0 DispositionReporting.xsd"
>

	<nc:DocumentCategoryText>Message Action Code</nc:DocumentCategoryText>
	<nc:DocumentCreationDate>
		<nc:DateTime>2008-12-31T12:00:00-05:00</nc:DateTime>
	</nc:DocumentCreationDate>
	<nc:DocumentDescriptionText>Message Type</nc:DocumentDescriptionText>
	<nc:DocumentIdentification>
		<nc:IdentificationID>ID123456</nc:IdentificationID>
	</nc:DocumentIdentification>
	<nc:DocumentPostDate>
		<nc:DateTime>2008-12-31T12:00:00-05:00</nc:DateTime>
	</nc:DocumentPostDate>
	<nc:DocumentSubmitter>
		<ncsc:Organization>
			<nc:OrganizationLocation>
				<nc:LocationLocale>
					<nc:LocaleDistrictName>Agency Reporting Unit</nc:LocaleDistrictName>
				</nc:LocationLocale>
			</nc:OrganizationLocation>
			<nc:OrganizationUnitName>Agency Name</nc:OrganizationUnitName>
			<j:OrganizationAugmentation>
				<j:OrganizationORIIdentification>
					<nc:IdentificationID>ID123456</nc:IdentificationID>
				</j:OrganizationORIIdentification>
			</j:OrganizationAugmentation>
		</ncsc:Organization>
		<nc:EntityPerson>
			<nc:PersonOtherIdentification>
				<nc:IdentificationID>ID123456</nc:IdentificationID>
				<nc:IdentificationCategoryText>User ID</nc:IdentificationCategoryText>
			</nc:PersonOtherIdentification>
		</nc:EntityPerson>
	</nc:DocumentSubmitter>

	<!-- Subject -->
	<ncsc:Person s:id="person00">
		<ncsc:PersonAlternateName>
			<nc:PersonFullName>Some Alternate Full Name</nc:PersonFullName>
		</ncsc:PersonAlternateName>
		<nc:PersonBirthDate>
			<nc:Date>2008-12-31</nc:Date>
		</nc:PersonBirthDate>
		<nc:PersonCitizenshipText>Norwegian</nc:PersonCitizenshipText>
		<nc:PersonDigitalImage>
			<nc:BinaryBase64Object>
				0123456789ABCDEF
				0123456789ABCDEF
				0123456789ABCDEF
				0123456789ABCDEF
			</nc:BinaryBase64Object>
		</nc:PersonDigitalImage>
		<nc:PersonDigitizedSignatureImage>
			<nc:BinaryBase64Object>
				0123456789ABCDEF
				0123456789ABCDEF
				0123456789ABCDEF
				0123456789ABCDEF
			</nc:BinaryBase64Object>
		</nc:PersonDigitizedSignatureImage>
		<nc:PersonEthnicityCode>N</nc:PersonEthnicityCode>
		<nc:PersonEyeColorCode>BLU</nc:PersonEyeColorCode>
		<nc:PersonHairColorCode>BLN</nc:PersonHairColorCode>
		<nc:PersonHeightMeasure>
			<nc:MeasureText>72</nc:MeasureText>
		</nc:PersonHeightMeasure>
		<nc:PersonMilitarySummary>
			<nc:MilitaryServiceActiveIndicator>false</nc:MilitaryServiceActiveIndicator>
			<nc:MilitaryStatus>
				<nc:StatusText>Retired</nc:StatusText>
				<nc:StatusDate>
					<nc:Date>2000-12-31</nc:Date>
				</nc:StatusDate>
			</nc:MilitaryStatus>
		</nc:PersonMilitarySummary>
		<nc:PersonName>
			<nc:PersonNamePrefixText>Mr.</nc:PersonNamePrefixText>
			<nc:PersonGivenName>Justin</nc:PersonGivenName>
			<nc:PersonMiddleName>Some</nc:PersonMiddleName>
			<nc:PersonSurName>Guy</nc:PersonSurName>
			<nc:PersonNameSuffixText>III</nc:PersonNameSuffixText>
		</nc:PersonName>
		<nc:PersonOtherIdentification>
			<nc:IdentificationID>ID123456</nc:IdentificationID>
		</nc:PersonOtherIdentification>
		<nc:PersonPhysicalFeature>
			<nc:PhysicalFeatureCategoryCode>TAT FHD</nc:PhysicalFeatureCategoryCode>
			<nc:PhysicalFeatureLocationText>High on brow, under bangs.</nc:PhysicalFeatureLocationText>
		</nc:PersonPhysicalFeature>
		<nc:PersonPrimaryLanguage>
			<nc:LanguageName>English</nc:LanguageName>
		</nc:PersonPrimaryLanguage>
		<nc:PersonRaceCode>W</nc:PersonRaceCode>
		<nc:PersonSexCode>M</nc:PersonSexCode>
		<nc:PersonSkinToneCode>FAR</nc:PersonSkinToneCode>
		<nc:PersonSSNIdentification>
			<nc:IdentificationID>ID123456</nc:IdentificationID>
		</nc:PersonSSNIdentification>
		<nc:PersonStateIdentification>
			<nc:IdentificationID>ID123456</nc:IdentificationID>
		</nc:PersonStateIdentification>
		<nc:PersonWeightMeasure>
			<nc:MeasureText>200</nc:MeasureText>
		</nc:PersonWeightMeasure>
		<ncsc:PersonAugmentation>
			<nc:DriverLicense>
				<nc:DriverLicenseIdentification>
					<nc:IdentificationID>ID123456</nc:IdentificationID>
					<nc:IdentificationExpirationDate>
						<nc:Date>2008-12-31</nc:Date>
					</nc:IdentificationExpirationDate>
					<nc:IdentificationSourceText>Minnesota</nc:IdentificationSourceText>
				</nc:DriverLicenseIdentification>
			</nc:DriverLicense>
			<j:PersonAFISIdentification>
				<nc:IdentificationID>ID123456</nc:IdentificationID>
			</j:PersonAFISIdentification>
			<j:PersonFBIIdentification>
				<nc:IdentificationID>ID123456</nc:IdentificationID>
			</j:PersonFBIIdentification>
			<ncsc:InterpreterRequiredIndicator>false</ncsc:InterpreterRequiredIndicator>
			<nc:Passport>
				<nc:PassportNumberIdentification>
					<nc:IdentificationID>ID123456</nc:IdentificationID>
				</nc:PassportNumberIdentification>
				<nc:PersonCitizenshipText>United States of America</nc:PersonCitizenshipText>
			</nc:Passport>
			<ncsc:PersonNCICHeightText>600</ncsc:PersonNCICHeightText>
			<ncsc:PersonNCICWeightText>200</ncsc:PersonNCICWeightText>
			<ncsc:PersonMedicalCondition>
				<ncsc:PersonMedicalConditionTreatmentText>Diet and Exercise</ncsc:PersonMedicalConditionTreatmentText>
			</ncsc:PersonMedicalCondition>
			<ncsc:PersonDNA>
				<nc:DNAImage>
					<nc:BinaryBase64Object>
						0123456789ABCDEF
						0123456789ABCDEF
						0123456789ABCDEF
						0123456789ABCDEF
					</nc:BinaryBase64Object>
				</nc:DNAImage>
				<nc:DNALocus>
					<nc:DNALocusCategoryText>Some DNA Locus Category Text</nc:DNALocusCategoryText>
					<nc:DNALocusValue>Some DNA Locus Value</nc:DNALocusValue>
				</nc:DNALocus>
			</ncsc:PersonDNA>
			<ncsc:FingerprintSet>
				<ncsc:Fingerprint>
					<ansi-nist:FingerPositionCode>13</ansi-nist:FingerPositionCode>
					<ansi-nist:FingerPositionIndicator>false</ansi-nist:FingerPositionIndicator>
				</ncsc:Fingerprint>
			</ncsc:FingerprintSet>
			<ncsc:RetinalScan>
				<nc:BiometricImage>
					<nc:BinaryBase64Object>
						0123456789ABCDEF
						0123456789ABCDEF
						0123456789ABCDEF
						0123456789ABCDEF
					</nc:BinaryBase64Object>
				</nc:BiometricImage>
			</ncsc:RetinalScan>
		</ncsc:PersonAugmentation>
	</ncsc:Person>

	<!-- CaseProsecutionAttorney -->
	<ncsc:Person s:id="person01" />

	<!-- CourtOrderIssuingOfficial -->
	<ncsc:Person s:id="person02" />

	<!-- Subject's Alias -->
	<ncsc:Person s:id="person03" />

	<!-- Subject's Employer -->
	<ncsc:Organization s:id="org00" />

	<!-- Subject's Contact Information -->
	<nc:ContactInformation s:id="contactinfo00">
		<nc:ContactEmailID>justin@guy.net</nc:ContactEmailID>
		<nc:ContactTelephoneNumber>
			<nc:FullTelephoneNumber>
				<nc:TelephoneNumberFullID>123-456-7890</nc:TelephoneNumberFullID>
				<nc:TelephoneSuffixID>x1234</nc:TelephoneSuffixID>
			</nc:FullTelephoneNumber>
		</nc:ContactTelephoneNumber>
		<nc:ContactFaxNumber>
			<nc:FullTelephoneNumber>
				<nc:TelephoneNumberFullID>123-456-7890</nc:TelephoneNumberFullID>
				<nc:TelephoneSuffixID>x1234</nc:TelephoneSuffixID>
			</nc:FullTelephoneNumber>
		</nc:ContactFaxNumber>
	</nc:ContactInformation>

	<!-- Subject's Residence -->
	<nc:Location s:id="location00">
		<nc:LocationAddress>
			<nc:StructuredAddress>
				<nc:AddressBuildingText>The ACME Building</nc:AddressBuildingText>
				<nc:AddressSecondaryUnitText>10 Ton Weight Department</nc:AddressSecondaryUnitText>
				<nc:LocationStreet>
					<nc:StreetNumberText>1313</nc:StreetNumberText>
					<nc:StreetPredirectionalText>North</nc:StreetPredirectionalText>
					<nc:StreetName>Mockingbird Lane</nc:StreetName>
					<nc:StreetPostdirectionalText>South</nc:StreetPostdirectionalText>
				</nc:LocationStreet>
				<nc:LocationCityName>Some City Name</nc:LocationCityName>
				<nc:LocationCountyName>Some County Name</nc:LocationCountyName>
				<nc:LocationStateUSPostalServiceCode>MN</nc:LocationStateUSPostalServiceCode>
				<nc:LocationCountryName>United States</nc:LocationCountryName>
				<nc:LocationPostalCode>12345</nc:LocationPostalCode>
			</nc:StructuredAddress>
		</nc:LocationAddress>
		<nc:LocationDescriptionText>Description of the Location</nc:LocationDescriptionText>
		<nc:LocationLocale>
			<nc:LocaleDistrictName>Name of the District</nc:LocaleDistrictName>
		</nc:LocationLocale>
		<nc:LocationName>Name of the Location</nc:LocationName>
	</nc:Location>

	<j:Arrest s:id="arrest00">
		<nc:ActivityDate>
			<nc:DateTime>2008-12-31T12:00:00-05:00</nc:DateTime>
		</nc:ActivityDate>
		<j:ArrestSequenceID>
			<nc:IdentificationID>1</nc:IdentificationID>
		</j:ArrestSequenceID>
	</j:Arrest>

	<ncsc:Booking s:id="booking00">
		<nc:ActivityDate>
			<nc:DateTime>2008-12-31T12:00:00-05:00</nc:DateTime>
		</nc:ActivityDate>
		<ncsc:BookingAgency>
			<nc:OrganizationName>Agency Name</nc:OrganizationName>
			<nc:OrganizationPrimaryContactInformation>
				<nc:ContactEmailID>someone@some.org</nc:ContactEmailID>
				<nc:ContactTelephoneNumber>
					<nc:FullTelephoneNumber>
						<nc:TelephoneNumberFullID>123-456-7890</nc:TelephoneNumberFullID>
						<nc:TelephoneSuffixID>x1234</nc:TelephoneSuffixID>
					</nc:FullTelephoneNumber>
				</nc:ContactTelephoneNumber>
				<nc:ContactFaxNumber>
					<nc:FullTelephoneNumber>
						<nc:TelephoneNumberFullID>123-456-7890</nc:TelephoneNumberFullID>
						<nc:TelephoneSuffixID>x1234</nc:TelephoneSuffixID>
					</nc:FullTelephoneNumber>
				</nc:ContactFaxNumber>
			</nc:OrganizationPrimaryContactInformation>
			<j:OrganizationAugmentation>
				<j:OrganizationORIIdentification>
					<nc:IdentificationID>ID123456</nc:IdentificationID>
				</j:OrganizationORIIdentification>
			</j:OrganizationAugmentation>
		</ncsc:BookingAgency>
		<j:BookingAgencyRecordIdentification>
			<nc:IdentificationID>ID123456</nc:IdentificationID>
		</j:BookingAgencyRecordIdentification>
		<j:BookingDocumentControlIdentification>
			<nc:IdentificationID>ID123456</nc:IdentificationID>
		</j:BookingDocumentControlIdentification>
		<j:BookingReportingDistrictText>Agency Reporting Unit</j:BookingReportingDistrictText>
		<ncsc:BookingRequiredIndicator>true</ncsc:BookingRequiredIndicator>
	</ncsc:Booking>

	<ncsc:Case s:id="case00">
		<nc:CaseTitleText>Some Case Title</nc:CaseTitleText>
		<nc:CaseCategoryText>Some Category</nc:CaseCategoryText>
		<nc:CaseTrackingID>ID123456</nc:CaseTrackingID>
		<nc:CaseDocketID>ID123456</nc:CaseDocketID>
		<nc:CaseFiling>
			<nc:DocumentFiledDate>
				<nc:Date>2008-12-31</nc:Date>
			</nc:DocumentFiledDate>
		</nc:CaseFiling>
		<j:CaseAugmentation>
			<j:CaseCourt/>
			<j:CaseDefenseAttorney>
				<nc:RoleOfPersonReference s:ref="person01" />
				<j:JudicialOfficialBarMembership>
					<j:JudicialOfficialBarIdentification>
						<nc:IdentificationID>ID123456</nc:IdentificationID>
					</j:JudicialOfficialBarIdentification>
				</j:JudicialOfficialBarMembership>
				<j:JudicialOfficialRegistrationIdentification>
					<nc:IdentificationID>ID123456</nc:IdentificationID>
				</j:JudicialOfficialRegistrationIdentification>
			</j:CaseDefenseAttorney>
			<j:CaseOfficial>
				<j:CaseOfficialCaseIdentification>
					<nc:IdentificationID>ID123456</nc:IdentificationID>
				</j:CaseOfficialCaseIdentification>
			</j:CaseOfficial>
		</j:CaseAugmentation>
		<ncsc:CaseTransfer>
			<nc:ActivityDate>
				<nc:Date>2008-12-31</nc:Date>
			</nc:ActivityDate>
		</ncsc:CaseTransfer>
	</ncsc:Case>

	<ncsc:CaseCourt>
		<nc:OrganizationBranchName>Some Branch Name</nc:OrganizationBranchName>
		<nc:OrganizationIdentification>
			<nc:IdentificationID>ID123456</nc:IdentificationID>
		</nc:OrganizationIdentification>
		<nc:OrganizationLocalIdentification>
			<nc:IdentificationID>ID123456</nc:IdentificationID>
		</nc:OrganizationLocalIdentification>
		<nc:OrganizationLocation>
			<nc:LocationAddress>
				<nc:StructuredAddress>
					<nc:AddressBuildingText>The ACME Building</nc:AddressBuildingText>
					<nc:AddressSecondaryUnitText>10 Ton Weight Department</nc:AddressSecondaryUnitText>
					<nc:LocationStreet>
						<nc:StreetNumberText>1313</nc:StreetNumberText>
						<nc:StreetPredirectionalText>North</nc:StreetPredirectionalText>
						<nc:StreetName>Mockingbird Lane</nc:StreetName>
						<nc:StreetPostdirectionalText>South</nc:StreetPostdirectionalText>
					</nc:LocationStreet>
					<nc:LocationCityName>Some City Name</nc:LocationCityName>
					<nc:LocationCountyName>Some County Name</nc:LocationCountyName>
					<nc:LocationStateUSPostalServiceCode>MN</nc:LocationStateUSPostalServiceCode>
					<nc:LocationCountryName>United States</nc:LocationCountryName>
					<nc:LocationPostalCode>12345</nc:LocationPostalCode>
				</nc:StructuredAddress>
			</nc:LocationAddress>
			<nc:LocationDescriptionText>Description of the Location</nc:LocationDescriptionText>
			<nc:LocationLocale>
				<nc:LocaleDistrictName>Name of the District</nc:LocaleDistrictName>
			</nc:LocationLocale>
			<nc:LocationName>Name of the Location</nc:LocationName>
		</nc:OrganizationLocation>
		<nc:OrganizationName>Name of Organization</nc:OrganizationName>
		<nc:OrganizationPrimaryContactInformation>
			<nc:ContactEmailID>someone@some.org</nc:ContactEmailID>
			<nc:ContactTelephoneNumber>
				<nc:FullTelephoneNumber>
					<nc:TelephoneNumberFullID>123-456-7890</nc:TelephoneNumberFullID>
					<nc:TelephoneSuffixID>x1234</nc:TelephoneSuffixID>
				</nc:FullTelephoneNumber>
			</nc:ContactTelephoneNumber>
			<nc:ContactFaxNumber>
				<nc:FullTelephoneNumber>
					<nc:TelephoneNumberFullID>123-456-7890</nc:TelephoneNumberFullID>
					<nc:TelephoneSuffixID>x1234</nc:TelephoneSuffixID>
				</nc:FullTelephoneNumber>
			</nc:ContactFaxNumber>
		</nc:OrganizationPrimaryContactInformation>
		<nc:OrganizationUnitName>Some Unit Name</nc:OrganizationUnitName>
		<j:CourtName>Some Name</j:CourtName>
		<j:CourtDivisionText>Some Division</j:CourtDivisionText>
		<j:CourtCategoryCode>CRI</j:CourtCategoryCode>
		<j:OrganizationAugmentation>
			<j:OrganizationJurisdiction>
				<nc:LocationCityName>Some City Name</nc:LocationCityName>
				<nc:LocationCountryName>United States</nc:LocationCountryName>
				<nc:LocationCountyName>Some County Name</nc:LocationCountyName>
				<nc:LocationStateUSPostalServiceCode>MN</nc:LocationStateUSPostalServiceCode>
			</j:OrganizationJurisdiction>
			<j:OrganizationORIIdentification>
				<nc:IdentificationID>ID123456</nc:IdentificationID>
			</j:OrganizationORIIdentification>
		</j:OrganizationAugmentation>
	</ncsc:CaseCourt>

	<ncsc:Charge s:id="charge00">
		<j:ChargeApplicabilityText>Charge Qualifier Description</j:ChargeApplicabilityText>
		<j:ChargeDescriptionText>Charge Description</j:ChargeDescriptionText>
		<ext:ChargeDisposition>
			<nc:DispositionDate>
				<nc:Date>2008-12-31</nc:Date>
			</nc:DispositionDate>
			<nc:DispositionDescriptionText>Some Description</nc:DispositionDescriptionText>
			<nc:DispositionReasonText>Some Reason</nc:DispositionReasonText>
			<nc:DispositionCategoryText>Some Category</nc:DispositionCategoryText>
			<ext:DispositionIdentification>
				<nc:IdentificationID>ID123456</nc:IdentificationID>
			</ext:DispositionIdentification>
			<ext:RelatedDispositionIdentification>
				<nc:IdentificationID>ID123456</nc:IdentificationID>
			</ext:RelatedDispositionIdentification>
			<ext:TrialCategoryText>Some trial category</ext:TrialCategoryText>
		</ext:ChargeDisposition>
		<j:ChargeNCICCode>0999</j:ChargeNCICCode>
		<j:ChargePlea>
			<nc:ActivityDate>
				<nc:Date>2008-12-31</nc:Date>
			</nc:ActivityDate>
			<j:PleaDescriptionText>Some Description</j:PleaDescriptionText>
			<j:PleaCategoryCode>G</j:PleaCategoryCode>
		</j:ChargePlea>
		<j:ChargeSentenceRangeText>Some Range</j:ChargeSentenceRangeText>
		<j:ChargeSequenceID>
			<nc:IdentificationID>1</nc:IdentificationID>
		</j:ChargeSequenceID>
		<j:ChargeSeverityText>Some Severity Information</j:ChargeSeverityText>
		<j:ChargeStatute>
			<j:StatuteCodeIdentification>
				<nc:IdentificationID>ID123456</nc:IdentificationID>
			</j:StatuteCodeIdentification>
			<j:StatuteCodeSectionIdentification>
				<nc:IdentificationID>ID123456</nc:IdentificationID>
			</j:StatuteCodeSectionIdentification>
			<j:StatuteDescriptionText>Some Description</j:StatuteDescriptionText>
			<j:StatuteEnactmentDate>
				<nc:Date>2008-12-31</nc:Date>
			</j:StatuteEnactmentDate>
			<j:StatuteKeywordText>Some Keywords</j:StatuteKeywordText>
			<j:StatuteText>Some Statute Text</j:StatuteText>
		</j:ChargeStatute>
		<j:ChargeVerdict>
			<j:VerdictDescriptionText>Some Description</j:VerdictDescriptionText>
			<j:VerdictDispositionDate>
				<nc:Date>2008-12-31</nc:Date>
			</j:VerdictDispositionDate>
			<j:VerdictDispositionName>Some Name</j:VerdictDispositionName>
		</j:ChargeVerdict>
		<ncsc:AlternativeChargeIndicator>false</ncsc:AlternativeChargeIndicator>
		<ncsc:ChargeEnhancingFactor>
			<j:ChargeEnhancingFactorText>Some Enhancing Factor Text</j:ChargeEnhancingFactorText>
			<ncsc:ChargeStatute>
				<j:StatuteCodeIdentification>
					<nc:IdentificationID>ID123456</nc:IdentificationID>
				</j:StatuteCodeIdentification>
				<j:StatuteCodeSectionIdentification>
					<nc:IdentificationID>ID123456</nc:IdentificationID>
				</j:StatuteCodeSectionIdentification>
				<j:StatuteDescriptionText>Some Description of the Statute</j:StatuteDescriptionText>
				<j:StatuteEnactmentDate>
					<nc:Date>2008-12-31</nc:Date>
				</j:StatuteEnactmentDate>
				<j:StatuteKeywordText>Some Keywords</j:StatuteKeywordText>
				<j:StatuteText>Some Statute Text</j:StatuteText>
				<ncsc:StateStatuteMappingCodeText>Some Local Code Mapping</ncsc:StateStatuteMappingCodeText>
				<ncsc:StatuteCodeOffenseIdentification>
					<nc:IdentificationID>ID123456</nc:IdentificationID>
				</ncsc:StatuteCodeOffenseIdentification>
			</ncsc:ChargeStatute>
		</ncsc:ChargeEnhancingFactor>
		<ncsc:ChargeApplicabilityStatute>
			<j:StatuteCodeIdentification>
				<nc:IdentificationID>ID123456</nc:IdentificationID>
			</j:StatuteCodeIdentification>
			<j:StatuteCodeSectionIdentification>
				<nc:IdentificationID>ID123456</nc:IdentificationID>
			</j:StatuteCodeSectionIdentification>
			<j:StatuteDescriptionText>Some Description of the Statute</j:StatuteDescriptionText>
			<j:StatuteKeywordText>Some Keywords</j:StatuteKeywordText>
		</ncsc:ChargeApplicabilityStatute>
		<ncsc:VictimRightsOffenseIndicator>false</ncsc:VictimRightsOffenseIndicator>
		<ncsc:ChargeDismissal>
				<nc:ActivityCategoryText>Some Category</nc:ActivityCategoryText>
				<nc:ActivityDate>
					<nc:Date>2008-12-31</nc:Date>
				</nc:ActivityDate>
				<nc:ActivityDescriptionText>Some Description</nc:ActivityDescriptionText>
		</ncsc:ChargeDismissal>
		<ncsc:PenaltyStatute>
			<j:StatuteCodeIdentification>
				<nc:IdentificationID>ID123456</nc:IdentificationID>
			</j:StatuteCodeIdentification>
			<j:StatuteCodeSectionIdentification>
				<nc:IdentificationID>ID123456</nc:IdentificationID>
			</j:StatuteCodeSectionIdentification>
		</ncsc:PenaltyStatute>
		<ncsc:SpecialRequirementsStatute>
			<j:StatuteCodeIdentification>
				<nc:IdentificationID>ID123456</nc:IdentificationID>
			</j:StatuteCodeIdentification>
			<j:StatuteCodeSectionIdentification>
				<nc:IdentificationID>ID123456</nc:IdentificationID>
			</j:StatuteCodeSectionIdentification>
			<ncsc:AdvisoryNotificationText>Some notification</ncsc:AdvisoryNotificationText>
		</ncsc:SpecialRequirementsStatute>
		<ncsc:AmendmentReasonText>Some reason</ncsc:AmendmentReasonText>
		<ncsc:AmendedDispositionIndicator>true</ncsc:AmendedDispositionIndicator>
		<ncsc:LocalOffenseCodeIdentification>
			<nc:IdentificationID>ID123456</nc:IdentificationID>
			<nc:IdentificationJurisdictionText>Authority Identifier</nc:IdentificationJurisdictionText>
		</ncsc:LocalOffenseCodeIdentification>
		<j:CitationDismissalConditionIndicator>true</j:CitationDismissalConditionIndicator>
		<ncsc:ChargeIncident s:id="incident00">
			<nc:ActivityCategoryText>Some Category</nc:ActivityCategoryText>
			<nc:ActivityDate>
				<nc:Date>2008-12-31</nc:Date>
			</nc:ActivityDate>
			<nc:ActivityDateRange>
				<nc:StartDate>
					<nc:Date>2008-12-31</nc:Date>
				</nc:StartDate>
				<nc:EndDate>
					<nc:Date>2008-12-31</nc:Date>
				</nc:EndDate>
			</nc:ActivityDateRange>
			<nc:ActivityDescriptionText>Some Description</nc:ActivityDescriptionText>
			<nc:IncidentLocation>
				<nc:LocationAddress>
					<nc:StructuredAddress>
						<nc:AddressBuildingText>The ACME Building</nc:AddressBuildingText>
						<nc:AddressSecondaryUnitText>10 Ton Weight Department</nc:AddressSecondaryUnitText>
						<nc:LocationStreet>
							<nc:StreetNumberText>1313</nc:StreetNumberText>
							<nc:StreetPredirectionalText>North</nc:StreetPredirectionalText>
							<nc:StreetName>Mockingbird Lane</nc:StreetName>
							<nc:StreetPostdirectionalText>South</nc:StreetPostdirectionalText>
						</nc:LocationStreet>
						<nc:LocationCityName>Some City Name</nc:LocationCityName>
						<nc:LocationCountyName>Some County Name</nc:LocationCountyName>
						<nc:LocationStateUSPostalServiceCode>MN</nc:LocationStateUSPostalServiceCode>
						<nc:LocationCountryName>United States</nc:LocationCountryName>
						<nc:LocationPostalCode>12345</nc:LocationPostalCode>
					</nc:StructuredAddress>
				</nc:LocationAddress>
				<nc:LocationDescriptionText>Location Description</nc:LocationDescriptionText>
				<nc:LocationMapLocation>
					<nc:MapCoordinateFullText>GPS Coordinates</nc:MapCoordinateFullText>
				</nc:LocationMapLocation>
			</nc:IncidentLocation>
			<ncsc:IncidentDateDescriptionText>Offense Date Description</ncsc:IncidentDateDescriptionText>
			<ncsc:ViolationZoneCategoryText>Some category text</ncsc:ViolationZoneCategoryText>
		</ncsc:ChargeIncident>
	</ncsc:Charge>

	<ncsc:EnforcementUnit>
		<nc:OrganizationLocalIdentification>
			<nc:IdentificationID>ID123456</nc:IdentificationID>
		</nc:OrganizationLocalIdentification>
		<nc:OrganizationLocation>
			<nc:LocationLocale>
				<nc:LocaleDistrictName>Name of the District</nc:LocaleDistrictName>
			</nc:LocationLocale>
		</nc:OrganizationLocation>
		<nc:OrganizationPrimaryContactInformation>
			<nc:ContactEmailID>someone@some.org</nc:ContactEmailID>
			<nc:ContactTelephoneNumber>
				<nc:FullTelephoneNumber>
					<nc:TelephoneNumberFullID>123-456-7890</nc:TelephoneNumberFullID>
					<nc:TelephoneSuffixID>x1234</nc:TelephoneSuffixID>
				</nc:FullTelephoneNumber>
			</nc:ContactTelephoneNumber>
			<nc:ContactFaxNumber>
				<nc:FullTelephoneNumber>
					<nc:TelephoneNumberFullID>123-456-7890</nc:TelephoneNumberFullID>
					<nc:TelephoneSuffixID>x1234</nc:TelephoneSuffixID>
				</nc:FullTelephoneNumber>
			</nc:ContactFaxNumber>
		</nc:OrganizationPrimaryContactInformation>
		<j:EnforcementUnitName>Some unit name</j:EnforcementUnitName>
		<j:OrganizationAugmentation>
			<j:OrganizationORIIdentification>
				<nc:IdentificationID>ID123456</nc:IdentificationID>
			</j:OrganizationORIIdentification>
		</j:OrganizationAugmentation>
	</ncsc:EnforcementUnit>

	<nc:CommercialVehicle s:id="vehicle00">
		<nc:VehicleGrossLadenSumWeightMeasure>
			<nc:MeasureText>10.13</nc:MeasureText>
			<nc:MeasureUnitText>Tons</nc:MeasureUnitText>
		</nc:VehicleGrossLadenSumWeightMeasure>
	</nc:CommercialVehicle>

  <nc:Vehicle s:id="vehicle01">
    <nc:ItemPossessionDescriptionText>Some Description</nc:ItemPossessionDescriptionText>
    <nc:VehicleColorPrimaryCode>RED</nc:VehicleColorPrimaryCode>
    <nc:VehicleColorSecondaryCode>BLK</nc:VehicleColorSecondaryCode>
    <nc:ItemModelYearDate>1995</nc:ItemModelYearDate>
    <nc:VehicleStyleCode>4H</nc:VehicleStyleCode>
    <nc:VehicleUseCode>01</nc:VehicleUseCode>
    <nc:VehicleIdentification>
      <nc:IdentificationID>ID123456</nc:IdentificationID>
    </nc:VehicleIdentification>
    <nc:VehicleMakeCode>BMW</nc:VehicleMakeCode>
    <nc:VehicleModelCode>318</nc:VehicleModelCode>
    <nc:ItemOwnershipCategoryText>Some Kind of Ownership</nc:ItemOwnershipCategoryText>
  </nc:Vehicle>

	<nc:ConveyanceRegistration s:id="regis00">
		<nc:ConveyanceRegistrationPlateIdentification>
      <nc:IdentificationID>ID123456</nc:IdentificationID>
      <nc:IdentificationJurisdictionText>Some Jurisdiction</nc:IdentificationJurisdictionText>
		</nc:ConveyanceRegistrationPlateIdentification>
		<nc:ConveyanceRegistrationPlateCategoryCode>DD</nc:ConveyanceRegistrationPlateCategoryCode>
	</nc:ConveyanceRegistration>

<!-- Roles -->
	<j:Subject>
		<nc:RoleOfPersonReference s:ref="person00"/>
	</j:Subject>

	<j:RegisteredSexOffender>
		<nc:RoleOfPersonReference s:ref="person00" />
		<j:RegisteredOffenderEndDate>
			<nc:Date>2008-12-31</nc:Date>
		</j:RegisteredOffenderEndDate>
		<j:RegisteredOffenderStartDate>
			<nc:Date>2008-12-31</nc:Date>
		</j:RegisteredOffenderStartDate>
		<j:RegisteredOffenderStatusIndicator>true</j:RegisteredOffenderStatusIndicator>
	</j:RegisteredSexOffender>

	<ncsc:CourtOrderIssuingJudicialOfficial>
		<nc:RoleOfPersonReference s:ref="person02"/>
		<j:JudicialOfficialBarMembership>
			<j:JudicialOfficialBarIdentification>
				<nc:IdentificationID>ID123456</nc:IdentificationID>
			</j:JudicialOfficialBarIdentification>
		</j:JudicialOfficialBarMembership>
		<j:JudicialOfficialRegistrationIdentification>
			<nc:IdentificationID>ID123456</nc:IdentificationID>
		</j:JudicialOfficialRegistrationIdentification>
    <ncsc:AuthorizationBinary>
      <nc:BinaryBase64Object>
        0123456789ABCDEF
        0123456789ABCDEF
        0123456789ABCDEF
        0123456789ABCDEF
      </nc:BinaryBase64Object>
    </ncsc:AuthorizationBinary>
    <ncsc:PersonAuthorizationBlockText>Some Authorization Text</ncsc:PersonAuthorizationBlockText>
    <ncsc:RepresentationCategoryIdentification>
			<nc:IdentificationID>ID123456</nc:IdentificationID>
    </ncsc:RepresentationCategoryIdentification>
	</ncsc:CourtOrderIssuingJudicialOfficial>

<!-- Associations -->
	<!-- Subject's Employment -->
	<nc:PersonEmploymentAssociation>
		<nc:EmployeeReference s:ref="person00" />
		<nc:Employer>
			<ncsc:Organization>
				<nc:OrganizationName>Some Employer's Name</nc:OrganizationName>
			</ncsc:Organization>
		</nc:Employer>
		<nc:EmployeePositionName>Some Position Name</nc:EmployeePositionName>
	</nc:PersonEmploymentAssociation>

	<!-- CourtOrderIssuingJudicialOfficial -->
	<nc:PersonEmploymentAssociation>
		<nc:EmployeeReference s:ref="person02" />
		<nc:EmployeePositionName>Some Position Name</nc:EmployeePositionName>
	</nc:PersonEmploymentAssociation>

	<!-- Case Defense Attorney's Employment -->
	<nc:PersonEmploymentAssociation>
		<nc:EmployeeReference s:ref="person01" />
		<nc:Employer>
			<ncsc:Organization>
				<nc:OrganizationName>Some Employer's Name</nc:OrganizationName>
			</ncsc:Organization>
		</nc:Employer>
		<nc:EmployeePositionName>Some Position Name</nc:EmployeePositionName>
		<nc:EmployeeIdentification>
			<nc:IdentificationID>ID123456</nc:IdentificationID>
		</nc:EmployeeIdentification>
	</nc:PersonEmploymentAssociation>

	<nc:PersonContactInformationAssociation>
		<nc:PersonReference s:ref="person00"/>
		<nc:ContactInformationReference s:ref="contactinfo00"/>
		<nc:ContactInformationIsPrimaryIndicator>true</nc:ContactInformationIsPrimaryIndicator>
	</nc:PersonContactInformationAssociation>

	<nc:ResidenceAssociation>
		<nc:PersonReference s:ref="person00" />
		<nc:LocationReference s:ref="location00" />
	</nc:ResidenceAssociation>

	<nc:PersonLastSeenLocationAssociation>
		<nc:PersonReference s:ref="person00" />
		<nc:LocationReference s:ref="location00" />
	</nc:PersonLastSeenLocationAssociation>

	<j:ActivityArrestAssociation>
		<nc:ActivityReference s:ref="booking00" />
		<j:ArrestReference s:ref="arrest00" />
	</j:ActivityArrestAssociation>

	<ext:OperatorVehicleAssociation>
		<nc:PersonReference s:ref="person00" />
		<nc:ItemReference s:ref="vehicle00" />
	</ext:OperatorVehicleAssociation>

	<nc:ConveyanceRegistrationAssociation>
		<nc:ItemRegistrationReference s:ref="regis00" />
		<nc:ItemReference s:ref="vehicle00" />
	</nc:ConveyanceRegistrationAssociation>

	<nc:PersonAliasIdentityAssociation>
		<nc:PersonReference s:ref="person00" />
		<nc:IdentityReference s:ref="person03" />
	</nc:PersonAliasIdentityAssociation>

</doc:DispositionReporting>
