<?xml version="1.0" encoding="UTF-8"?>
<Metadata>
    <URI/>
    <Name>Disposition Reporting NIEM 2_0</Name>
    <Summary>The Disposition Reporting IEPD is a national reference model that can be adapted to meet the data requirements of states, localities, or tribes</Summary>
    <Description>Disposition Reporting is intended to update criminal history repositories and other justice partners with the final resolution of criminal charges.  Given the significant diversity of practice among the states, localities, and tribes, this IEPD is purposefully flexible.  For example, in different jurisdictions and at different procedural steps, the authoritative source of Disposition Reporting could be a law enforcement official, a prosecutor, a court, or a clerk.  Similarly, depending upon the nature of the subject (a/k/a defendant), the criminal charges, and their disposition, numerous stakeholders could be entitled to notification of the disposition.  </Description>
    <Version/>
    <URL/>
    <CreationDate>3/17/2011</CreationDate>
    <LastRevisionDate/>
    <NextRevisionDate/>
    <NIEMVersion>2.0</NIEMVersion>
    <Security>Public</Security>
    <Maturity/>
    <Status/>
    <Schedule/>
    <Lineage/>
    <Relationships/>
    <Keywords/>
    <Domain/>
    <ExchangePartners/>
    <Process/>
    <TriggeringEvent/>
    <Conditions/>
    <Endorsements/>
    <Sponsors/>
    <Purpose/>
    <MessageExchangePatterns/>
    <CommunicationsEnvironment/>
    <ExchangePartnerCategories/>
    <AuthoritativeSource>
        <Category/>
        <Organization>
            <Name>National Center for State Courts</Name>
            <Address1>300 Newport Avenue</Address1>
            <Address2/>
            <City>Williamsburg</City>
            <State>VA</State>
            <Zip>23185-4147</Zip>
            <Country/>
            <URL>www.ncsc.org</URL>
        </Organization>
        <PointOfContact>
            <Name>Diana Graski</Name>
            <Address1/>
            <Address2/>
            <City/>
            <State/>
            <Zip/>
            <Country/>
            <Phone>757-259-1831</Phone>
            <Fax/>
            <Email>dgraski@ncsc.org</Email>
        </PointOfContact>
    </AuthoritativeSource>
</Metadata>
