<?xml version="1.0" encoding="UTF-8"?>
<!-- Created with Liquid XML Studio - FREE Community Edition 7.1.4.1284 (http://www.liquid-technologies.com) -->
<globaljra:ServiceMetadata xsi:schemaLocation="http://www.it.ojp.gov/globaljra/ServiceSpecification/0.7 Metadata.xsd" xmlns:globaljra="http://www.it.ojp.gov/globaljra/ServiceSpecification/0.7" xmlns:xsi="http://www.w3.org/2001/XMLSchema-instance">
	<globaljra:ServiceIdentification>
		<globaljra:ServiceFullNameText>Arrest Warrant Information Exchange</globaljra:ServiceFullNameText>
		<globaljra:ServiceID>
		</globaljra:ServiceID>
		<globaljra:ServiceURI>
		</globaljra:ServiceURI>
		<globaljra:ServiceNameAbbreviationText>AWIE</globaljra:ServiceNameAbbreviationText>
	</globaljra:ServiceIdentification>
	<globaljra:ServiceDescription>
		<globaljra:ServicePurposeText>The Arrest Warrant Information Exchange Service was developed to automate the sharing and processing of arrest warrant information throughout the warrant lifecycle. Specifically, the service supports the initial warrant request and issuance, warrant modifications and updates, warrant recalls, serving of warrants, and querying of warrant data. Included in these processes are provisions for routing of request data, multiple review and approval steps, and notification of warrant activity to interested parties and repositories.</globaljra:ServicePurposeText>
		<globaljra:ServiceScopeDescriptionText>The scope of this service is bounded by the lifecycle of an Arrest Warrant within the criminal justice system, beginning with the initial warrant request and ending with disposal of the warrant (by service, recall, or other means.)</globaljra:ServiceScopeDescriptionText>
		<globaljra:ServiceDescriptionSummaryText>The service is designed to automate the flow of information between criminal justice lines of business to support the arrest warrant request, approval, service, and maintenance processes.</globaljra:ServiceDescriptionSummaryText>
		<globaljra:ServiceDescriptionText>
		Criminal justice entities will use this service to automate the workflows associated with the arrest warrant lifecycle.
		The service facilitates communication between law enforcement, prosecution, courts, clerks, and local, state, and national repositories.
		Specifically, the service supports the following business use cases:
			Requests for warrants made by law enforcement and prosecution to courts, with or without intermediate screening of requests.
			Notification of warrant request decisions.
			Communication of new warrants to law enforcement and repositories.
			Requests for updates to existing warrants made by law enforcement and proseuction to courts, with or without intermediate screening of requests.
			Notification of warrant update request decisions.
			Communication of warrant updates to law enforcement and repositories.
			Requests for the recall of exiting warrants made by law enforcement and prosecution to courts, with or without intermediate screening of requests.
			Notification of warrant recall request decisions.
			Communication of warrant recalls to law enforcement and repositories.
			Communication of warrant service information between arrresting agencies and warrant owners.
			Notification of warrant service to law enforcement and courts.
			Querying of repository systems for warrant information.
		</globaljra:ServiceDescriptionText>
		<globaljra:ServiceDescriptionKeywordText>Arrest Warrant, Warrant Request, Warrant Repository, Request, Review, Approve, Issue, Update, Recall, Quash, Arrest Warrant Information Exchange, Arrest Warrant Issuance, Superior, State, Municipal, District, Courts, Prosecution, Law Enforcement, Corrections, Probation, Parole</globaljra:ServiceDescriptionKeywordText>
		<globaljra:ServiceCapabilities>
			<globaljra:CapabilityDescriptionText>Receive a request for a warrant.</globaljra:CapabilityDescriptionText>
			<globaljra:CapabilityDescriptionText>Deny a request for a warrant.</globaljra:CapabilityDescriptionText>
			<globaljra:CapabilityDescriptionText>Approve a request for a warrant.</globaljra:CapabilityDescriptionText>
			<globaljra:CapabilityDescriptionText>Issue a warrant.</globaljra:CapabilityDescriptionText>
			<globaljra:CapabilityDescriptionText>Receive a request to update a warrant.</globaljra:CapabilityDescriptionText>
			<globaljra:CapabilityDescriptionText>Approve a request to update a warrant.</globaljra:CapabilityDescriptionText>
			<globaljra:CapabilityDescriptionText>Deny a request to update a warrant.</globaljra:CapabilityDescriptionText>
			<globaljra:CapabilityDescriptionText>Issue an update to a warrant.</globaljra:CapabilityDescriptionText>
			<globaljra:CapabilityDescriptionText>Receive a request to recall a warrant.</globaljra:CapabilityDescriptionText>
			<globaljra:CapabilityDescriptionText>Approve a request to recall a warrant.</globaljra:CapabilityDescriptionText>
			<globaljra:CapabilityDescriptionText>Deny a request to recall a warrant.</globaljra:CapabilityDescriptionText>
			<globaljra:CapabilityDescriptionText>Issue a warrant recall.</globaljra:CapabilityDescriptionText>
			<globaljra:CapabilityDescriptionText>Serve a warrant.</globaljra:CapabilityDescriptionText>
			<globaljra:CapabilityDescriptionText>Query a repository for warrant information.</globaljra:CapabilityDescriptionText>
		</globaljra:ServiceCapabilities>
		<globaljra:ServiceRealWorldEffects>
			<globaljra:RealWorldEffectDescriptionText>Agencies such as law enforcement can submit warrant requests, including all necessary documentation, to a screening entity or approving entity for review.</globaljra:RealWorldEffectDescriptionText>
			<globaljra:RealWorldEffectDescriptionText>Screening Entities and Approving Entities can notify Requesting Entities that a warrant request has been denied, including a reason for the denial. This notification informs the Requesting Entity of the reason for the denial and enables them to take additional actions when appropriate (further investigation, collection of additional documentation, etc.)</globaljra:RealWorldEffectDescriptionText>
			<globaljra:RealWorldEffectDescriptionText>Screening Entities and Approving Entities can notify Requesting Entities that a warrant request has been approved.</globaljra:RealWorldEffectDescriptionText>
			<globaljra:RealWorldEffectDescriptionText>Approving Entities (such as a court) can transmit warrant details to an Issuing Entity (such as a Court Clerk.) Issuing Entities can transmit warrant details to interested parties, including the entity that requested the warrant as well as the entity responsible for servicing of the warrant.  New warrants can be entered into applicable local, state, and national repositories.</globaljra:RealWorldEffectDescriptionText>
			<globaljra:RealWorldEffectDescriptionText>Entities, such as law enforcement, can submit a request for a warrant update, including all necessary documentation, to a Screening Entity or Approving Entity for review.</globaljra:RealWorldEffectDescriptionText>
			<globaljra:RealWorldEffectDescriptionText>Screening Entities and Approving Entities can notify Requesting Entities that a warrant update request has been approved.</globaljra:RealWorldEffectDescriptionText>
			<globaljra:RealWorldEffectDescriptionText>Screening Entities and Approving Entities can notify Requesting Entities that a warrant update request has been denied, including a reason for the denial. This notification informs the Requesting Entity of the reason for the denial and enables them to take additional actions when appropriate (further investigation, collection of additional documentation, etc.)</globaljra:RealWorldEffectDescriptionText>
			<globaljra:RealWorldEffectDescriptionText>Approving Entities (such as a court) can transmit warrant update details to an Issuing Entity (such as a clerk.) Issuing Entities can transmit warrant update details to interested parties, including the entity that requested the update as well as the entity responsible for servicing of the warrant. Warrants can be updated in applicable local, state, and national repositories.</globaljra:RealWorldEffectDescriptionText>
			<globaljra:RealWorldEffectDescriptionText>Entities such as law enforcement can submit a request for a warrant recall, including all necessary documentation, to a Screening Entity or Approving Entity for review.</globaljra:RealWorldEffectDescriptionText>
			<globaljra:RealWorldEffectDescriptionText>Screening Entities and Approving Entities can notify Requesting Entities that a warrant recall request has been approved.</globaljra:RealWorldEffectDescriptionText>
			<globaljra:RealWorldEffectDescriptionText>Screening Entities and Approving Entities can notify Requesting Entities that a warrant recall request has been denied, including a reason for the denial. This notification informs the Requesting Entity of the reason for the denial and enables them to take additional actions when appropriate (further investigation, collection of additional documentation, etc.)</globaljra:RealWorldEffectDescriptionText>
			<globaljra:RealWorldEffectDescriptionText>Approving Entities (such as a court) can transmit warrant recall details to an Issuing Entity (such as a clerk). Issuing Entities can transmit warrant recall details to interested parties, including the entity that requested the recall as well as the entity responsible for servicing of the warrant. Warrants can be removed from applicable local, state, and national repositories.</globaljra:RealWorldEffectDescriptionText>
			<globaljra:RealWorldEffectDescriptionText>An Arresting Entity can notify an Owning Entity that a warrant has been served, including details of the service (location and time of service, location of subject, etc.).  Owning Entities can transmit warrant service notifications to interested parties. Warrants can be marked as having been served in appropriate local, state, and national repositories.</globaljra:RealWorldEffectDescriptionText>
			<globaljra:RealWorldEffectDescriptionText>An entity can query the warrant repository.  An entity can receive a list of warrants matching a given search criteria.  An entity can receive the details of a warrant.</globaljra:RealWorldEffectDescriptionText>
		</globaljra:ServiceRealWorldEffects>
		<globaljra:SecurityClassificationText>SBU</globaljra:SecurityClassificationText>
		<globaljra:ServiceDependencies>
			<globaljra:ServiceDependency>
				<globaljra:ServiceFullNameText>
				</globaljra:ServiceFullNameText>
				<globaljra:ServiceID>
				</globaljra:ServiceID>
				<globaljra:ServiceURI>
				</globaljra:ServiceURI>
				<globaljra:ServiceNameAbbreviationText>
				</globaljra:ServiceNameAbbreviationText>
			</globaljra:ServiceDependency>
		</globaljra:ServiceDependencies>
		<globaljra:IEPDReferences>
			<globaljra:IEPDReference>
				<globaljra:IEPDName>AWIE</globaljra:IEPDName>
				<globaljra:IEPDURL>
				</globaljra:IEPDURL>
			</globaljra:IEPDReference>
		</globaljra:IEPDReferences>
	</globaljra:ServiceDescription>
	<globaljra:VersionInformation>
		<globaljra:MajorVersion>0</globaljra:MajorVersion>
		<globaljra:MinorVersion>9</globaljra:MinorVersion>
		<globaljra:RevisionVersion>6</globaljra:RevisionVersion>
		<globaljra:CreationDate>2009-12-24</globaljra:CreationDate>
		<globaljra:ActivationDate>
		</globaljra:ActivationDate>
		<globaljra:LastRevisionDate>2010-01-13</globaljra:LastRevisionDate>
		<globaljra:NextRevisionDate>
		</globaljra:NextRevisionDate>
		<globaljra:ExpirationDate>
		</globaljra:ExpirationDate>
		<globaljra:LifecycleStatus>In Design</globaljra:LifecycleStatus>
		<globaljra:AlertsAndNotifications>
		</globaljra:AlertsAndNotifications>
	</globaljra:VersionInformation>
	<globaljra:BusinessContext>
		<globaljra:DomainDescription>
			<globaljra:DomainNameText>Arrest Warrants</globaljra:DomainNameText>
			<globaljra:DomainSectorCode>
			</globaljra:DomainSectorCode>
		</globaljra:DomainDescription>
		<globaljra:Classifications>
			<globaljra:Classification>
			</globaljra:Classification>
		</globaljra:Classifications>
		<globaljra:ExchangePartnerTypes>
			<globaljra:ExchangePartnerTypeDescriptionText/>>
		</globaljra:ExchangePartnerTypes>
		<globaljra:CurrentExchangePartners>
			<globaljra:ExchangePartnerOrganization>
				<globaljra:OrganizationName>
				</globaljra:OrganizationName>
				<globaljra:OrganizationAcronym>
				</globaljra:OrganizationAcronym>
				<globaljra:OrganizationFullAddressText>
				</globaljra:OrganizationFullAddressText>
				<globaljra:OrganizationWebSiteURL>
				</globaljra:OrganizationWebSiteURL>
				<globaljra:OrganizationRoleDescriptionText>
				</globaljra:OrganizationRoleDescriptionText>
				<globaljra:OrganizationRoleDetailedDescriptionText>
				</globaljra:OrganizationRoleDetailedDescriptionText>
			</globaljra:ExchangePartnerOrganization>
		</globaljra:CurrentExchangePartners>
		<globaljra:Endorsements>
			<globaljra:Endorser>
				<globaljra:Organization>
					<globaljra:OrganizationName>
					</globaljra:OrganizationName>
					<globaljra:OrganizationAcronym>
					</globaljra:OrganizationAcronym>
					<globaljra:OrganizationFullAddressText>
					</globaljra:OrganizationFullAddressText>
					<globaljra:OrganizationWebSiteURL>
					</globaljra:OrganizationWebSiteURL>
					<globaljra:OrganizationRoleDescriptionText>
					</globaljra:OrganizationRoleDescriptionText>
					<globaljra:OrganizationRoleDetailedDescriptionText>
					</globaljra:OrganizationRoleDetailedDescriptionText>
				</globaljra:Organization>
			</globaljra:Endorser>
		</globaljra:Endorsements>
		<globaljra:Sponsors>
			<globaljra:Sponsor>
				<globaljra:Organization>
					<globaljra:OrganizationName>Bureau of Justice Assistance (BJA), Office of Justice Programs, U.S. Department of Justice (managed on behalf of BJA by SEARCH, NCSC, and the IJIS Institute)</globaljra:OrganizationName>
					<globaljra:OrganizationAcronym>BJA</globaljra:OrganizationAcronym>
					<globaljra:OrganizationFullAddressText>719 Seventh Street NW., Fourth Floor, Washington, DC 20531</globaljra:OrganizationFullAddressText>
					<globaljra:OrganizationWebSiteURL>http://www.it.ojp.gov</globaljra:OrganizationWebSiteURL>
					<globaljra:OrganizationRoleDescriptionText>Sponsor</globaljra:OrganizationRoleDescriptionText>
					<globaljra:OrganizationRoleDetailedDescriptionText>Sponsor</globaljra:OrganizationRoleDetailedDescriptionText>
				</globaljra:Organization>
			</globaljra:Sponsor>
		</globaljra:Sponsors>
	</globaljra:BusinessContext>
	<globaljra:RelatedOrganizationInformation></globaljra:RelatedOrganizationInformation>
	<globaljra:ServiceInterface>
		<globaljra:URIDetails>
			<globaljra:URIDetail>
				<globaljra:URIAddress>
				</globaljra:URIAddress>
				<globaljra:URIDescription>
				</globaljra:URIDescription>
			</globaljra:URIDetail>
		</globaljra:URIDetails>
		<globaljra:ServiceActions>
			<globaljra:ServiceAction>
				<globaljra:ActionName>SubmitWarrantRequest</globaljra:ActionName>
				<globaljra:ActionPurpose>This action will be implemented by Approving Entities to receive requests for warrants. The action is used by Requesting Entities to submit warrant requests to Approving Entities. In jurisdictions that require intermediate screening, this action will also be implemented by Screening Entities. An acknowledgement of receipt or fault message will be sent in response to this message.</globaljra:ActionPurpose>
				<globaljra:MessageExchangePattern>REQUEST-RESPONSE</globaljra:MessageExchangePattern>
			</globaljra:ServiceAction>
			<globaljra:ServiceAction>
				<globaljra:ActionName>SubmitWarrantRequestDecision</globaljra:ActionName>
				<globaljra:ActionPurpose>This action will be implemented by Requesting Entities to receive the outcome (decision) of a previously submitted warrant request. The action will be used by Screening and Approving Entities to communicate the result of a warrant request back to the requestor. An acknowledgement of receipt or fault message will be sent in response to this message.</globaljra:ActionPurpose>
				<globaljra:MessageExchangePattern>REQUEST-RESPONSE</globaljra:MessageExchangePattern>
			</globaljra:ServiceAction>
			<globaljra:ServiceAction>
				<globaljra:ActionName>SubmitWarrant</globaljra:ActionName>
				<globaljra:ActionPurpose>This action will be implemented by Issuing Entities, Owning Entities, and Repository Systems to receive the details of a warrant upon warrant approval and issuance. The action will be used by Approving Entities, Issuing Entities, Owning Entities, and the Repository System to distribute warrant information. An acknowledgement of receipt or fault message will be sent in response to this message.</globaljra:ActionPurpose>
				<globaljra:MessageExchangePattern>REQUEST-RESPONSE</globaljra:MessageExchangePattern>
			</globaljra:ServiceAction>
			<globaljra:ServiceAction>
				<globaljra:ActionName>SubmitWarrantNotification</globaljra:ActionName>
				<globaljra:ActionPurpose>This action will be implemented by Subscribing Entities to receive notification of new warrants. This action will be used by Owning Entities and Repository Systems to notify Subscribing Entities of new warrants. An acknowledgement of receipt or fault message will be sent in response to this message.</globaljra:ActionPurpose>
				<globaljra:MessageExchangePattern>REQUEST-RESPONSE</globaljra:MessageExchangePattern>
			</globaljra:ServiceAction>
			<globaljra:ServiceAction>
				<globaljra:ActionName>SubmitWarrantUpdateRequest</globaljra:ActionName>
				<globaljra:ActionPurpose>This action will be implemented by Approving Entities to receive requests for warrant updates. The action is used by Owning Entities to submit warrant update requests to Approving Entities. In jurisdictions that require intermediate screening, this action will also be implemented by Screening Entities. An acknowledgement of receipt or fault message will be sent in response to this message.</globaljra:ActionPurpose>
				<globaljra:MessageExchangePattern>REQUEST-RESPONSE</globaljra:MessageExchangePattern>
			</globaljra:ServiceAction>
			<globaljra:ServiceAction>
				<globaljra:ActionName>SubmitWarrantUpdateRequestDecision</globaljra:ActionName>
				<globaljra:ActionPurpose>This action will be implemented by Owning Entities to receive the outcome (decision) of a previously submitted warrant update request. The action will be used by Screening and Approving Entities to communicate the result of a warrant update request back to the requestor. An acknowledgement of receipt or fault message will be sent in response to this message.</globaljra:ActionPurpose>
				<globaljra:MessageExchangePattern>REQUEST-RESPONSE</globaljra:MessageExchangePattern>
			</globaljra:ServiceAction>
			<globaljra:ServiceAction>
				<globaljra:ActionName>SubmitWarrantUpdate</globaljra:ActionName>
				<globaljra:ActionPurpose>This action will be implemented by Issuing Entities, Owning Entities, and Repository Systems to receive the details of a warrant update upon approval and issuance. The action will be used by Approving Entities, Issuing Entities, Owning Entities, and the Repository System to distribute warrant update information. An acknowledgement of receipt or fault message will be sent in response to this message.</globaljra:ActionPurpose>
				<globaljra:MessageExchangePattern>REQUEST-RESPONSE</globaljra:MessageExchangePattern>
			</globaljra:ServiceAction>
			<globaljra:ServiceAction>
				<globaljra:ActionName>SubmitWarrantUpdateNotification</globaljra:ActionName>
				<globaljra:ActionPurpose>This action will be implemented by Subscribing Entities to receive notification of warrant updates. This action will be used by Owning Entities and Repository Systems to notify Subscribing Entities of warrant updates. An acknowledgement of receipt or fault message will be sent in response to this message.</globaljra:ActionPurpose>
				<globaljra:MessageExchangePattern>REQUEST-RESPONSE</globaljra:MessageExchangePattern>
			</globaljra:ServiceAction>
			<globaljra:ServiceAction>
				<globaljra:ActionName>SubmitWarrantRecallRequest</globaljra:ActionName>
				<globaljra:ActionPurpose>This action will be implemented by Approving Entities to receive requests for warrant recalls. The action is used by Requesting Entities to submit warrant recall requests to Approving Entities. In jurisdictions that require intermediate screening, this action will also be implemented by Screening Entities. An acknowledgement of receipt or fault message will be sent in response to this message.</globaljra:ActionPurpose>
				<globaljra:MessageExchangePattern>REQUEST-RESPONSE</globaljra:MessageExchangePattern>
			</globaljra:ServiceAction>
			<globaljra:ServiceAction>
				<globaljra:ActionName>SubmitWarrantRecallRequestDecision</globaljra:ActionName>
				<globaljra:ActionPurpose>This action will be implemented by Requesting Entities to receive the outcome (decision) of a previously submitted warrant recall request. The action will be used by Screening and Approving Entities to communicate the result of a warrant recall request back to the requestor. An acknowledgement of receipt or fault message will be sent in response to this message.</globaljra:ActionPurpose>
				<globaljra:MessageExchangePattern>REQUEST-RESPONSE</globaljra:MessageExchangePattern>
			</globaljra:ServiceAction>
			<globaljra:ServiceAction>
				<globaljra:ActionName>SubmitWarrantRecall</globaljra:ActionName>
				<globaljra:ActionPurpose>This action will be implemented by Issuing Entities, Owning Entities, and Repository Systems to receive the details of a warrant recall upon recall approval and issuance. The action will be used by Approving Entities, Issuing Entities, Owning Entities, and the Repository System to distribute warrant recall information. An acknowledgement of receipt or fault message will be sent in response to this message.</globaljra:ActionPurpose>
				<globaljra:MessageExchangePattern>REQUEST-RESPONSE</globaljra:MessageExchangePattern>
			</globaljra:ServiceAction>
			<globaljra:ServiceAction>
				<globaljra:ActionName>SubmitWarrantRecallNotification</globaljra:ActionName>
				<globaljra:ActionPurpose>This action will be implemented by Subscribing Entities to receive notification of recalled warrants. This action will be used by Owning Entities and Repository Systems to notify Subscribing Entities of warrant recalls. An acknowledgement of receipt or fault message will be sent in response to this message.</globaljra:ActionPurpose>
				<globaljra:MessageExchangePattern>REQUEST-RESPONSE</globaljra:MessageExchangePattern>
			</globaljra:ServiceAction>
			<globaljra:ServiceAction>
				<globaljra:ActionName>SubmitWarrantServed</globaljra:ActionName>
				<globaljra:ActionPurpose>This action will be implemented by Owning Entities and Repository Systems to receive the details of warrant service. This action will be used by Arresting Entities to communicate warrant service details to Owning Entities. Additionally, Owning Entities will use this action to communicate warrant service details to Repository Systems. An acknowledgement of receipt or fault message will be sent in response to this message.</globaljra:ActionPurpose>
				<globaljra:MessageExchangePattern>REQUEST-RESPONSE</globaljra:MessageExchangePattern>
			</globaljra:ServiceAction>
			<globaljra:ServiceAction>
				<globaljra:ActionName>SubmitWarrantServedNotification</globaljra:ActionName>
				<globaljra:ActionPurpose>This action will be implemented by Issuing Entities and Subscribing Entities to receive notification that a warrant has been served. This action will be used by Owning Entities to notify Issuing Entities and Subscribing Entities of warrant service. An acknowledgement of receipt or fault message will be sent in response to this message.</globaljra:ActionPurpose>
				<globaljra:MessageExchangePattern>REQUEST-RESPONSE</globaljra:MessageExchangePattern>
			</globaljra:ServiceAction>
			<globaljra:ServiceAction>
				<globaljra:ActionName>QueryWarrantDetail</globaljra:ActionName>
				<globaljra:ActionPurpose>This action will be implemented by Repository Systems to receive warrant detail query requests. This action will be used by an entity that wishes to query the warrant repository. The results of the query or a fault message will be sent in response to this message.</globaljra:ActionPurpose>
				<globaljra:MessageExchangePattern>REQUEST-RESPONSE</globaljra:MessageExchangePattern>
			</globaljra:ServiceAction>
			<globaljra:ServiceAction>
				<globaljra:ActionName>QueryWarrantSummary</globaljra:ActionName>
				<globaljra:ActionPurpose>This action will be implemented by Repository Systems to receive warrant summary query requests. This action will be used by an entity that wishes to query the warrant repository. The results of the query or a fault message will be sent in response to this message.</globaljra:ActionPurpose>
				<globaljra:MessageExchangePattern>REQUEST-RESPONSE</globaljra:MessageExchangePattern>
			</globaljra:ServiceAction>
		</globaljra:ServiceActions>
		<globaljra:ServiceInteractionProfiles>
			<globaljra:ServiceInteractionProfile>
				<globaljra:SIPName>WS</globaljra:SIPName>
				<globaljra:SIPVersion>1.1</globaljra:SIPVersion>
				<globaljra:SecurityImplementedIndicator>true</globaljra:SecurityImplementedIndicator>
				<globaljra:SecurityDescriptionText>GFIPM</globaljra:SecurityDescriptionText>
			</globaljra:ServiceInteractionProfile>
		</globaljra:ServiceInteractionProfiles>
	</globaljra:ServiceInterface>
	<globaljra:ServiceImplementations>
		<globaljra:ServiceImplementation>
			<globaljra:ServiceImplementationCategoryText>
			</globaljra:ServiceImplementationCategoryText>
			<globaljra:WebService>
				<globaljra:WS-Profile />
				<globaljra:WS-OperationsTypes>
					<globaljra:SOAP-WSDL-1.1-OperationType>Request-response</globaljra:SOAP-WSDL-1.1-OperationType>
					<globaljra:SOAP-WSDL-2.0-OperationType>
					</globaljra:SOAP-WSDL-2.0-OperationType>
				</globaljra:WS-OperationsTypes>
				<globaljra:WS-OperationsStyles>
					<globaljra:SOAP-WSDL-1.1-OperationStyle>
					</globaljra:SOAP-WSDL-1.1-OperationStyle>
					<globaljra:SOAP-WSDL-2.0-OperationStyle>
					</globaljra:SOAP-WSDL-2.0-OperationStyle>
				</globaljra:WS-OperationsStyles>
			</globaljra:WebService>
		</globaljra:ServiceImplementation>
	</globaljra:ServiceImplementations>
	<globaljra:Metrics>
		<globaljra:PerformanceResponseDuration>P1Y2M3DT10H30M0S</globaljra:PerformanceResponseDuration>
		<globaljra:ApplicablePoliciesIndicator>true</globaljra:ApplicablePoliciesIndicator>
		<globaljra:ApplicablePolicies>
			<globaljra:PolicyText>CJIS Security Policy</globaljra:PolicyText>
		</globaljra:ApplicablePolicies>
		<globaljra:ApplicableContractsIndicator>false</globaljra:ApplicableContractsIndicator>
		<globaljra:ApplicableContracts>
			<globaljra:Contract>
				<globaljra:AgreementDescriptionText>
				</globaljra:AgreementDescriptionText>
			</globaljra:Contract>
		</globaljra:ApplicableContracts>
		<globaljra:ApplicableAgreementsIndicator>false</globaljra:ApplicableAgreementsIndicator>
		<globaljra:ApplicableAgreements>
			<globaljra:Agreement>
				<globaljra:AgreementDescriptionText>
				</globaljra:AgreementDescriptionText>
			</globaljra:Agreement>
		</globaljra:ApplicableAgreements>
		<globaljra:ApplicableUmbrellaAgreementsIndicator>false</globaljra:ApplicableUmbrellaAgreementsIndicator>
		<globaljra:ApplicableUmbrellaAgreements>
			<globaljra:UmbrellaAgreement>
				<globaljra:AgreementDescriptionText>
				</globaljra:AgreementDescriptionText>
			</globaljra:UmbrellaAgreement>
		</globaljra:ApplicableUmbrellaAgreements>
		<globaljra:ApprovalRequired>false</globaljra:ApprovalRequired>
		<globaljra:LicensingRequired>false</globaljra:LicensingRequired>
		<globaljra:LicensingAgreement>
			<globaljra:AgreementDescriptionText>
			</globaljra:AgreementDescriptionText>
		</globaljra:LicensingAgreement>
		<globaljra:ServiceCost>
			<globaljra:UsageCostAmount globaljra:currencyText="USD">0.0</globaljra:UsageCostAmount>
			<globaljra:UsageUnitCostAmount globaljra:currencyText="USD">0.0</globaljra:UsageUnitCostAmount>
			<globaljra:CreationCostAmount globaljra:currencyText="USD">0.0</globaljra:CreationCostAmount>
		</globaljra:ServiceCost>
	</globaljra:Metrics>
</globaljra:ServiceMetadata>