<?xml version="1.0" encoding="UTF-8"?>
<aidiRM:ResponseMessage xsi:schemaLocation="http://it.ojp.gov/GlobalJRA/FusionCenter/AIDI/1.2/ResponseMessage ..\schema\exchange\ResponseMessageSchema.xsd" xmlns:aidi="http://it.ojp.gov/GlobalJRA/FusionCenter/AIDI/1.2/AIDIExtension" xmlns:aidiresponse-ext="http://it.ojp.gov/GlobalJRA/FusionCenter/AIDI/1.2/Repsonse/Extension" xmlns:aidiRM="http://it.ojp.gov/GlobalJRA/FusionCenter/AIDI/1.2/ResponseMessage" xmlns:nc="http://niem.gov/niem/niem-core/2.0" xmlns:xsi="http://www.w3.org/2001/XMLSchema-instance">
	<nc:DocumentCreationDate>
		<nc:Date>1967-08-13</nc:Date>
	</nc:DocumentCreationDate>
	<nc:DocumentIdentification>
		<nc:IdentificationID>String</nc:IdentificationID>
		<nc:IdentificationCategoryDescriptionText>String</nc:IdentificationCategoryDescriptionText>
		<nc:IdentificationSourceText>String</nc:IdentificationSourceText>
	</nc:DocumentIdentification>
	<aidi:MessageType>DetailedInformationMessage</aidi:MessageType>
	<aidiresponse-ext:ResultCode>Acknowledgement</aidiresponse-ext:ResultCode>
</aidiRM:ResponseMessage>
