<?xml version="1.0" encoding="UTF-8"?>
<aidiNM:NotificationMessage xsi:schemaLocation="http://it.ojp.gov/GlobalJRA/FusionCenter/AIDI/1.2/NotificationMessage ..\schema\exchange\NotificationMessageSchema.xsd" xmlns:aidiNM="http://it.ojp.gov/GlobalJRA/FusionCenter/AIDI/1.2/NotificationMessage" xmlns:nc="http://niem.gov/niem/niem-core/2.0" xmlns:xsi="http://www.w3.org/2001/XMLSchema-instance">
	<nc:DocumentCreationDate>
		<nc:Date>1967-08-13</nc:Date>
	</nc:DocumentCreationDate>
	<nc:DocumentIdentification>
		<nc:IdentificationID>String</nc:IdentificationID>
		<nc:IdentificationCategoryDescriptionText>String</nc:IdentificationCategoryDescriptionText>
		<nc:IdentificationSourceText>String</nc:IdentificationSourceText>
	</nc:DocumentIdentification>
	<nc:LocationStateName>String</nc:LocationStateName>
	<nc:LocationPostalCode>String</nc:LocationPostalCode>
</aidiNM:NotificationMessage>
