<?xml version="1.0" encoding="UTF-8"?>
<aidiRM:ResponseMessage xsi:schemaLocation="http://it.ojp.gov/GlobalJRA/FusionCenter/AIDI/1.2/ResponseMessage ..\schema\exchange\ResponseMessageSchema.xsd" xmlns:aidi="http://it.ojp.gov/GlobalJRA/FusionCenter/AIDI/1.2/AIDIExtension" xmlns:aidiresponse-ext="http://it.ojp.gov/GlobalJRA/FusionCenter/AIDI/1.2/Repsonse/Extension" xmlns:aidiRM="http://it.ojp.gov/GlobalJRA/FusionCenter/AIDI/1.2/ResponseMessage" xmlns:xsi="http://www.w3.org/2001/XMLSchema-instance">
	<aidi:MessageType>DetailedInformationMessage</aidi:MessageType>
	<aidiresponse-ext:ResultCode>Error</aidiresponse-ext:ResultCode>
	<aidiresponse-ext:AdvisoryText>String</aidiresponse-ext:AdvisoryText>
	<aidiresponse-ext:AdvisoryCategory>NetworkFailure</aidiresponse-ext:AdvisoryCategory>	
</aidiRM:ResponseMessage>
