<?xml version="1.0" encoding="UTF-8"?>
<aidiDIM:DetailedInformationMessage xsi:schemaLocation="http://it.ojp.gov/GlobalJRA/FusionCenter/AIDI/1.2/DetailedInformationMessage ..\schema\exchange\DetailedInformationMessageSchema.xsd" xmlns:appa="http://appa.org/NIEM/2.0/InstitutionalDischargeSummary/Extension" xmlns:aidi="http://it.ojp.gov/GlobalJRA/FusionCenter/AIDI/1.2/AIDIExtension" xmlns:aidiDIM="http://it.ojp.gov/GlobalJRA/FusionCenter/AIDI/1.2/DetailedInformationMessage" xmlns:im="http://niem.gov/niem/domains/immigration/2.0" xmlns:j="http://niem.gov/niem/domains/jxdm/4.0" xmlns:nc="http://niem.gov/niem/niem-core/2.0" xmlns:xsi="http://www.w3.org/2001/XMLSchema-instance">
	<nc:DocumentCreationDate>
		<nc:Date>1967-08-13</nc:Date>
	</nc:DocumentCreationDate>
	<nc:DocumentIdentification>
		<nc:IdentificationID>String</nc:IdentificationID>
		<nc:IdentificationCategoryDescriptionText>String</nc:IdentificationCategoryDescriptionText>
		<nc:IdentificationSourceText>String</nc:IdentificationSourceText>
	</nc:DocumentIdentification>
	<appa:SubjectDischargeSummaryAssociation>
		<j:SubjectReference/>
		<appa:DischargeSummaryReference/>
	</appa:SubjectDischargeSummaryAssociation>
	<j:Subject>
		<j:SubjectIdentification>
			<nc:IdentificationID>String</nc:IdentificationID>
			<nc:IdentificationCategoryDescriptionText>String</nc:IdentificationCategoryDescriptionText>
			<nc:IdentificationSourceText>String</nc:IdentificationSourceText>
		</j:SubjectIdentification>
		<j:SubjectSupervision>
			<nc:SupervisionCurrentIndicator>true</nc:SupervisionCurrentIndicator>
			<aidi:SupervisionPerson>
				<nc:PersonAgeMeasure/>
				<nc:PersonBirthDate>
					<nc:Date>1967-08-13</nc:Date>
				</nc:PersonBirthDate>
				<nc:PersonBirthLocation>
					<nc:LocationAddress>
						<nc:AddressFullText>String</nc:AddressFullText>
					</nc:LocationAddress>
				</nc:PersonBirthLocation>
				<nc:PersonDigitalImage>
					<nc:BinaryID>String</nc:BinaryID>
					<nc:BinaryBase64Object>UjBsR09EbGhjZ0dTQUxNQUFBUUNBRU1tQ1p0dU1GUXhEUzhi</nc:BinaryBase64Object>
					<nc:BinaryDescriptionText>String</nc:BinaryDescriptionText>
				</nc:PersonDigitalImage>
				<nc:PersonEthnicityText>String</nc:PersonEthnicityText>
				<nc:PersonHeightMeasure/>
				<aidi:PersonName>
					<nc:PersonGivenName>String</nc:PersonGivenName>
					<nc:PersonMiddleName>String</nc:PersonMiddleName>
					<nc:PersonSurName>String</nc:PersonSurName>
					<nc:PersonMaidenName>String</nc:PersonMaidenName>
					<nc:PersonFullName>String</nc:PersonFullName>
					<aidi:SoundexFlag>true</aidi:SoundexFlag>
				</aidi:PersonName>
				<nc:PersonOtherIdentification>
					<nc:IdentificationID>String</nc:IdentificationID>
					<nc:IdentificationCategoryDescriptionText>String</nc:IdentificationCategoryDescriptionText>
					<nc:IdentificationSourceText>String</nc:IdentificationSourceText>
				</nc:PersonOtherIdentification>
				<nc:PersonPassportIdentification>
					<nc:IdentificationID>String</nc:IdentificationID>
					<nc:IdentificationCategoryDescriptionText>String</nc:IdentificationCategoryDescriptionText>
					<nc:IdentificationSourceText>String</nc:IdentificationSourceText>
				</nc:PersonPassportIdentification>
				<nc:PersonPhysicalFeature>
					<nc:PhysicalFeatureGeneralCategoryText>String</nc:PhysicalFeatureGeneralCategoryText>
					<nc:PhysicalFeatureImage>
						<nc:BinaryID>String</nc:BinaryID>
						<nc:BinaryBase64Object>UjBsR09EbGhjZ0dTQUxNQUFBUUNBRU1tQ1p0dU1GUXhEUzhi</nc:BinaryBase64Object>
						<nc:BinaryDescriptionText>String</nc:BinaryDescriptionText>
					</nc:PhysicalFeatureImage>
					<nc:PhysicalFeatureLocationText>String</nc:PhysicalFeatureLocationText>
				</nc:PersonPhysicalFeature>
				<nc:PersonPrimaryLanguage/>
				<nc:PersonRaceText>String</nc:PersonRaceText>
				<nc:PersonSSNIdentification>
					<nc:IdentificationID>String</nc:IdentificationID>
					<nc:IdentificationCategoryDescriptionText>String</nc:IdentificationCategoryDescriptionText>
					<nc:IdentificationSourceText>String</nc:IdentificationSourceText>
				</nc:PersonSSNIdentification>
				<nc:PersonStateIdentification>
					<nc:IdentificationID>String</nc:IdentificationID>
					<nc:IdentificationCategoryDescriptionText>String</nc:IdentificationCategoryDescriptionText>
					<nc:IdentificationSourceText>String</nc:IdentificationSourceText>
				</nc:PersonStateIdentification>
				<nc:PersonUSCitizenIndicator>true</nc:PersonUSCitizenIndicator>
				<nc:PersonWeightMeasure/>
				<j:PersonAugmentation>
					<nc:DriverLicense>
						<nc:DriverLicenseIdentification>
							<nc:IdentificationID>String</nc:IdentificationID>
							<nc:IdentificationCategoryDescriptionText>String</nc:IdentificationCategoryDescriptionText>
							<nc:IdentificationSourceText>String</nc:IdentificationSourceText>
						</nc:DriverLicenseIdentification>
					</nc:DriverLicense>
					<j:PersonFBIIdentification>
						<nc:IdentificationID>String</nc:IdentificationID>
						<nc:IdentificationCategoryDescriptionText>String</nc:IdentificationCategoryDescriptionText>
						<nc:IdentificationSourceText>String</nc:IdentificationSourceText>
					</j:PersonFBIIdentification>
				</j:PersonAugmentation>
			</aidi:SupervisionPerson>
			<nc:SupervisionSupervisor>
				<nc:EntityOrganization>
					<nc:OrganizationLocation>
						<nc:LocationAddress>
							<nc:AddressFullText>String</nc:AddressFullText>
						</nc:LocationAddress>
					</nc:OrganizationLocation>
					<nc:OrganizationName>String</nc:OrganizationName>
					<nc:OrganizationPrimaryContactInformation>
						<nc:ContactTelephoneNumber>
							<nc:FullTelephoneNumber>
								<nc:TelephoneNumberFullID>String</nc:TelephoneNumberFullID>
							</nc:FullTelephoneNumber>
						</nc:ContactTelephoneNumber>
					</nc:OrganizationPrimaryContactInformation>
				</nc:EntityOrganization>
			</nc:SupervisionSupervisor>
		</j:SubjectSupervision>
	</j:Subject>
	<appa:DischargeSummary>
		<appa:Education>
			<nc:PersonEducationLevelText>String</nc:PersonEducationLevelText>
			<appa:PersonEducationAssessment>
				<nc:ActivityDateRange>
					<nc:StartDate>
						<nc:Date>1967-08-13</nc:Date>
					</nc:StartDate>
					<nc:EndDate>
						<nc:Date>1967-08-13</nc:Date>
					</nc:EndDate>
				</nc:ActivityDateRange>
				<nc:ActivityDescriptionText>String</nc:ActivityDescriptionText>
				<nc:ActivityName>String</nc:ActivityName>
				<nc:ActivityStatus>
					<nc:StatusText>String</nc:StatusText>
					<nc:StatusDate>
						<nc:Date>1967-08-13</nc:Date>
					</nc:StatusDate>
					<nc:StatusDescriptionText>String</nc:StatusDescriptionText>
				</nc:ActivityStatus>
				<nc:ActivityReasonText>String</nc:ActivityReasonText>
				<nc:ActivityDisposition>
					<nc:DispositionEntity>
						<nc:EntityOrganization>
							<nc:OrganizationLocation>
								<nc:LocationAddress>
									<nc:AddressFullText>String</nc:AddressFullText>
								</nc:LocationAddress>
							</nc:OrganizationLocation>
							<nc:OrganizationName>String</nc:OrganizationName>
							<nc:OrganizationPrimaryContactInformation>
								<nc:ContactTelephoneNumber>
									<nc:FullTelephoneNumber>
										<nc:TelephoneNumberFullID>String</nc:TelephoneNumberFullID>
									</nc:FullTelephoneNumber>
								</nc:ContactTelephoneNumber>
							</nc:OrganizationPrimaryContactInformation>
						</nc:EntityOrganization>
					</nc:DispositionEntity>
					<nc:DispositionDate>
						<nc:Date>1967-08-13</nc:Date>
					</nc:DispositionDate>
					<nc:DispositionDescriptionText>String</nc:DispositionDescriptionText>
					<nc:DispositionReasonText>String</nc:DispositionReasonText>
					<nc:DispositionText>String</nc:DispositionText>
				</nc:ActivityDisposition>
				<nc:AssessmentScoreText>String</nc:AssessmentScoreText>
				<nc:AssessmentRecommendationText>String</nc:AssessmentRecommendationText>
				<nc:AssessmentProgram>
					<nc:ActivityDateRange>
						<nc:StartDate>
							<nc:Date>1967-08-13</nc:Date>
						</nc:StartDate>
						<nc:EndDate>
							<nc:Date>1967-08-13</nc:Date>
						</nc:EndDate>
					</nc:ActivityDateRange>
					<nc:ActivityDescriptionText>String</nc:ActivityDescriptionText>
					<nc:ActivityName>String</nc:ActivityName>
					<nc:ActivityStatus>
						<nc:StatusText>String</nc:StatusText>
						<nc:StatusDate>
							<nc:Date>1967-08-13</nc:Date>
						</nc:StatusDate>
						<nc:StatusDescriptionText>String</nc:StatusDescriptionText>
					</nc:ActivityStatus>
					<nc:ActivityReasonText>String</nc:ActivityReasonText>
					<nc:ActivityDisposition>
						<nc:DispositionEntity>
							<nc:EntityOrganization>
								<nc:OrganizationLocation>
									<nc:LocationAddress>
										<nc:AddressFullText>String</nc:AddressFullText>
									</nc:LocationAddress>
								</nc:OrganizationLocation>
								<nc:OrganizationName>String</nc:OrganizationName>
								<nc:OrganizationPrimaryContactInformation>
									<nc:ContactTelephoneNumber>
										<nc:FullTelephoneNumber>
											<nc:TelephoneNumberFullID>String</nc:TelephoneNumberFullID>
										</nc:FullTelephoneNumber>
									</nc:ContactTelephoneNumber>
								</nc:OrganizationPrimaryContactInformation>
							</nc:EntityOrganization>
						</nc:DispositionEntity>
						<nc:DispositionDate>
							<nc:Date>1967-08-13</nc:Date>
						</nc:DispositionDate>
						<nc:DispositionDescriptionText>String</nc:DispositionDescriptionText>
						<nc:DispositionReasonText>String</nc:DispositionReasonText>
						<nc:DispositionText>String</nc:DispositionText>
					</nc:ActivityDisposition>
					<nc:ProgramFacility>
						<nc:FacilityName>String</nc:FacilityName>
						<nc:FacilityLocation>
							<nc:LocationAddress>
								<nc:AddressFullText>String</nc:AddressFullText>
							</nc:LocationAddress>
						</nc:FacilityLocation>
						<nc:FacilityContactInformation>
							<nc:ContactTelephoneNumber>
								<nc:FullTelephoneNumber>
									<nc:TelephoneNumberFullID>String</nc:TelephoneNumberFullID>
								</nc:FullTelephoneNumber>
							</nc:ContactTelephoneNumber>
						</nc:FacilityContactInformation>
					</nc:ProgramFacility>
					<nc:ProgramAdministrator>
						<nc:EntityOrganization>
							<nc:OrganizationLocation>
								<nc:LocationAddress>
									<nc:AddressFullText>String</nc:AddressFullText>
								</nc:LocationAddress>
							</nc:OrganizationLocation>
							<nc:OrganizationName>String</nc:OrganizationName>
							<nc:OrganizationPrimaryContactInformation>
								<nc:ContactTelephoneNumber>
									<nc:FullTelephoneNumber>
										<nc:TelephoneNumberFullID>String</nc:TelephoneNumberFullID>
									</nc:FullTelephoneNumber>
								</nc:ContactTelephoneNumber>
							</nc:OrganizationPrimaryContactInformation>
						</nc:EntityOrganization>
					</nc:ProgramAdministrator>
				</nc:AssessmentProgram>
			</appa:PersonEducationAssessment>
			<appa:PersonSkillsDescriptionText>String</appa:PersonSkillsDescriptionText>
			<appa:PersonCertificateDescriptionText>String</appa:PersonCertificateDescriptionText>
			<appa:PersonCurrentProgramEnrolement>
				<nc:ActivityDateRange>
					<nc:StartDate>
						<nc:Date>1967-08-13</nc:Date>
					</nc:StartDate>
					<nc:EndDate>
						<nc:Date>1967-08-13</nc:Date>
					</nc:EndDate>
				</nc:ActivityDateRange>
				<nc:ActivityDescriptionText>String</nc:ActivityDescriptionText>
				<nc:ActivityName>String</nc:ActivityName>
				<nc:ActivityStatus>
					<nc:StatusText>String</nc:StatusText>
					<nc:StatusDate>
						<nc:Date>1967-08-13</nc:Date>
					</nc:StatusDate>
					<nc:StatusDescriptionText>String</nc:StatusDescriptionText>
				</nc:ActivityStatus>
				<nc:ActivityReasonText>String</nc:ActivityReasonText>
				<nc:ActivityDisposition>
					<nc:DispositionEntity>
						<nc:EntityOrganization>
							<nc:OrganizationLocation>
								<nc:LocationAddress>
									<nc:AddressFullText>String</nc:AddressFullText>
								</nc:LocationAddress>
							</nc:OrganizationLocation>
							<nc:OrganizationName>String</nc:OrganizationName>
							<nc:OrganizationPrimaryContactInformation>
								<nc:ContactTelephoneNumber>
									<nc:FullTelephoneNumber>
										<nc:TelephoneNumberFullID>String</nc:TelephoneNumberFullID>
									</nc:FullTelephoneNumber>
								</nc:ContactTelephoneNumber>
							</nc:OrganizationPrimaryContactInformation>
						</nc:EntityOrganization>
					</nc:DispositionEntity>
					<nc:DispositionDate>
						<nc:Date>1967-08-13</nc:Date>
					</nc:DispositionDate>
					<nc:DispositionDescriptionText>String</nc:DispositionDescriptionText>
					<nc:DispositionReasonText>String</nc:DispositionReasonText>
					<nc:DispositionText>String</nc:DispositionText>
				</nc:ActivityDisposition>
				<nc:ProgramFacility>
					<nc:FacilityName>String</nc:FacilityName>
					<nc:FacilityLocation>
						<nc:LocationAddress>
							<nc:AddressFullText>String</nc:AddressFullText>
						</nc:LocationAddress>
					</nc:FacilityLocation>
					<nc:FacilityContactInformation>
						<nc:ContactTelephoneNumber>
							<nc:FullTelephoneNumber>
								<nc:TelephoneNumberFullID>String</nc:TelephoneNumberFullID>
							</nc:FullTelephoneNumber>
						</nc:ContactTelephoneNumber>
					</nc:FacilityContactInformation>
				</nc:ProgramFacility>
				<nc:ProgramAdministrator>
					<nc:EntityOrganization>
						<nc:OrganizationLocation>
							<nc:LocationAddress>
								<nc:AddressFullText>String</nc:AddressFullText>
							</nc:LocationAddress>
						</nc:OrganizationLocation>
						<nc:OrganizationName>String</nc:OrganizationName>
						<nc:OrganizationPrimaryContactInformation>
							<nc:ContactTelephoneNumber>
								<nc:FullTelephoneNumber>
									<nc:TelephoneNumberFullID>String</nc:TelephoneNumberFullID>
								</nc:FullTelephoneNumber>
							</nc:ContactTelephoneNumber>
						</nc:OrganizationPrimaryContactInformation>
					</nc:EntityOrganization>
				</nc:ProgramAdministrator>
			</appa:PersonCurrentProgramEnrolement>
		</appa:Education>
		<appa:Employment>
			<nc:ActivityDateRange>
				<nc:StartDate>
					<nc:Date>1967-08-13</nc:Date>
				</nc:StartDate>
				<nc:EndDate>
					<nc:Date>1967-08-13</nc:Date>
				</nc:EndDate>
			</nc:ActivityDateRange>
			<nc:ActivityDescriptionText>String</nc:ActivityDescriptionText>
			<nc:ActivityName>String</nc:ActivityName>
			<nc:ActivityStatus>
				<nc:StatusText>String</nc:StatusText>
				<nc:StatusDate>
					<nc:Date>1967-08-13</nc:Date>
				</nc:StatusDate>
				<nc:StatusDescriptionText>String</nc:StatusDescriptionText>
			</nc:ActivityStatus>
			<nc:ActivityReasonText>String</nc:ActivityReasonText>
			<nc:ActivityDisposition>
				<nc:DispositionEntity>
					<nc:EntityOrganization>
						<nc:OrganizationLocation>
							<nc:LocationAddress>
								<nc:AddressFullText>String</nc:AddressFullText>
							</nc:LocationAddress>
						</nc:OrganizationLocation>
						<nc:OrganizationName>String</nc:OrganizationName>
						<nc:OrganizationPrimaryContactInformation>
							<nc:ContactTelephoneNumber>
								<nc:FullTelephoneNumber>
									<nc:TelephoneNumberFullID>String</nc:TelephoneNumberFullID>
								</nc:FullTelephoneNumber>
							</nc:ContactTelephoneNumber>
						</nc:OrganizationPrimaryContactInformation>
					</nc:EntityOrganization>
				</nc:DispositionEntity>
				<nc:DispositionDate>
					<nc:Date>1967-08-13</nc:Date>
				</nc:DispositionDate>
				<nc:DispositionDescriptionText>String</nc:DispositionDescriptionText>
				<nc:DispositionReasonText>String</nc:DispositionReasonText>
				<nc:DispositionText>String</nc:DispositionText>
			</nc:ActivityDisposition>
			<nc:Employer>
				<nc:EntityOrganization>
					<nc:OrganizationLocation>
						<nc:LocationAddress>
							<nc:AddressFullText>String</nc:AddressFullText>
						</nc:LocationAddress>
					</nc:OrganizationLocation>
					<nc:OrganizationName>String</nc:OrganizationName>
					<nc:OrganizationPrimaryContactInformation>
						<nc:ContactTelephoneNumber>
							<nc:FullTelephoneNumber>
								<nc:TelephoneNumberFullID>String</nc:TelephoneNumberFullID>
							</nc:FullTelephoneNumber>
						</nc:ContactTelephoneNumber>
					</nc:OrganizationPrimaryContactInformation>
				</nc:EntityOrganization>
			</nc:Employer>
			<nc:EmployeeOccupationText>String</nc:EmployeeOccupationText>
			<nc:EmployeeSupervisor>
				<nc:PersonAgeMeasure/>
				<nc:PersonBirthDate>
					<nc:Date>1967-08-13</nc:Date>
				</nc:PersonBirthDate>
				<nc:PersonBirthLocation>
					<nc:LocationAddress>
						<nc:AddressFullText>String</nc:AddressFullText>
					</nc:LocationAddress>
				</nc:PersonBirthLocation>
				<nc:PersonDigitalImage>
					<nc:BinaryID>String</nc:BinaryID>
					<nc:BinaryBase64Object>UjBsR09EbGhjZ0dTQUxNQUFBUUNBRU1tQ1p0dU1GUXhEUzhi</nc:BinaryBase64Object>
					<nc:BinaryDescriptionText>String</nc:BinaryDescriptionText>
				</nc:PersonDigitalImage>
				<nc:PersonEthnicityText>String</nc:PersonEthnicityText>
				<nc:PersonHeightMeasure/>
				<aidi:PersonName>
					<nc:PersonGivenName>String</nc:PersonGivenName>
					<nc:PersonMiddleName>String</nc:PersonMiddleName>
					<nc:PersonSurName>String</nc:PersonSurName>
					<nc:PersonMaidenName>String</nc:PersonMaidenName>
					<nc:PersonFullName>String</nc:PersonFullName>
					<aidi:SoundexFlag>true</aidi:SoundexFlag>
				</aidi:PersonName>
				<nc:PersonOtherIdentification>
					<nc:IdentificationID>String</nc:IdentificationID>
					<nc:IdentificationCategoryDescriptionText>String</nc:IdentificationCategoryDescriptionText>
					<nc:IdentificationSourceText>String</nc:IdentificationSourceText>
				</nc:PersonOtherIdentification>
				<nc:PersonPassportIdentification>
					<nc:IdentificationID>String</nc:IdentificationID>
					<nc:IdentificationCategoryDescriptionText>String</nc:IdentificationCategoryDescriptionText>
					<nc:IdentificationSourceText>String</nc:IdentificationSourceText>
				</nc:PersonPassportIdentification>
				<nc:PersonPhysicalFeature>
					<nc:PhysicalFeatureGeneralCategoryText>String</nc:PhysicalFeatureGeneralCategoryText>
					<nc:PhysicalFeatureImage>
						<nc:BinaryID>String</nc:BinaryID>
						<nc:BinaryBase64Object>UjBsR09EbGhjZ0dTQUxNQUFBUUNBRU1tQ1p0dU1GUXhEUzhi</nc:BinaryBase64Object>
						<nc:BinaryDescriptionText>String</nc:BinaryDescriptionText>
					</nc:PhysicalFeatureImage>
					<nc:PhysicalFeatureLocationText>String</nc:PhysicalFeatureLocationText>
				</nc:PersonPhysicalFeature>
				<nc:PersonPrimaryLanguage/>
				<nc:PersonRaceText>String</nc:PersonRaceText>
				<nc:PersonSSNIdentification>
					<nc:IdentificationID>String</nc:IdentificationID>
					<nc:IdentificationCategoryDescriptionText>String</nc:IdentificationCategoryDescriptionText>
					<nc:IdentificationSourceText>String</nc:IdentificationSourceText>
				</nc:PersonSSNIdentification>
				<nc:PersonStateIdentification>
					<nc:IdentificationID>String</nc:IdentificationID>
					<nc:IdentificationCategoryDescriptionText>String</nc:IdentificationCategoryDescriptionText>
					<nc:IdentificationSourceText>String</nc:IdentificationSourceText>
				</nc:PersonStateIdentification>
				<nc:PersonUSCitizenIndicator>true</nc:PersonUSCitizenIndicator>
				<nc:PersonWeightMeasure/>
			</nc:EmployeeSupervisor>
			<appa:EmployeePerformanceDescriptionDate>
				<nc:Date>1967-08-13</nc:Date>
			</appa:EmployeePerformanceDescriptionDate>
			<appa:EmployeePerformanceDescriptionText>String</appa:EmployeePerformanceDescriptionText>
		</appa:Employment>
		<appa:RiskAssessment>
			<nc:ActivityDateRange>
				<nc:StartDate>
					<nc:Date>1967-08-13</nc:Date>
				</nc:StartDate>
				<nc:EndDate>
					<nc:Date>1967-08-13</nc:Date>
				</nc:EndDate>
			</nc:ActivityDateRange>
			<nc:ActivityDescriptionText>String</nc:ActivityDescriptionText>
			<nc:ActivityName>String</nc:ActivityName>
			<nc:ActivityStatus>
				<nc:StatusText>String</nc:StatusText>
				<nc:StatusDate>
					<nc:Date>1967-08-13</nc:Date>
				</nc:StatusDate>
				<nc:StatusDescriptionText>String</nc:StatusDescriptionText>
			</nc:ActivityStatus>
			<nc:ActivityReasonText>String</nc:ActivityReasonText>
			<nc:ActivityDisposition>
				<nc:DispositionEntity>
					<nc:EntityOrganization>
						<nc:OrganizationLocation>
							<nc:LocationAddress>
								<nc:AddressFullText>String</nc:AddressFullText>
							</nc:LocationAddress>
						</nc:OrganizationLocation>
						<nc:OrganizationName>String</nc:OrganizationName>
						<nc:OrganizationPrimaryContactInformation>
							<nc:ContactTelephoneNumber>
								<nc:FullTelephoneNumber>
									<nc:TelephoneNumberFullID>String</nc:TelephoneNumberFullID>
								</nc:FullTelephoneNumber>
							</nc:ContactTelephoneNumber>
						</nc:OrganizationPrimaryContactInformation>
					</nc:EntityOrganization>
				</nc:DispositionEntity>
				<nc:DispositionDate>
					<nc:Date>1967-08-13</nc:Date>
				</nc:DispositionDate>
				<nc:DispositionDescriptionText>String</nc:DispositionDescriptionText>
				<nc:DispositionReasonText>String</nc:DispositionReasonText>
				<nc:DispositionText>String</nc:DispositionText>
			</nc:ActivityDisposition>
			<nc:AssessmentScoreText>String</nc:AssessmentScoreText>
			<nc:AssessmentRecommendationText>String</nc:AssessmentRecommendationText>
			<nc:AssessmentProgram>
				<nc:ActivityDateRange>
					<nc:StartDate>
						<nc:Date>1967-08-13</nc:Date>
					</nc:StartDate>
					<nc:EndDate>
						<nc:Date>1967-08-13</nc:Date>
					</nc:EndDate>
				</nc:ActivityDateRange>
				<nc:ActivityDescriptionText>String</nc:ActivityDescriptionText>
				<nc:ActivityName>String</nc:ActivityName>
				<nc:ActivityStatus>
					<nc:StatusText>String</nc:StatusText>
					<nc:StatusDate>
						<nc:Date>1967-08-13</nc:Date>
					</nc:StatusDate>
					<nc:StatusDescriptionText>String</nc:StatusDescriptionText>
				</nc:ActivityStatus>
				<nc:ActivityReasonText>String</nc:ActivityReasonText>
				<nc:ActivityDisposition>
					<nc:DispositionEntity>
						<nc:EntityOrganization>
							<nc:OrganizationLocation>
								<nc:LocationAddress>
									<nc:AddressFullText>String</nc:AddressFullText>
								</nc:LocationAddress>
							</nc:OrganizationLocation>
							<nc:OrganizationName>String</nc:OrganizationName>
							<nc:OrganizationPrimaryContactInformation>
								<nc:ContactTelephoneNumber>
									<nc:FullTelephoneNumber>
										<nc:TelephoneNumberFullID>String</nc:TelephoneNumberFullID>
									</nc:FullTelephoneNumber>
								</nc:ContactTelephoneNumber>
							</nc:OrganizationPrimaryContactInformation>
						</nc:EntityOrganization>
					</nc:DispositionEntity>
					<nc:DispositionDate>
						<nc:Date>1967-08-13</nc:Date>
					</nc:DispositionDate>
					<nc:DispositionDescriptionText>String</nc:DispositionDescriptionText>
					<nc:DispositionReasonText>String</nc:DispositionReasonText>
					<nc:DispositionText>String</nc:DispositionText>
				</nc:ActivityDisposition>
				<nc:ProgramFacility>
					<nc:FacilityName>String</nc:FacilityName>
					<nc:FacilityLocation>
						<nc:LocationAddress>
							<nc:AddressFullText>String</nc:AddressFullText>
						</nc:LocationAddress>
					</nc:FacilityLocation>
					<nc:FacilityContactInformation>
						<nc:ContactTelephoneNumber>
							<nc:FullTelephoneNumber>
								<nc:TelephoneNumberFullID>String</nc:TelephoneNumberFullID>
							</nc:FullTelephoneNumber>
						</nc:ContactTelephoneNumber>
					</nc:FacilityContactInformation>
				</nc:ProgramFacility>
				<nc:ProgramAdministrator>
					<nc:EntityOrganization>
						<nc:OrganizationLocation>
							<nc:LocationAddress>
								<nc:AddressFullText>String</nc:AddressFullText>
							</nc:LocationAddress>
						</nc:OrganizationLocation>
						<nc:OrganizationName>String</nc:OrganizationName>
						<nc:OrganizationPrimaryContactInformation>
							<nc:ContactTelephoneNumber>
								<nc:FullTelephoneNumber>
									<nc:TelephoneNumberFullID>String</nc:TelephoneNumberFullID>
								</nc:FullTelephoneNumber>
							</nc:ContactTelephoneNumber>
						</nc:OrganizationPrimaryContactInformation>
					</nc:EntityOrganization>
				</nc:ProgramAdministrator>
			</nc:AssessmentProgram>
		</appa:RiskAssessment>
		<appa:NeedsAssessment>
			<nc:ActivityDateRange>
				<nc:StartDate>
					<nc:Date>1967-08-13</nc:Date>
				</nc:StartDate>
				<nc:EndDate>
					<nc:Date>1967-08-13</nc:Date>
				</nc:EndDate>
			</nc:ActivityDateRange>
			<nc:ActivityDescriptionText>String</nc:ActivityDescriptionText>
			<nc:ActivityName>String</nc:ActivityName>
			<nc:ActivityStatus>
				<nc:StatusText>String</nc:StatusText>
				<nc:StatusDate>
					<nc:Date>1967-08-13</nc:Date>
				</nc:StatusDate>
				<nc:StatusDescriptionText>String</nc:StatusDescriptionText>
			</nc:ActivityStatus>
			<nc:ActivityReasonText>String</nc:ActivityReasonText>
			<nc:ActivityDisposition>
				<nc:DispositionEntity>
					<nc:EntityOrganization>
						<nc:OrganizationLocation>
							<nc:LocationAddress>
								<nc:AddressFullText>String</nc:AddressFullText>
							</nc:LocationAddress>
						</nc:OrganizationLocation>
						<nc:OrganizationName>String</nc:OrganizationName>
						<nc:OrganizationPrimaryContactInformation>
							<nc:ContactTelephoneNumber>
								<nc:FullTelephoneNumber>
									<nc:TelephoneNumberFullID>String</nc:TelephoneNumberFullID>
								</nc:FullTelephoneNumber>
							</nc:ContactTelephoneNumber>
						</nc:OrganizationPrimaryContactInformation>
					</nc:EntityOrganization>
				</nc:DispositionEntity>
				<nc:DispositionDate>
					<nc:Date>1967-08-13</nc:Date>
				</nc:DispositionDate>
				<nc:DispositionDescriptionText>String</nc:DispositionDescriptionText>
				<nc:DispositionReasonText>String</nc:DispositionReasonText>
				<nc:DispositionText>String</nc:DispositionText>
			</nc:ActivityDisposition>
			<nc:AssessmentScoreText>String</nc:AssessmentScoreText>
			<nc:AssessmentRecommendationText>String</nc:AssessmentRecommendationText>
			<nc:AssessmentProgram>
				<nc:ActivityDateRange>
					<nc:StartDate>
						<nc:Date>1967-08-13</nc:Date>
					</nc:StartDate>
					<nc:EndDate>
						<nc:Date>1967-08-13</nc:Date>
					</nc:EndDate>
				</nc:ActivityDateRange>
				<nc:ActivityDescriptionText>String</nc:ActivityDescriptionText>
				<nc:ActivityName>String</nc:ActivityName>
				<nc:ActivityStatus>
					<nc:StatusText>String</nc:StatusText>
					<nc:StatusDate>
						<nc:Date>1967-08-13</nc:Date>
					</nc:StatusDate>
					<nc:StatusDescriptionText>String</nc:StatusDescriptionText>
				</nc:ActivityStatus>
				<nc:ActivityReasonText>String</nc:ActivityReasonText>
				<nc:ActivityDisposition>
					<nc:DispositionEntity>
						<nc:EntityOrganization>
							<nc:OrganizationLocation>
								<nc:LocationAddress>
									<nc:AddressFullText>String</nc:AddressFullText>
								</nc:LocationAddress>
							</nc:OrganizationLocation>
							<nc:OrganizationName>String</nc:OrganizationName>
							<nc:OrganizationPrimaryContactInformation>
								<nc:ContactTelephoneNumber>
									<nc:FullTelephoneNumber>
										<nc:TelephoneNumberFullID>String</nc:TelephoneNumberFullID>
									</nc:FullTelephoneNumber>
								</nc:ContactTelephoneNumber>
							</nc:OrganizationPrimaryContactInformation>
						</nc:EntityOrganization>
					</nc:DispositionEntity>
					<nc:DispositionDate>
						<nc:Date>1967-08-13</nc:Date>
					</nc:DispositionDate>
					<nc:DispositionDescriptionText>String</nc:DispositionDescriptionText>
					<nc:DispositionReasonText>String</nc:DispositionReasonText>
					<nc:DispositionText>String</nc:DispositionText>
				</nc:ActivityDisposition>
				<nc:ProgramFacility>
					<nc:FacilityName>String</nc:FacilityName>
					<nc:FacilityLocation>
						<nc:LocationAddress>
							<nc:AddressFullText>String</nc:AddressFullText>
						</nc:LocationAddress>
					</nc:FacilityLocation>
					<nc:FacilityContactInformation>
						<nc:ContactTelephoneNumber>
							<nc:FullTelephoneNumber>
								<nc:TelephoneNumberFullID>String</nc:TelephoneNumberFullID>
							</nc:FullTelephoneNumber>
						</nc:ContactTelephoneNumber>
					</nc:FacilityContactInformation>
				</nc:ProgramFacility>
				<nc:ProgramAdministrator>
					<nc:EntityOrganization>
						<nc:OrganizationLocation>
							<nc:LocationAddress>
								<nc:AddressFullText>String</nc:AddressFullText>
							</nc:LocationAddress>
						</nc:OrganizationLocation>
						<nc:OrganizationName>String</nc:OrganizationName>
						<nc:OrganizationPrimaryContactInformation>
							<nc:ContactTelephoneNumber>
								<nc:FullTelephoneNumber>
									<nc:TelephoneNumberFullID>String</nc:TelephoneNumberFullID>
								</nc:FullTelephoneNumber>
							</nc:ContactTelephoneNumber>
						</nc:OrganizationPrimaryContactInformation>
					</nc:EntityOrganization>
				</nc:ProgramAdministrator>
			</nc:AssessmentProgram>
		</appa:NeedsAssessment>
		<appa:InstitutionalProgram>
			<nc:ActivityDateRange>
				<nc:StartDate>
					<nc:Date>1967-08-13</nc:Date>
				</nc:StartDate>
				<nc:EndDate>
					<nc:Date>1967-08-13</nc:Date>
				</nc:EndDate>
			</nc:ActivityDateRange>
			<nc:ActivityDescriptionText>String</nc:ActivityDescriptionText>
			<nc:ActivityName>String</nc:ActivityName>
			<nc:ActivityStatus>
				<nc:StatusText>String</nc:StatusText>
				<nc:StatusDate>
					<nc:Date>1967-08-13</nc:Date>
				</nc:StatusDate>
				<nc:StatusDescriptionText>String</nc:StatusDescriptionText>
			</nc:ActivityStatus>
			<nc:ActivityReasonText>String</nc:ActivityReasonText>
			<nc:ActivityDisposition>
				<nc:DispositionEntity>
					<nc:EntityOrganization>
						<nc:OrganizationLocation>
							<nc:LocationAddress>
								<nc:AddressFullText>String</nc:AddressFullText>
							</nc:LocationAddress>
						</nc:OrganizationLocation>
						<nc:OrganizationName>String</nc:OrganizationName>
						<nc:OrganizationPrimaryContactInformation>
							<nc:ContactTelephoneNumber>
								<nc:FullTelephoneNumber>
									<nc:TelephoneNumberFullID>String</nc:TelephoneNumberFullID>
								</nc:FullTelephoneNumber>
							</nc:ContactTelephoneNumber>
						</nc:OrganizationPrimaryContactInformation>
					</nc:EntityOrganization>
				</nc:DispositionEntity>
				<nc:DispositionDate>
					<nc:Date>1967-08-13</nc:Date>
				</nc:DispositionDate>
				<nc:DispositionDescriptionText>String</nc:DispositionDescriptionText>
				<nc:DispositionReasonText>String</nc:DispositionReasonText>
				<nc:DispositionText>String</nc:DispositionText>
			</nc:ActivityDisposition>
			<nc:ProgramFacility>
				<nc:FacilityName>String</nc:FacilityName>
				<nc:FacilityLocation>
					<nc:LocationAddress>
						<nc:AddressFullText>String</nc:AddressFullText>
					</nc:LocationAddress>
				</nc:FacilityLocation>
				<nc:FacilityContactInformation>
					<nc:ContactTelephoneNumber>
						<nc:FullTelephoneNumber>
							<nc:TelephoneNumberFullID>String</nc:TelephoneNumberFullID>
						</nc:FullTelephoneNumber>
					</nc:ContactTelephoneNumber>
				</nc:FacilityContactInformation>
			</nc:ProgramFacility>
			<nc:ProgramAdministrator>
				<nc:EntityOrganization>
					<nc:OrganizationLocation>
						<nc:LocationAddress>
							<nc:AddressFullText>String</nc:AddressFullText>
						</nc:LocationAddress>
					</nc:OrganizationLocation>
					<nc:OrganizationName>String</nc:OrganizationName>
					<nc:OrganizationPrimaryContactInformation>
						<nc:ContactTelephoneNumber>
							<nc:FullTelephoneNumber>
								<nc:TelephoneNumberFullID>String</nc:TelephoneNumberFullID>
							</nc:FullTelephoneNumber>
						</nc:ContactTelephoneNumber>
					</nc:OrganizationPrimaryContactInformation>
				</nc:EntityOrganization>
			</nc:ProgramAdministrator>
		</appa:InstitutionalProgram>
		<appa:Notification>
			<nc:ActivityDateRange>
				<nc:StartDate>
					<nc:Date>1967-08-13</nc:Date>
				</nc:StartDate>
				<nc:EndDate>
					<nc:Date>1967-08-13</nc:Date>
				</nc:EndDate>
			</nc:ActivityDateRange>
			<nc:ActivityDescriptionText>String</nc:ActivityDescriptionText>
			<nc:ActivityName>String</nc:ActivityName>
			<nc:ActivityStatus>
				<nc:StatusText>String</nc:StatusText>
				<nc:StatusDate>
					<nc:Date>1967-08-13</nc:Date>
				</nc:StatusDate>
				<nc:StatusDescriptionText>String</nc:StatusDescriptionText>
			</nc:ActivityStatus>
			<nc:ActivityReasonText>String</nc:ActivityReasonText>
			<nc:ActivityDisposition>
				<nc:DispositionEntity>
					<nc:EntityOrganization>
						<nc:OrganizationLocation>
							<nc:LocationAddress>
								<nc:AddressFullText>String</nc:AddressFullText>
							</nc:LocationAddress>
						</nc:OrganizationLocation>
						<nc:OrganizationName>String</nc:OrganizationName>
						<nc:OrganizationPrimaryContactInformation>
							<nc:ContactTelephoneNumber>
								<nc:FullTelephoneNumber>
									<nc:TelephoneNumberFullID>String</nc:TelephoneNumberFullID>
								</nc:FullTelephoneNumber>
							</nc:ContactTelephoneNumber>
						</nc:OrganizationPrimaryContactInformation>
					</nc:EntityOrganization>
				</nc:DispositionEntity>
				<nc:DispositionDate>
					<nc:Date>1967-08-13</nc:Date>
				</nc:DispositionDate>
				<nc:DispositionDescriptionText>String</nc:DispositionDescriptionText>
				<nc:DispositionReasonText>String</nc:DispositionReasonText>
				<nc:DispositionText>String</nc:DispositionText>
			</nc:ActivityDisposition>
			<j:Victim>
				<nc:RoleOfPersonReference/>
			</j:Victim>
			<appa:WarrantAgency>
				<nc:OrganizationLocation>
					<nc:LocationAddress>
						<nc:AddressFullText>String</nc:AddressFullText>
					</nc:LocationAddress>
				</nc:OrganizationLocation>
				<nc:OrganizationName>String</nc:OrganizationName>
				<nc:OrganizationPrimaryContactInformation>
					<nc:ContactTelephoneNumber>
						<nc:FullTelephoneNumber>
							<nc:TelephoneNumberFullID>String</nc:TelephoneNumberFullID>
						</nc:FullTelephoneNumber>
					</nc:ContactTelephoneNumber>
				</nc:OrganizationPrimaryContactInformation>
			</appa:WarrantAgency>
			<appa:ReportingAgency>
				<nc:OrganizationLocation>
					<nc:LocationAddress>
						<nc:AddressFullText>String</nc:AddressFullText>
					</nc:LocationAddress>
				</nc:OrganizationLocation>
				<nc:OrganizationName>String</nc:OrganizationName>
				<nc:OrganizationPrimaryContactInformation>
					<nc:ContactTelephoneNumber>
						<nc:FullTelephoneNumber>
							<nc:TelephoneNumberFullID>String</nc:TelephoneNumberFullID>
						</nc:FullTelephoneNumber>
					</nc:ContactTelephoneNumber>
				</nc:OrganizationPrimaryContactInformation>
			</appa:ReportingAgency>
			<appa:SocialAgency>
				<nc:OrganizationLocation>
					<nc:LocationAddress>
						<nc:AddressFullText>String</nc:AddressFullText>
					</nc:LocationAddress>
				</nc:OrganizationLocation>
				<nc:OrganizationName>String</nc:OrganizationName>
				<nc:OrganizationPrimaryContactInformation>
					<nc:ContactTelephoneNumber>
						<nc:FullTelephoneNumber>
							<nc:TelephoneNumberFullID>String</nc:TelephoneNumberFullID>
						</nc:FullTelephoneNumber>
					</nc:ContactTelephoneNumber>
				</nc:OrganizationPrimaryContactInformation>
			</appa:SocialAgency>
		</appa:Notification>
		<appa:Biometric>
			<appa:FingerprintAvailabilityndicator>true</appa:FingerprintAvailabilityndicator>
			<appa:RetinalScanAvailabilityIndicator>true</appa:RetinalScanAvailabilityIndicator>
			<appa:DNAAvailabilityIndicator>true</appa:DNAAvailabilityIndicator>
		</appa:Biometric>
		<appa:FinancialObligation>
			<nc:ObligationTotalAmount>0.0</nc:ObligationTotalAmount>
			<nc:ObligationDueAmount>0.0</nc:ObligationDueAmount>
			<nc:ObligationCompleteIndicator>true</nc:ObligationCompleteIndicator>
			<nc:ObligationComplianceIndicator>true</nc:ObligationComplianceIndicator>
			<nc:ObligationDueDate>
				<nc:Date>1967-08-13</nc:Date>
			</nc:ObligationDueDate>
			<nc:ObligationRequirementDescriptionText>String</nc:ObligationRequirementDescriptionText>
			<nc:ObligationCategoryText>String</nc:ObligationCategoryText>
			<nc:ObligationEntity>
				<nc:EntityOrganization>
					<nc:OrganizationLocation>
						<nc:LocationAddress>
							<nc:AddressFullText>String</nc:AddressFullText>
						</nc:LocationAddress>
					</nc:OrganizationLocation>
					<nc:OrganizationName>String</nc:OrganizationName>
					<nc:OrganizationPrimaryContactInformation>
						<nc:ContactTelephoneNumber>
							<nc:FullTelephoneNumber>
								<nc:TelephoneNumberFullID>String</nc:TelephoneNumberFullID>
							</nc:FullTelephoneNumber>
						</nc:ContactTelephoneNumber>
					</nc:OrganizationPrimaryContactInformation>
				</nc:EntityOrganization>
			</nc:ObligationEntity>
			<nc:ObligationRecurrence>
				<nc:ObligationTotalAmount>0.0</nc:ObligationTotalAmount>
				<nc:ObligationDueAmount>0.0</nc:ObligationDueAmount>
				<nc:ObligationCompleteIndicator>true</nc:ObligationCompleteIndicator>
				<nc:ObligationComplianceIndicator>true</nc:ObligationComplianceIndicator>
				<nc:ObligationDueDate>
					<nc:Date>1967-08-13</nc:Date>
				</nc:ObligationDueDate>
				<nc:ObligationRequirementDescriptionText>String</nc:ObligationRequirementDescriptionText>
				<nc:ObligationCategoryText>String</nc:ObligationCategoryText>
				<nc:ObligationEntity>
					<nc:EntityOrganization>
						<nc:OrganizationLocation>
							<nc:LocationAddress>
								<nc:AddressFullText>String</nc:AddressFullText>
							</nc:LocationAddress>
						</nc:OrganizationLocation>
						<nc:OrganizationName>String</nc:OrganizationName>
						<nc:OrganizationPrimaryContactInformation>
							<nc:ContactTelephoneNumber>
								<nc:FullTelephoneNumber>
									<nc:TelephoneNumberFullID>String</nc:TelephoneNumberFullID>
								</nc:FullTelephoneNumber>
							</nc:ContactTelephoneNumber>
						</nc:OrganizationPrimaryContactInformation>
					</nc:EntityOrganization>
				</nc:ObligationEntity>
				<nc:ObligationEndDate>
					<nc:Date>1967-08-13</nc:Date>
				</nc:ObligationEndDate>
				<nc:ObligationPeriodText>String</nc:ObligationPeriodText>
				<nc:ObligationStartDate>
					<nc:Date>1967-08-13</nc:Date>
				</nc:ObligationStartDate>
			</nc:ObligationRecurrence>
		</appa:FinancialObligation>
		<appa:NonFinancialObligation>
			<nc:ObligationTotalAmount>0.0</nc:ObligationTotalAmount>
			<nc:ObligationDueAmount>0.0</nc:ObligationDueAmount>
			<nc:ObligationCompleteIndicator>true</nc:ObligationCompleteIndicator>
			<nc:ObligationComplianceIndicator>true</nc:ObligationComplianceIndicator>
			<nc:ObligationDueDate>
				<nc:Date>1967-08-13</nc:Date>
			</nc:ObligationDueDate>
			<nc:ObligationRequirementDescriptionText>String</nc:ObligationRequirementDescriptionText>
			<nc:ObligationCategoryText>String</nc:ObligationCategoryText>
			<nc:ObligationEntity>
				<nc:EntityOrganization>
					<nc:OrganizationLocation>
						<nc:LocationAddress>
							<nc:AddressFullText>String</nc:AddressFullText>
						</nc:LocationAddress>
					</nc:OrganizationLocation>
					<nc:OrganizationName>String</nc:OrganizationName>
					<nc:OrganizationPrimaryContactInformation>
						<nc:ContactTelephoneNumber>
							<nc:FullTelephoneNumber>
								<nc:TelephoneNumberFullID>String</nc:TelephoneNumberFullID>
							</nc:FullTelephoneNumber>
						</nc:ContactTelephoneNumber>
					</nc:OrganizationPrimaryContactInformation>
				</nc:EntityOrganization>
			</nc:ObligationEntity>
			<nc:ObligationRecurrence>
				<nc:ObligationTotalAmount>0.0</nc:ObligationTotalAmount>
				<nc:ObligationDueAmount>0.0</nc:ObligationDueAmount>
				<nc:ObligationCompleteIndicator>true</nc:ObligationCompleteIndicator>
				<nc:ObligationComplianceIndicator>true</nc:ObligationComplianceIndicator>
				<nc:ObligationDueDate>
					<nc:Date>1967-08-13</nc:Date>
				</nc:ObligationDueDate>
				<nc:ObligationRequirementDescriptionText>String</nc:ObligationRequirementDescriptionText>
				<nc:ObligationCategoryText>String</nc:ObligationCategoryText>
				<nc:ObligationEntity>
					<nc:EntityOrganization>
						<nc:OrganizationLocation>
							<nc:LocationAddress>
								<nc:AddressFullText>String</nc:AddressFullText>
							</nc:LocationAddress>
						</nc:OrganizationLocation>
						<nc:OrganizationName>String</nc:OrganizationName>
						<nc:OrganizationPrimaryContactInformation>
							<nc:ContactTelephoneNumber>
								<nc:FullTelephoneNumber>
									<nc:TelephoneNumberFullID>String</nc:TelephoneNumberFullID>
								</nc:FullTelephoneNumber>
							</nc:ContactTelephoneNumber>
						</nc:OrganizationPrimaryContactInformation>
					</nc:EntityOrganization>
				</nc:ObligationEntity>
				<nc:ObligationEndDate>
					<nc:Date>1967-08-13</nc:Date>
				</nc:ObligationEndDate>
				<nc:ObligationPeriodText>String</nc:ObligationPeriodText>
				<nc:ObligationStartDate>
					<nc:Date>1967-08-13</nc:Date>
				</nc:ObligationStartDate>
			</nc:ObligationRecurrence>
		</appa:NonFinancialObligation>
		<appa:MedicalCondition>
			<nc:MedicalConditionDescriptionText>String</nc:MedicalConditionDescriptionText>
			<nc:MedicalConditionPresentIndicator>true</nc:MedicalConditionPresentIndicator>
			<nc:MedicalConditionDescriptionText>String</nc:MedicalConditionDescriptionText>
			<appa:TreatmentDescriptionText>String</appa:TreatmentDescriptionText>
			<appa:MedicationDescriptionText>String</appa:MedicationDescriptionText>
			<nc:Insurance>
				<nc:InsuranceCarrierIdentification>
					<nc:IdentificationID>String</nc:IdentificationID>
					<nc:IdentificationCategoryDescriptionText>String</nc:IdentificationCategoryDescriptionText>
					<nc:IdentificationSourceText>String</nc:IdentificationSourceText>
				</nc:InsuranceCarrierIdentification>
				<nc:InsuranceCarrierName>String</nc:InsuranceCarrierName>
			</nc:Insurance>
			<appa:ContagiousIndicator>true</appa:ContagiousIndicator>
		</appa:MedicalCondition>
		<appa:Disability>
			<appa:DisabilityIndicator>true</appa:DisabilityIndicator>
			<appa:DisabilityDescriptionText>String</appa:DisabilityDescriptionText>
			<appa:PermanentDisabilityIndicator>true</appa:PermanentDisabilityIndicator>
			<appa:DisabilityAccomodationsDescriptionText>String</appa:DisabilityAccomodationsDescriptionText>
		</appa:Disability>
		<appa:SupervisionViolation>
			<nc:ActivityDateRange>
				<nc:StartDate>
					<nc:Date>1967-08-13</nc:Date>
				</nc:StartDate>
				<nc:EndDate>
					<nc:Date>1967-08-13</nc:Date>
				</nc:EndDate>
			</nc:ActivityDateRange>
			<nc:ActivityDescriptionText>String</nc:ActivityDescriptionText>
			<nc:ActivityName>String</nc:ActivityName>
			<nc:ActivityStatus>
				<nc:StatusText>String</nc:StatusText>
				<nc:StatusDate>
					<nc:Date>1967-08-13</nc:Date>
				</nc:StatusDate>
				<nc:StatusDescriptionText>String</nc:StatusDescriptionText>
			</nc:ActivityStatus>
			<nc:ActivityReasonText>String</nc:ActivityReasonText>
			<nc:ActivityDisposition>
				<nc:DispositionEntity>
					<nc:EntityOrganization>
						<nc:OrganizationLocation>
							<nc:LocationAddress>
								<nc:AddressFullText>String</nc:AddressFullText>
							</nc:LocationAddress>
						</nc:OrganizationLocation>
						<nc:OrganizationName>String</nc:OrganizationName>
						<nc:OrganizationPrimaryContactInformation>
							<nc:ContactTelephoneNumber>
								<nc:FullTelephoneNumber>
									<nc:TelephoneNumberFullID>String</nc:TelephoneNumberFullID>
								</nc:FullTelephoneNumber>
							</nc:ContactTelephoneNumber>
						</nc:OrganizationPrimaryContactInformation>
					</nc:EntityOrganization>
				</nc:DispositionEntity>
				<nc:DispositionDate>
					<nc:Date>1967-08-13</nc:Date>
				</nc:DispositionDate>
				<nc:DispositionDescriptionText>String</nc:DispositionDescriptionText>
				<nc:DispositionReasonText>String</nc:DispositionReasonText>
				<nc:DispositionText>String</nc:DispositionText>
			</nc:ActivityDisposition>
			<nc:IncidentLocation>
				<nc:LocationAddress>
					<nc:AddressFullText>String</nc:AddressFullText>
				</nc:LocationAddress>
			</nc:IncidentLocation>
			<j:SupervisionViolationText>String</j:SupervisionViolationText>
			<nc:Status>
				<nc:StatusText>String</nc:StatusText>
				<nc:StatusDate>
					<nc:Date>1967-08-13</nc:Date>
				</nc:StatusDate>
				<nc:StatusDescriptionText>String</nc:StatusDescriptionText>
			</nc:Status>
			<nc:Disposition>
				<nc:DispositionEntity>
					<nc:EntityOrganization>
						<nc:OrganizationLocation>
							<nc:LocationAddress>
								<nc:AddressFullText>String</nc:AddressFullText>
							</nc:LocationAddress>
						</nc:OrganizationLocation>
						<nc:OrganizationName>String</nc:OrganizationName>
						<nc:OrganizationPrimaryContactInformation>
							<nc:ContactTelephoneNumber>
								<nc:FullTelephoneNumber>
									<nc:TelephoneNumberFullID>String</nc:TelephoneNumberFullID>
								</nc:FullTelephoneNumber>
							</nc:ContactTelephoneNumber>
						</nc:OrganizationPrimaryContactInformation>
					</nc:EntityOrganization>
				</nc:DispositionEntity>
				<nc:DispositionDate>
					<nc:Date>1967-08-13</nc:Date>
				</nc:DispositionDate>
				<nc:DispositionDescriptionText>String</nc:DispositionDescriptionText>
				<nc:DispositionReasonText>String</nc:DispositionReasonText>
				<nc:DispositionText>String</nc:DispositionText>
			</nc:Disposition>
			<appa:InmateIndicator>true</appa:InmateIndicator>
			<appa:OfficerIndicator>true</appa:OfficerIndicator>
		</appa:SupervisionViolation>
		<appa:SupervisionAcheivement>
			<nc:ActivityDateRange>
				<nc:StartDate>
					<nc:Date>1967-08-13</nc:Date>
				</nc:StartDate>
				<nc:EndDate>
					<nc:Date>1967-08-13</nc:Date>
				</nc:EndDate>
			</nc:ActivityDateRange>
			<nc:ActivityDescriptionText>String</nc:ActivityDescriptionText>
			<nc:ActivityName>String</nc:ActivityName>
			<nc:ActivityStatus>
				<nc:StatusText>String</nc:StatusText>
				<nc:StatusDate>
					<nc:Date>1967-08-13</nc:Date>
				</nc:StatusDate>
				<nc:StatusDescriptionText>String</nc:StatusDescriptionText>
			</nc:ActivityStatus>
			<nc:ActivityReasonText>String</nc:ActivityReasonText>
			<nc:ActivityDisposition>
				<nc:DispositionEntity>
					<nc:EntityOrganization>
						<nc:OrganizationLocation>
							<nc:LocationAddress>
								<nc:AddressFullText>String</nc:AddressFullText>
							</nc:LocationAddress>
						</nc:OrganizationLocation>
						<nc:OrganizationName>String</nc:OrganizationName>
						<nc:OrganizationPrimaryContactInformation>
							<nc:ContactTelephoneNumber>
								<nc:FullTelephoneNumber>
									<nc:TelephoneNumberFullID>String</nc:TelephoneNumberFullID>
								</nc:FullTelephoneNumber>
							</nc:ContactTelephoneNumber>
						</nc:OrganizationPrimaryContactInformation>
					</nc:EntityOrganization>
				</nc:DispositionEntity>
				<nc:DispositionDate>
					<nc:Date>1967-08-13</nc:Date>
				</nc:DispositionDate>
				<nc:DispositionDescriptionText>String</nc:DispositionDescriptionText>
				<nc:DispositionReasonText>String</nc:DispositionReasonText>
				<nc:DispositionText>String</nc:DispositionText>
			</nc:ActivityDisposition>
		</appa:SupervisionAcheivement>
		<appa:Visitation>
			<nc:ActivityDateRange>
				<nc:StartDate>
					<nc:Date>1967-08-13</nc:Date>
				</nc:StartDate>
				<nc:EndDate>
					<nc:Date>1967-08-13</nc:Date>
				</nc:EndDate>
			</nc:ActivityDateRange>
			<nc:ActivityDescriptionText>String</nc:ActivityDescriptionText>
			<nc:ActivityName>String</nc:ActivityName>
			<nc:ActivityStatus>
				<nc:StatusText>String</nc:StatusText>
				<nc:StatusDate>
					<nc:Date>1967-08-13</nc:Date>
				</nc:StatusDate>
				<nc:StatusDescriptionText>String</nc:StatusDescriptionText>
			</nc:ActivityStatus>
			<nc:ActivityReasonText>String</nc:ActivityReasonText>
			<nc:ActivityDisposition>
				<nc:DispositionEntity>
					<nc:EntityOrganization>
						<nc:OrganizationLocation>
							<nc:LocationAddress>
								<nc:AddressFullText>String</nc:AddressFullText>
							</nc:LocationAddress>
						</nc:OrganizationLocation>
						<nc:OrganizationName>String</nc:OrganizationName>
						<nc:OrganizationPrimaryContactInformation>
							<nc:ContactTelephoneNumber>
								<nc:FullTelephoneNumber>
									<nc:TelephoneNumberFullID>String</nc:TelephoneNumberFullID>
								</nc:FullTelephoneNumber>
							</nc:ContactTelephoneNumber>
						</nc:OrganizationPrimaryContactInformation>
					</nc:EntityOrganization>
				</nc:DispositionEntity>
				<nc:DispositionDate>
					<nc:Date>1967-08-13</nc:Date>
				</nc:DispositionDate>
				<nc:DispositionDescriptionText>String</nc:DispositionDescriptionText>
				<nc:DispositionReasonText>String</nc:DispositionReasonText>
				<nc:DispositionText>String</nc:DispositionText>
			</nc:ActivityDisposition>
			<appa:VisitationLogAvailabilityIndicator>true</appa:VisitationLogAvailabilityIndicator>
			<appa:VisitationNotesText>String</appa:VisitationNotesText>
		</appa:Visitation>
		<appa:Memberships>
			<nc:ActivityDateRange>
				<nc:StartDate>
					<nc:Date>1967-08-13</nc:Date>
				</nc:StartDate>
				<nc:EndDate>
					<nc:Date>1967-08-13</nc:Date>
				</nc:EndDate>
			</nc:ActivityDateRange>
			<nc:ActivityDescriptionText>String</nc:ActivityDescriptionText>
			<nc:ActivityName>String</nc:ActivityName>
			<nc:ActivityStatus>
				<nc:StatusText>String</nc:StatusText>
				<nc:StatusDate>
					<nc:Date>1967-08-13</nc:Date>
				</nc:StatusDate>
				<nc:StatusDescriptionText>String</nc:StatusDescriptionText>
			</nc:ActivityStatus>
			<nc:ActivityReasonText>String</nc:ActivityReasonText>
			<nc:ActivityDisposition>
				<nc:DispositionEntity>
					<nc:EntityOrganization>
						<nc:OrganizationLocation>
							<nc:LocationAddress>
								<nc:AddressFullText>String</nc:AddressFullText>
							</nc:LocationAddress>
						</nc:OrganizationLocation>
						<nc:OrganizationName>String</nc:OrganizationName>
						<nc:OrganizationPrimaryContactInformation>
							<nc:ContactTelephoneNumber>
								<nc:FullTelephoneNumber>
									<nc:TelephoneNumberFullID>String</nc:TelephoneNumberFullID>
								</nc:FullTelephoneNumber>
							</nc:ContactTelephoneNumber>
						</nc:OrganizationPrimaryContactInformation>
					</nc:EntityOrganization>
				</nc:DispositionEntity>
				<nc:DispositionDate>
					<nc:Date>1967-08-13</nc:Date>
				</nc:DispositionDate>
				<nc:DispositionDescriptionText>String</nc:DispositionDescriptionText>
				<nc:DispositionReasonText>String</nc:DispositionReasonText>
				<nc:DispositionText>String</nc:DispositionText>
			</nc:ActivityDisposition>
			<nc:Organization>
				<nc:OrganizationLocation>
					<nc:LocationAddress>
						<nc:AddressFullText>String</nc:AddressFullText>
					</nc:LocationAddress>
				</nc:OrganizationLocation>
				<nc:OrganizationName>String</nc:OrganizationName>
				<nc:OrganizationPrimaryContactInformation>
					<nc:ContactTelephoneNumber>
						<nc:FullTelephoneNumber>
							<nc:TelephoneNumberFullID>String</nc:TelephoneNumberFullID>
						</nc:FullTelephoneNumber>
					</nc:ContactTelephoneNumber>
				</nc:OrganizationPrimaryContactInformation>
			</nc:Organization>
			<appa:ThreatGroupIndicator>true</appa:ThreatGroupIndicator>
		</appa:Memberships>
		<appa:Associates>
			<nc:DateRange>
				<nc:StartDate>
					<nc:Date>1967-08-13</nc:Date>
				</nc:StartDate>
				<nc:EndDate>
					<nc:Date>1967-08-13</nc:Date>
				</nc:EndDate>
			</nc:DateRange>
			<nc:PersonReference/>
		</appa:Associates>
		<appa:Seperates>
			<nc:ActivityDateRange>
				<nc:StartDate>
					<nc:Date>1967-08-13</nc:Date>
				</nc:StartDate>
				<nc:EndDate>
					<nc:Date>1967-08-13</nc:Date>
				</nc:EndDate>
			</nc:ActivityDateRange>
			<nc:ActivityDescriptionText>String</nc:ActivityDescriptionText>
			<nc:ActivityName>String</nc:ActivityName>
			<nc:ActivityStatus>
				<nc:StatusText>String</nc:StatusText>
				<nc:StatusDate>
					<nc:Date>1967-08-13</nc:Date>
				</nc:StatusDate>
				<nc:StatusDescriptionText>String</nc:StatusDescriptionText>
			</nc:ActivityStatus>
			<nc:ActivityReasonText>String</nc:ActivityReasonText>
			<nc:ActivityDisposition>
				<nc:DispositionEntity>
					<nc:EntityOrganization>
						<nc:OrganizationLocation>
							<nc:LocationAddress>
								<nc:AddressFullText>String</nc:AddressFullText>
							</nc:LocationAddress>
						</nc:OrganizationLocation>
						<nc:OrganizationName>String</nc:OrganizationName>
						<nc:OrganizationPrimaryContactInformation>
							<nc:ContactTelephoneNumber>
								<nc:FullTelephoneNumber>
									<nc:TelephoneNumberFullID>String</nc:TelephoneNumberFullID>
								</nc:FullTelephoneNumber>
							</nc:ContactTelephoneNumber>
						</nc:OrganizationPrimaryContactInformation>
					</nc:EntityOrganization>
				</nc:DispositionEntity>
				<nc:DispositionDate>
					<nc:Date>1967-08-13</nc:Date>
				</nc:DispositionDate>
				<nc:DispositionDescriptionText>String</nc:DispositionDescriptionText>
				<nc:DispositionReasonText>String</nc:DispositionReasonText>
				<nc:DispositionText>String</nc:DispositionText>
			</nc:ActivityDisposition>
			<nc:DateRange>
				<nc:StartDate>
					<nc:Date>1967-08-13</nc:Date>
				</nc:StartDate>
				<nc:EndDate>
					<nc:Date>1967-08-13</nc:Date>
				</nc:EndDate>
			</nc:DateRange>
			<nc:PersonReference/>
		</appa:Seperates>
		<nc:Location>
			<nc:LocationAddress>
				<nc:AddressFullText>String</nc:AddressFullText>
			</nc:LocationAddress>
		</nc:Location>
		<nc:ResidenceAssociation>
			<nc:PersonReference/>
			<nc:LocationReference/>
		</nc:ResidenceAssociation>
		<nc:PersonCurrentLocationAssociation>
			<nc:PersonReference/>
			<nc:LocationReference/>
		</nc:PersonCurrentLocationAssociation>
		<nc:Release>
			<nc:ActivityDateRange>
				<nc:StartDate>
					<nc:Date>1967-08-13</nc:Date>
				</nc:StartDate>
				<nc:EndDate>
					<nc:Date>1967-08-13</nc:Date>
				</nc:EndDate>
			</nc:ActivityDateRange>
			<nc:ActivityDescriptionText>String</nc:ActivityDescriptionText>
			<nc:ActivityName>String</nc:ActivityName>
			<nc:ActivityStatus>
				<nc:StatusText>String</nc:StatusText>
				<nc:StatusDate>
					<nc:Date>1967-08-13</nc:Date>
				</nc:StatusDate>
				<nc:StatusDescriptionText>String</nc:StatusDescriptionText>
			</nc:ActivityStatus>
			<nc:ActivityReasonText>String</nc:ActivityReasonText>
			<nc:ActivityDisposition>
				<nc:DispositionEntity>
					<nc:EntityOrganization>
						<nc:OrganizationLocation>
							<nc:LocationAddress>
								<nc:AddressFullText>String</nc:AddressFullText>
							</nc:LocationAddress>
						</nc:OrganizationLocation>
						<nc:OrganizationName>String</nc:OrganizationName>
						<nc:OrganizationPrimaryContactInformation>
							<nc:ContactTelephoneNumber>
								<nc:FullTelephoneNumber>
									<nc:TelephoneNumberFullID>String</nc:TelephoneNumberFullID>
								</nc:FullTelephoneNumber>
							</nc:ContactTelephoneNumber>
						</nc:OrganizationPrimaryContactInformation>
					</nc:EntityOrganization>
				</nc:DispositionEntity>
				<nc:DispositionDate>
					<nc:Date>1967-08-13</nc:Date>
				</nc:DispositionDate>
				<nc:DispositionDescriptionText>String</nc:DispositionDescriptionText>
				<nc:DispositionReasonText>String</nc:DispositionReasonText>
				<nc:DispositionText>String</nc:DispositionText>
			</nc:ActivityDisposition>
			<nc:ReleasePerson>
				<nc:PersonAgeMeasure/>
				<nc:PersonBirthDate>
					<nc:Date>1967-08-13</nc:Date>
				</nc:PersonBirthDate>
				<nc:PersonBirthLocation>
					<nc:LocationAddress>
						<nc:AddressFullText>String</nc:AddressFullText>
					</nc:LocationAddress>
				</nc:PersonBirthLocation>
				<nc:PersonDigitalImage>
					<nc:BinaryID>String</nc:BinaryID>
					<nc:BinaryBase64Object>UjBsR09EbGhjZ0dTQUxNQUFBUUNBRU1tQ1p0dU1GUXhEUzhi</nc:BinaryBase64Object>
					<nc:BinaryDescriptionText>String</nc:BinaryDescriptionText>
				</nc:PersonDigitalImage>
				<nc:PersonEthnicityText>String</nc:PersonEthnicityText>
				<nc:PersonHeightMeasure/>
				<aidi:PersonName>
					<nc:PersonGivenName>String</nc:PersonGivenName>
					<nc:PersonMiddleName>String</nc:PersonMiddleName>
					<nc:PersonSurName>String</nc:PersonSurName>
					<nc:PersonMaidenName>String</nc:PersonMaidenName>
					<nc:PersonFullName>String</nc:PersonFullName>
					<aidi:SoundexFlag>true</aidi:SoundexFlag>
				</aidi:PersonName>
				<nc:PersonOtherIdentification>
					<nc:IdentificationID>String</nc:IdentificationID>
					<nc:IdentificationCategoryDescriptionText>String</nc:IdentificationCategoryDescriptionText>
					<nc:IdentificationSourceText>String</nc:IdentificationSourceText>
				</nc:PersonOtherIdentification>
				<nc:PersonPassportIdentification>
					<nc:IdentificationID>String</nc:IdentificationID>
					<nc:IdentificationCategoryDescriptionText>String</nc:IdentificationCategoryDescriptionText>
					<nc:IdentificationSourceText>String</nc:IdentificationSourceText>
				</nc:PersonPassportIdentification>
				<nc:PersonPhysicalFeature>
					<nc:PhysicalFeatureGeneralCategoryText>String</nc:PhysicalFeatureGeneralCategoryText>
					<nc:PhysicalFeatureImage>
						<nc:BinaryID>String</nc:BinaryID>
						<nc:BinaryBase64Object>UjBsR09EbGhjZ0dTQUxNQUFBUUNBRU1tQ1p0dU1GUXhEUzhi</nc:BinaryBase64Object>
						<nc:BinaryDescriptionText>String</nc:BinaryDescriptionText>
					</nc:PhysicalFeatureImage>
					<nc:PhysicalFeatureLocationText>String</nc:PhysicalFeatureLocationText>
				</nc:PersonPhysicalFeature>
				<nc:PersonPrimaryLanguage/>
				<nc:PersonRaceText>String</nc:PersonRaceText>
				<nc:PersonSSNIdentification>
					<nc:IdentificationID>String</nc:IdentificationID>
					<nc:IdentificationCategoryDescriptionText>String</nc:IdentificationCategoryDescriptionText>
					<nc:IdentificationSourceText>String</nc:IdentificationSourceText>
				</nc:PersonSSNIdentification>
				<nc:PersonStateIdentification>
					<nc:IdentificationID>String</nc:IdentificationID>
					<nc:IdentificationCategoryDescriptionText>String</nc:IdentificationCategoryDescriptionText>
					<nc:IdentificationSourceText>String</nc:IdentificationSourceText>
				</nc:PersonStateIdentification>
				<nc:PersonUSCitizenIndicator>true</nc:PersonUSCitizenIndicator>
				<nc:PersonWeightMeasure/>
			</nc:ReleasePerson>
			<nc:ReleaseFromLocation>
				<nc:LocationAddress>
					<nc:AddressFullText>String</nc:AddressFullText>
				</nc:LocationAddress>
			</nc:ReleaseFromLocation>
			<nc:ReleaseIssuer>
				<nc:EntityOrganization>
					<nc:OrganizationLocation>
						<nc:LocationAddress>
							<nc:AddressFullText>String</nc:AddressFullText>
						</nc:LocationAddress>
					</nc:OrganizationLocation>
					<nc:OrganizationName>String</nc:OrganizationName>
					<nc:OrganizationPrimaryContactInformation>
						<nc:ContactTelephoneNumber>
							<nc:FullTelephoneNumber>
								<nc:TelephoneNumberFullID>String</nc:TelephoneNumberFullID>
							</nc:FullTelephoneNumber>
						</nc:ContactTelephoneNumber>
					</nc:OrganizationPrimaryContactInformation>
				</nc:EntityOrganization>
			</nc:ReleaseIssuer>
			<nc:ReleaseRecipient>
				<nc:EntityOrganization>
					<nc:OrganizationLocation>
						<nc:LocationAddress>
							<nc:AddressFullText>String</nc:AddressFullText>
						</nc:LocationAddress>
					</nc:OrganizationLocation>
					<nc:OrganizationName>String</nc:OrganizationName>
					<nc:OrganizationPrimaryContactInformation>
						<nc:ContactTelephoneNumber>
							<nc:FullTelephoneNumber>
								<nc:TelephoneNumberFullID>String</nc:TelephoneNumberFullID>
							</nc:FullTelephoneNumber>
						</nc:ContactTelephoneNumber>
					</nc:OrganizationPrimaryContactInformation>
				</nc:EntityOrganization>
			</nc:ReleaseRecipient>
			<nc:ReleaseToLocation>
				<nc:LocationAddress>
					<nc:AddressFullText>String</nc:AddressFullText>
				</nc:LocationAddress>
			</nc:ReleaseToLocation>
			<nc:ReleaseSupervisor>
				<nc:EntityOrganization>
					<nc:OrganizationLocation>
						<nc:LocationAddress>
							<nc:AddressFullText>String</nc:AddressFullText>
						</nc:LocationAddress>
					</nc:OrganizationLocation>
					<nc:OrganizationName>String</nc:OrganizationName>
					<nc:OrganizationPrimaryContactInformation>
						<nc:ContactTelephoneNumber>
							<nc:FullTelephoneNumber>
								<nc:TelephoneNumberFullID>String</nc:TelephoneNumberFullID>
							</nc:FullTelephoneNumber>
						</nc:ContactTelephoneNumber>
					</nc:OrganizationPrimaryContactInformation>
				</nc:EntityOrganization>
			</nc:ReleaseSupervisor>
		</nc:Release>
		<nc:PersonContactInformationAssociation>
			<nc:PersonReference/>
			<nc:ContactInformationReference/>
		</nc:PersonContactInformationAssociation>
		<nc:ContactInformation>
			<nc:ContactTelephoneNumber>
				<nc:FullTelephoneNumber>
					<nc:TelephoneNumberFullID>String</nc:TelephoneNumberFullID>
				</nc:FullTelephoneNumber>
			</nc:ContactTelephoneNumber>
		</nc:ContactInformation>
		<aidi:Person>
			<nc:PersonAgeMeasure/>
			<nc:PersonBirthDate>
				<nc:Date>1967-08-13</nc:Date>
			</nc:PersonBirthDate>
			<nc:PersonBirthLocation>
				<nc:LocationAddress>
					<nc:AddressFullText>String</nc:AddressFullText>
				</nc:LocationAddress>
			</nc:PersonBirthLocation>
			<nc:PersonDigitalImage>
				<nc:BinaryID>String</nc:BinaryID>
				<nc:BinaryBase64Object>UjBsR09EbGhjZ0dTQUxNQUFBUUNBRU1tQ1p0dU1GUXhEUzhi</nc:BinaryBase64Object>
				<nc:BinaryDescriptionText>String</nc:BinaryDescriptionText>
			</nc:PersonDigitalImage>
			<nc:PersonEthnicityText>String</nc:PersonEthnicityText>
			<nc:PersonHeightMeasure/>
			<aidi:PersonName>
				<nc:PersonGivenName>String</nc:PersonGivenName>
				<nc:PersonMiddleName>String</nc:PersonMiddleName>
				<nc:PersonSurName>String</nc:PersonSurName>
				<nc:PersonMaidenName>String</nc:PersonMaidenName>
				<nc:PersonFullName>String</nc:PersonFullName>
				<aidi:SoundexFlag>true</aidi:SoundexFlag>
			</aidi:PersonName>
			<nc:PersonOtherIdentification>
				<nc:IdentificationID>String</nc:IdentificationID>
				<nc:IdentificationCategoryDescriptionText>String</nc:IdentificationCategoryDescriptionText>
				<nc:IdentificationSourceText>String</nc:IdentificationSourceText>
			</nc:PersonOtherIdentification>
			<nc:PersonPassportIdentification>
				<nc:IdentificationID>String</nc:IdentificationID>
				<nc:IdentificationCategoryDescriptionText>String</nc:IdentificationCategoryDescriptionText>
				<nc:IdentificationSourceText>String</nc:IdentificationSourceText>
			</nc:PersonPassportIdentification>
			<nc:PersonPhysicalFeature>
				<nc:PhysicalFeatureGeneralCategoryText>String</nc:PhysicalFeatureGeneralCategoryText>
				<nc:PhysicalFeatureImage>
					<nc:BinaryID>String</nc:BinaryID>
					<nc:BinaryBase64Object>UjBsR09EbGhjZ0dTQUxNQUFBUUNBRU1tQ1p0dU1GUXhEUzhi</nc:BinaryBase64Object>
					<nc:BinaryDescriptionText>String</nc:BinaryDescriptionText>
				</nc:PhysicalFeatureImage>
				<nc:PhysicalFeatureLocationText>String</nc:PhysicalFeatureLocationText>
			</nc:PersonPhysicalFeature>
			<nc:PersonPrimaryLanguage/>
			<nc:PersonRaceText>String</nc:PersonRaceText>
			<nc:PersonSSNIdentification>
				<nc:IdentificationID>String</nc:IdentificationID>
				<nc:IdentificationCategoryDescriptionText>String</nc:IdentificationCategoryDescriptionText>
				<nc:IdentificationSourceText>String</nc:IdentificationSourceText>
			</nc:PersonSSNIdentification>
			<nc:PersonStateIdentification>
				<nc:IdentificationID>String</nc:IdentificationID>
				<nc:IdentificationCategoryDescriptionText>String</nc:IdentificationCategoryDescriptionText>
				<nc:IdentificationSourceText>String</nc:IdentificationSourceText>
			</nc:PersonStateIdentification>
			<nc:PersonUSCitizenIndicator>true</nc:PersonUSCitizenIndicator>
			<nc:PersonWeightMeasure/>
			<j:PersonAugmentation>
				<nc:DriverLicense>
					<nc:DriverLicenseIdentification>
						<nc:IdentificationID>String</nc:IdentificationID>
						<nc:IdentificationCategoryDescriptionText>String</nc:IdentificationCategoryDescriptionText>
						<nc:IdentificationSourceText>String</nc:IdentificationSourceText>
					</nc:DriverLicenseIdentification>
				</nc:DriverLicense>
				<j:PersonFBIIdentification>
					<nc:IdentificationID>String</nc:IdentificationID>
					<nc:IdentificationCategoryDescriptionText>String</nc:IdentificationCategoryDescriptionText>
					<nc:IdentificationSourceText>String</nc:IdentificationSourceText>
				</j:PersonFBIIdentification>
			</j:PersonAugmentation>
		</aidi:Person>
	</appa:DischargeSummary>
	<im:Alien>
		<nc:RoleOfPersonReference/>
		<im:AlienCitizenship>
			<im:CitizenshipCertificateIdentification>
				<nc:IdentificationID>String</nc:IdentificationID>
				<nc:IdentificationCategoryDescriptionText>String</nc:IdentificationCategoryDescriptionText>
				<nc:IdentificationSourceText>String</nc:IdentificationSourceText>
			</im:CitizenshipCertificateIdentification>
		</im:AlienCitizenship>
	</im:Alien>
	<j:ConvictionOffense>
		<nc:ActivityDateRange>
			<nc:StartDate>
				<nc:Date>1967-08-13</nc:Date>
			</nc:StartDate>
			<nc:EndDate>
				<nc:Date>1967-08-13</nc:Date>
			</nc:EndDate>
		</nc:ActivityDateRange>
		<nc:ActivityDescriptionText>String</nc:ActivityDescriptionText>
		<nc:ActivityName>String</nc:ActivityName>
		<nc:ActivityStatus>
			<nc:StatusText>String</nc:StatusText>
			<nc:StatusDate>
				<nc:Date>1967-08-13</nc:Date>
			</nc:StatusDate>
			<nc:StatusDescriptionText>String</nc:StatusDescriptionText>
		</nc:ActivityStatus>
		<nc:ActivityReasonText>String</nc:ActivityReasonText>
		<nc:ActivityDisposition>
			<nc:DispositionEntity>
				<nc:EntityOrganization>
					<nc:OrganizationLocation>
						<nc:LocationAddress>
							<nc:AddressFullText>String</nc:AddressFullText>
						</nc:LocationAddress>
					</nc:OrganizationLocation>
					<nc:OrganizationName>String</nc:OrganizationName>
					<nc:OrganizationPrimaryContactInformation>
						<nc:ContactTelephoneNumber>
							<nc:FullTelephoneNumber>
								<nc:TelephoneNumberFullID>String</nc:TelephoneNumberFullID>
							</nc:FullTelephoneNumber>
						</nc:ContactTelephoneNumber>
					</nc:OrganizationPrimaryContactInformation>
				</nc:EntityOrganization>
			</nc:DispositionEntity>
			<nc:DispositionDate>
				<nc:Date>1967-08-13</nc:Date>
			</nc:DispositionDate>
			<nc:DispositionDescriptionText>String</nc:DispositionDescriptionText>
			<nc:DispositionReasonText>String</nc:DispositionReasonText>
			<nc:DispositionText>String</nc:DispositionText>
		</nc:ActivityDisposition>
		<nc:IncidentLocation>
			<nc:LocationAddress>
				<nc:AddressFullText>String</nc:AddressFullText>
			</nc:LocationAddress>
		</nc:IncidentLocation>
	</j:ConvictionOffense>
	<nc:ActivityInvolvedPersonAssociation>
		<nc:ActivityReference/>
		<nc:PersonReference/>
	</nc:ActivityInvolvedPersonAssociation>
	<nc:PersonOrganizationAssociation>
		<nc:PersonReference/>
		<nc:OrganizationReference/>
	</nc:PersonOrganizationAssociation>
</aidiDIM:DetailedInformationMessage>
