<?xml version="1.0" encoding="UTF-8"?>
<aidiERM:EventRequestMessage xsi:schemaLocation="http://it.ojp.gov/GlobalJRA/FusionCenter/AIDI/1.2/EventRequestMessage ..\schema\exchange\EventRequestMessageSchema.xsd" xmlns:aidiERM="http://it.ojp.gov/GlobalJRA/FusionCenter/AIDI/1.2/EventRequestMessage" xmlns:nc="http://niem.gov/niem/niem-core/2.0" xmlns:xsi="http://www.w3.org/2001/XMLSchema-instance">
	<nc:DocumentCreationDate>
		<nc:Date>1967-08-13</nc:Date>
	</nc:DocumentCreationDate>
	<nc:DocumentIdentification>
		<nc:IdentificationID>String</nc:IdentificationID>
		<nc:IdentificationCategoryDescriptionText>String</nc:IdentificationCategoryDescriptionText>
		<nc:IdentificationSourceText>String</nc:IdentificationSourceText>
	</nc:DocumentIdentification>
	<nc:LocationStateName>String</nc:LocationStateName>
	<nc:LocationPostalCode>String</nc:LocationPostalCode>
</aidiERM:EventRequestMessage>
