<?xml version="1.0" encoding="UTF-8"?>
<aidiIRM:InformationRequestMessage xsi:schemaLocation="http://it.ojp.gov/GlobalJRA/FusionCenter/AIDI/1.2/InformationRequestMessage ..\schema\exchange\InformationRequestMessageSchema.xsd" xmlns:appa="http://appa.org/NIEM/2.0/InstitutionalDischargeSummary/Extension" xmlns:aidi="http://it.ojp.gov/GlobalJRA/FusionCenter/AIDI/1.2/AIDIExtension" xmlns:aidiIRM="http://it.ojp.gov/GlobalJRA/FusionCenter/AIDI/1.2/InformationRequestMessage" xmlns:im="http://niem.gov/niem/domains/immigration/2.0" xmlns:j="http://niem.gov/niem/domains/jxdm/4.0" xmlns:nc="http://niem.gov/niem/niem-core/2.0" xmlns:xsi="http://www.w3.org/2001/XMLSchema-instance">
	<nc:DocumentCreationDate>
		<nc:Date>1967-08-13</nc:Date>
	</nc:DocumentCreationDate>
	<nc:DocumentIdentification>
		<nc:IdentificationID>String</nc:IdentificationID>
		<nc:IdentificationCategoryDescriptionText>String</nc:IdentificationCategoryDescriptionText>
		<nc:IdentificationSourceText>String</nc:IdentificationSourceText>
	</nc:DocumentIdentification>
	<j:Subject>
		<j:SubjectIdentification>
			<nc:IdentificationID>String</nc:IdentificationID>
			<nc:IdentificationCategoryDescriptionText>String</nc:IdentificationCategoryDescriptionText>
			<nc:IdentificationSourceText>String</nc:IdentificationSourceText>
		</j:SubjectIdentification>
		<j:SubjectSupervision>
			<nc:SupervisionCurrentIndicator>true</nc:SupervisionCurrentIndicator>
			<aidi:SupervisionPerson>
				<nc:PersonAgeMeasure/>
				<nc:PersonBirthDate>
					<nc:Date>1967-08-13</nc:Date>
				</nc:PersonBirthDate>
				<nc:PersonBirthLocation>
					<nc:LocationAddress>
						<nc:AddressFullText>String</nc:AddressFullText>
					</nc:LocationAddress>
				</nc:PersonBirthLocation>
				<nc:PersonDigitalImage>
					<nc:BinaryID>String</nc:BinaryID>
					<nc:BinaryBase64Object>UjBsR09EbGhjZ0dTQUxNQUFBUUNBRU1tQ1p0dU1GUXhEUzhi</nc:BinaryBase64Object>
					<nc:BinaryDescriptionText>String</nc:BinaryDescriptionText>
				</nc:PersonDigitalImage>
				<nc:PersonEthnicityText>String</nc:PersonEthnicityText>
				<nc:PersonHeightMeasure/>
				<aidi:PersonName>
					<nc:PersonGivenName>String</nc:PersonGivenName>
					<nc:PersonMiddleName>String</nc:PersonMiddleName>
					<nc:PersonSurName>String</nc:PersonSurName>
					<nc:PersonMaidenName>String</nc:PersonMaidenName>
					<nc:PersonFullName>String</nc:PersonFullName>
					<aidi:SoundexFlag>true</aidi:SoundexFlag>
				</aidi:PersonName>
				<nc:PersonOtherIdentification>
					<nc:IdentificationID>String</nc:IdentificationID>
					<nc:IdentificationCategoryDescriptionText>String</nc:IdentificationCategoryDescriptionText>
					<nc:IdentificationSourceText>String</nc:IdentificationSourceText>
				</nc:PersonOtherIdentification>
				<nc:PersonPassportIdentification>
					<nc:IdentificationID>String</nc:IdentificationID>
					<nc:IdentificationCategoryDescriptionText>String</nc:IdentificationCategoryDescriptionText>
					<nc:IdentificationSourceText>String</nc:IdentificationSourceText>
				</nc:PersonPassportIdentification>
				<nc:PersonPhysicalFeature>
					<nc:PhysicalFeatureGeneralCategoryText>String</nc:PhysicalFeatureGeneralCategoryText>
					<nc:PhysicalFeatureImage>
						<nc:BinaryID>String</nc:BinaryID>
						<nc:BinaryBase64Object>UjBsR09EbGhjZ0dTQUxNQUFBUUNBRU1tQ1p0dU1GUXhEUzhi</nc:BinaryBase64Object>
						<nc:BinaryDescriptionText>String</nc:BinaryDescriptionText>
					</nc:PhysicalFeatureImage>
					<nc:PhysicalFeatureLocationText>String</nc:PhysicalFeatureLocationText>
				</nc:PersonPhysicalFeature>
				<nc:PersonPrimaryLanguage/>
				<nc:PersonRaceText>String</nc:PersonRaceText>
				<nc:PersonSSNIdentification>
					<nc:IdentificationID>String</nc:IdentificationID>
					<nc:IdentificationCategoryDescriptionText>String</nc:IdentificationCategoryDescriptionText>
					<nc:IdentificationSourceText>String</nc:IdentificationSourceText>
				</nc:PersonSSNIdentification>
				<nc:PersonStateIdentification>
					<nc:IdentificationID>String</nc:IdentificationID>
					<nc:IdentificationCategoryDescriptionText>String</nc:IdentificationCategoryDescriptionText>
					<nc:IdentificationSourceText>String</nc:IdentificationSourceText>
				</nc:PersonStateIdentification>
				<nc:PersonUSCitizenIndicator>true</nc:PersonUSCitizenIndicator>
				<nc:PersonWeightMeasure/>
				<j:PersonAugmentation>
					<nc:DriverLicense>
						<nc:DriverLicenseIdentification>
							<nc:IdentificationID>String</nc:IdentificationID>
							<nc:IdentificationCategoryDescriptionText>String</nc:IdentificationCategoryDescriptionText>
							<nc:IdentificationSourceText>String</nc:IdentificationSourceText>
						</nc:DriverLicenseIdentification>
					</nc:DriverLicense>
					<j:PersonFBIIdentification>
						<nc:IdentificationID>String</nc:IdentificationID>
						<nc:IdentificationCategoryDescriptionText>String</nc:IdentificationCategoryDescriptionText>
						<nc:IdentificationSourceText>String</nc:IdentificationSourceText>
					</j:PersonFBIIdentification>
				</j:PersonAugmentation>
			</aidi:SupervisionPerson>
			<nc:SupervisionSupervisor>
				<nc:EntityOrganization>
					<nc:OrganizationLocation>
						<nc:LocationAddress>
							<nc:AddressFullText>String</nc:AddressFullText>
						</nc:LocationAddress>
					</nc:OrganizationLocation>
					<nc:OrganizationName>String</nc:OrganizationName>
					<nc:OrganizationPrimaryContactInformation>
						<nc:ContactTelephoneNumber>
							<nc:FullTelephoneNumber>
								<nc:TelephoneNumberFullID>String</nc:TelephoneNumberFullID>
							</nc:FullTelephoneNumber>
						</nc:ContactTelephoneNumber>
					</nc:OrganizationPrimaryContactInformation>
				</nc:EntityOrganization>
			</nc:SupervisionSupervisor>
		</j:SubjectSupervision>
	</j:Subject>
	<im:Alien>
		<nc:RoleOfPersonReference/>
		<im:AlienCitizenship>
			<im:CitizenshipCertificateIdentification>
				<nc:IdentificationID>String</nc:IdentificationID>
				<nc:IdentificationCategoryDescriptionText>String</nc:IdentificationCategoryDescriptionText>
				<nc:IdentificationSourceText>String</nc:IdentificationSourceText>
			</im:CitizenshipCertificateIdentification>
		</im:AlienCitizenship>
	</im:Alien>
	<nc:ContactInformation>
		<nc:ContactTelephoneNumber>
			<nc:FullTelephoneNumber>
				<nc:TelephoneNumberFullID>String</nc:TelephoneNumberFullID>
			</nc:FullTelephoneNumber>
		</nc:ContactTelephoneNumber>
	</nc:ContactInformation>
	<nc:PersonContactInformationAssociation>
		<nc:PersonReference/>
		<nc:ContactInformationReference/>
	</nc:PersonContactInformationAssociation>
	<nc:Location>
		<nc:LocationAddress>
			<nc:AddressFullText>String</nc:AddressFullText>
		</nc:LocationAddress>
	</nc:Location>
	<nc:ResidenceAssociation>
		<nc:PersonReference/>
		<nc:LocationReference/>
	</nc:ResidenceAssociation>
	<j:ConvictionOffense>
		<nc:ActivityDateRange>
			<nc:StartDate>
				<nc:Date>1967-08-13</nc:Date>
			</nc:StartDate>
			<nc:EndDate>
				<nc:Date>1967-08-13</nc:Date>
			</nc:EndDate>
		</nc:ActivityDateRange>
		<nc:ActivityDescriptionText>String</nc:ActivityDescriptionText>
		<nc:ActivityName>String</nc:ActivityName>
		<nc:ActivityStatus>
			<nc:StatusText>String</nc:StatusText>
			<nc:StatusDate>
				<nc:Date>1967-08-13</nc:Date>
			</nc:StatusDate>
			<nc:StatusDescriptionText>String</nc:StatusDescriptionText>
		</nc:ActivityStatus>
		<nc:ActivityReasonText>String</nc:ActivityReasonText>
		<nc:ActivityDisposition>
			<nc:DispositionEntity>
				<nc:EntityOrganization>
					<nc:OrganizationLocation>
						<nc:LocationAddress>
							<nc:AddressFullText>String</nc:AddressFullText>
						</nc:LocationAddress>
					</nc:OrganizationLocation>
					<nc:OrganizationName>String</nc:OrganizationName>
					<nc:OrganizationPrimaryContactInformation>
						<nc:ContactTelephoneNumber>
							<nc:FullTelephoneNumber>
								<nc:TelephoneNumberFullID>String</nc:TelephoneNumberFullID>
							</nc:FullTelephoneNumber>
						</nc:ContactTelephoneNumber>
					</nc:OrganizationPrimaryContactInformation>
				</nc:EntityOrganization>
			</nc:DispositionEntity>
			<nc:DispositionDate>
				<nc:Date>1967-08-13</nc:Date>
			</nc:DispositionDate>
			<nc:DispositionDescriptionText>String</nc:DispositionDescriptionText>
			<nc:DispositionReasonText>String</nc:DispositionReasonText>
			<nc:DispositionText>String</nc:DispositionText>
		</nc:ActivityDisposition>
		<nc:IncidentLocation>
			<nc:LocationAddress>
				<nc:AddressFullText>String</nc:AddressFullText>
			</nc:LocationAddress>
		</nc:IncidentLocation>
	</j:ConvictionOffense>
	<nc:ActivityInvolvedPersonAssociation>
		<nc:ActivityReference/>
		<nc:PersonReference/>
	</nc:ActivityInvolvedPersonAssociation>
	<appa:Memberships>
		<nc:ActivityDateRange>
			<nc:StartDate>
				<nc:Date>1967-08-13</nc:Date>
			</nc:StartDate>
			<nc:EndDate>
				<nc:Date>1967-08-13</nc:Date>
			</nc:EndDate>
		</nc:ActivityDateRange>
		<nc:ActivityDescriptionText>String</nc:ActivityDescriptionText>
		<nc:ActivityName>String</nc:ActivityName>
		<nc:ActivityStatus>
			<nc:StatusText>String</nc:StatusText>
			<nc:StatusDate>
				<nc:Date>1967-08-13</nc:Date>
			</nc:StatusDate>
			<nc:StatusDescriptionText>String</nc:StatusDescriptionText>
		</nc:ActivityStatus>
		<nc:ActivityReasonText>String</nc:ActivityReasonText>
		<nc:ActivityDisposition>
			<nc:DispositionEntity>
				<nc:EntityOrganization>
					<nc:OrganizationLocation>
						<nc:LocationAddress>
							<nc:AddressFullText>String</nc:AddressFullText>
						</nc:LocationAddress>
					</nc:OrganizationLocation>
					<nc:OrganizationName>String</nc:OrganizationName>
					<nc:OrganizationPrimaryContactInformation>
						<nc:ContactTelephoneNumber>
							<nc:FullTelephoneNumber>
								<nc:TelephoneNumberFullID>String</nc:TelephoneNumberFullID>
							</nc:FullTelephoneNumber>
						</nc:ContactTelephoneNumber>
					</nc:OrganizationPrimaryContactInformation>
				</nc:EntityOrganization>
			</nc:DispositionEntity>
			<nc:DispositionDate>
				<nc:Date>1967-08-13</nc:Date>
			</nc:DispositionDate>
			<nc:DispositionDescriptionText>String</nc:DispositionDescriptionText>
			<nc:DispositionReasonText>String</nc:DispositionReasonText>
			<nc:DispositionText>String</nc:DispositionText>
		</nc:ActivityDisposition>
		<nc:Organization>
			<nc:OrganizationLocation>
				<nc:LocationAddress>
					<nc:AddressFullText>String</nc:AddressFullText>
				</nc:LocationAddress>
			</nc:OrganizationLocation>
			<nc:OrganizationName>String</nc:OrganizationName>
			<nc:OrganizationPrimaryContactInformation>
				<nc:ContactTelephoneNumber>
					<nc:FullTelephoneNumber>
						<nc:TelephoneNumberFullID>String</nc:TelephoneNumberFullID>
					</nc:FullTelephoneNumber>
				</nc:ContactTelephoneNumber>
			</nc:OrganizationPrimaryContactInformation>
		</nc:Organization>
		<appa:ThreatGroupIndicator>true</appa:ThreatGroupIndicator>
	</appa:Memberships>
	<aidi:MembershipPersonAssociation>
		<nc:ActivityReference/>
		<nc:PersonReference/>
	</aidi:MembershipPersonAssociation>
</aidiIRM:InformationRequestMessage>
