<?xml version="1.0" encoding="ISO-8859-1"?>
<w:WantList w:release="2.0" w:product="NIEM" xmlns:w="http://niem.gov/niem/wantlist/1">
    <w:Element w:prefix="nc" w:name="PersonAgeMeasure"
    w:isReference="false"/>
    <w:Element w:prefix="nc" w:name="MeasureValue" w:isReference="false"/>
    <w:Element w:prefix="nc" w:name="MeasurePointValue"
    w:isReference="false"/>
    <w:Element w:prefix="nc" w:name="OrganizationIdentification"
    w:isReference="false"/>
    <w:Element w:prefix="nc" w:name="IdentificationID"
    w:isReference="false"/>
    <w:Element w:prefix="nc" w:name="LocationAltitudeMeasure"
    w:isReference="false"/>
    <w:Element w:prefix="nc" w:name="MeasureCategoryText"
    w:isReference="false"/>
    <w:Element w:prefix="nc" w:name="MeasureUnitText" w:isReference="false"/>
    <w:Element w:prefix="nc" w:name="ContactMeans" w:isReference="false"/>
    <w:Element w:prefix="nc" w:name="ContactTelephoneNumber"
    w:isReference="false"/>
    <w:Element w:prefix="nc" w:name="TelephoneNumberRepresentation"
    w:isReference="false"/>
    <w:Element w:prefix="nc" w:name="NANPTelephoneNumber"
    w:isReference="false"/>
    <w:Element w:prefix="nc" w:name="TelephoneAreaCodeID"
    w:isReference="false"/>
    <w:Element w:prefix="nc" w:name="LocationAddress" w:isReference="false"/>
    <w:Element w:prefix="nc" w:name="AddressRepresentation"
    w:isReference="false"/>
    <w:Element w:prefix="nc" w:name="StructuredAddress"
    w:isReference="false"/>
    <w:Element w:prefix="nc" w:name="AddressDeliveryPoint"
    w:isReference="false"/>
    <w:Element w:prefix="nc" w:name="AddressDeliveryPointText"
    w:isReference="false"/>
    <w:Element w:prefix="nc" w:name="AddressBuildingText"
    w:isReference="false"/>
    <w:Element w:prefix="j" w:name="ServiceCallDispatchedDate"
    w:isReference="false"/>
    <w:Element w:prefix="nc" w:name="DateRepresentation"
    w:isReference="false"/>
    <w:Element w:prefix="nc" w:name="DateTime" w:isReference="false"/>
    <w:Element w:prefix="nc" w:name="ActivityDescriptionText"
    w:isReference="false"/>
    <w:Element w:prefix="nc" w:name="ActivityStatus" w:isReference="false"/>
    <w:Element w:prefix="nc" w:name="StatusText" w:isReference="false"/>
    <w:Element w:prefix="j" w:name="ServiceCallMechanismText"
    w:isReference="false"/>
    <w:Element w:prefix="nc" w:name="ContactInformationDescriptionText"
    w:isReference="false"/>
    <w:Element w:prefix="nc" w:name="LocationCountry" w:isReference="false"/>
    <w:Element w:prefix="nc" w:name="LocationCountryName"
    w:isReference="false"/>
    <w:Element w:prefix="nc" w:name="LocationCounty" w:isReference="false"/>
    <w:Element w:prefix="nc" w:name="LocationCountyName"
    w:isReference="false"/>
    <w:Element w:prefix="nc" w:name="PersonBirthDate" w:isReference="false"/>
    <w:Element w:prefix="nc" w:name="Date" w:isReference="false"/>
    <w:Element w:prefix="nc" w:name="LocationUTMCoordinate"
    w:isReference="false"/>
    <w:Element w:prefix="nc" w:name="UTMDatumID" w:isReference="false"/>
    <w:Element w:prefix="nc" w:name="PersonDescriptionText"
    w:isReference="false"/>
    <w:Element w:prefix="nc" w:name="ContactEmailID" w:isReference="false"/>
    <w:Element w:prefix="nc" w:name="ConveyanceRegistrationPlateIdentification"
    w:isReference="false"/>
    <w:Element w:prefix="nc" w:name="IdentificationExpirationDate"
    w:isReference="false"/>
    <w:Element w:prefix="nc" w:name="PersonEyeColor" w:isReference="false"/>
    <w:Element w:prefix="nc" w:name="PersonEyeColorCode"
    w:isReference="false"/>
    <w:Element w:prefix="nc" w:name="PersonGivenName" w:isReference="false"/>
    <w:Element w:prefix="nc" w:name="AddressSecondaryUnitText"
    w:isReference="false"/>
    <w:Element w:prefix="nc" w:name="AddressFullText" w:isReference="false"/>
    <w:Element w:prefix="nc" w:name="PersonFullName" w:isReference="false"/>
    <w:Element w:prefix="nc" w:name="PersonHairColor" w:isReference="false"/>
    <w:Element w:prefix="nc" w:name="PersonHairColorCode"
    w:isReference="false"/>
    <w:Element w:prefix="nc" w:name="PersonHeightMeasure"
    w:isReference="false"/>
    <w:Element w:prefix="nc" w:name="PersonSurName" w:isReference="false"/>
    <w:Element w:prefix="nc" w:name="LocationTwoDimensionalGeographicCoordinate"
    w:isReference="false"/>
    <w:Element w:prefix="nc" w:name="GeographicCoordinateLatitude"
    w:isReference="false"/>
    <w:Element w:prefix="nc" w:name="LatitudeDegreeValue"
    w:isReference="false"/>
    <w:Element w:prefix="nc" w:name="LatitudeMinuteValue"
    w:isReference="false"/>
    <w:Element w:prefix="nc" w:name="LatitudeSecondValue"
    w:isReference="false"/>
    <w:Element w:prefix="nc" w:name="LocationCityName"
    w:isReference="false"/>
    <w:Element w:prefix="nc" w:name="AddressPrivateMailboxText"
    w:isReference="false"/>
    <w:Element w:prefix="nc" w:name="LocationPostalCode"
    w:isReference="false"/>
    <w:Element w:prefix="nc" w:name="AddressDeliveryPointID"
    w:isReference="false"/>
    <w:Element w:prefix="nc" w:name="LocationState" w:isReference="false"/>
    <w:Element w:prefix="nc" w:name="LocationStateUSPostalServiceCode"
    w:isReference="false"/>
    <w:Element w:prefix="nc" w:name="LocationStreet" w:isReference="false"/>
    <w:Element w:prefix="nc" w:name="StreetName" w:isReference="false"/>
    <w:Element w:prefix="nc" w:name="StreetNumberText"
    w:isReference="false"/>
    <w:Element w:prefix="nc" w:name="StreetPostdirectionalText"
    w:isReference="false"/>
    <w:Element w:prefix="nc" w:name="StreetPredirectionalText"
    w:isReference="false"/>
    <w:Element w:prefix="nc" w:name="StreetCategoryText"
    w:isReference="false"/>
    <w:Element w:prefix="nc" w:name="GeographicCoordinateLongitude"
    w:isReference="false"/>
    <w:Element w:prefix="nc" w:name="LongitudeDegreeValue"
    w:isReference="false"/>
    <w:Element w:prefix="nc" w:name="LongitudeMinuteValue"
    w:isReference="false"/>
    <w:Element w:prefix="nc" w:name="LongitudeSecondValue"
    w:isReference="false"/>
    <w:Element w:prefix="nc" w:name="SpeedMeasure" w:isReference="false"/>
    <w:Element w:prefix="nc" w:name="SpeedUnitCode" w:isReference="false"/>
    <w:Element w:prefix="nc" w:name="VehicleMakeCode" w:isReference="false"/>
    <w:Element w:prefix="nc" w:name="PersonMiddleName"
    w:isReference="false"/>
    <w:Element w:prefix="nc" w:name="VehicleModelCode"
    w:isReference="false"/>
    <w:Element w:prefix="nc" w:name="ItemModelYearDate"
    w:isReference="false"/>
    <w:Element w:prefix="nc" w:name="PersonAlternateName"
    w:isReference="false"/>
    <w:Element w:prefix="nc" w:name="PersonNamePrefixText"
    w:isReference="false"/>
    <w:Element w:prefix="nc" w:name="PersonNameSuffixText"
    w:isReference="false"/>
    <w:Element w:prefix="scr" w:name="PersonNameAugmentation"
    w:isReference="false"/>
    <w:Element w:prefix="scr" w:name="PersonNameCategoryCode"
    w:isReference="false"/>
    <w:Element w:prefix="j" w:name="ServiceCallOperator"
    w:isReference="false"/>
    <w:Element w:prefix="nc" w:name="PersonOtherIdentification"
    w:isReference="false"/>
    <w:Element w:prefix="nc" w:name="OrganizationName"
    w:isReference="false"/>
    <w:Element w:prefix="j" w:name="OrganizationAugmentation"
    w:isReference="false"/>
    <w:Element w:prefix="j" w:name="OrganizationORIIdentification"
    w:isReference="false"/>
    <w:Element w:prefix="nc" w:name="OrganizationDescriptionText"
    w:isReference="false"/>
    <w:Element w:prefix="nc" w:name="LocationOrganizationAssociation"
    w:isReference="false"/>
    <w:Element w:prefix="nc" w:name="OrganizationContactInformationAssociation"
    w:isReference="false"/>
    <w:Element w:prefix="j" w:name="ActivityLocationAssociation"
    w:isReference="false"/>
    <w:Element w:prefix="j" w:name="Subject" w:isReference="false"/>
    <w:Element w:prefix="j" w:name="Victim" w:isReference="false"/>
    <w:Element w:prefix="j" w:name="Witness" w:isReference="false"/>
    <w:Element w:prefix="nc" w:name="PersonContactInformationAssociation"
    w:isReference="false"/>
    <w:Element w:prefix="nc" w:name="PersonLocationAssociation"
    w:isReference="false"/>
    <w:Element w:prefix="nc" w:name="DistributionText"
    w:isReference="false"/>
    <w:Element w:prefix="nc" w:name="PersonPhysicalFeature"
    w:isReference="false"/>
    <w:Element w:prefix="nc" w:name="PhysicalFeatureCategory"
    w:isReference="false"/>
    <w:Element w:prefix="nc" w:name="PhysicalFeatureCategoryText"
    w:isReference="false"/>
    <w:Element w:prefix="nc" w:name="PhysicalFeatureDescriptionText"
    w:isReference="false"/>
    <w:Element w:prefix="nc" w:name="PhysicalFeatureLocationText"
    w:isReference="false"/>
    <w:Element w:prefix="nc" w:name="IdentificationSourceText"
    w:isReference="false"/>
    <w:Element w:prefix="nc" w:name="IdentificationCategory"
    w:isReference="false"/>
    <w:Element w:prefix="nc" w:name="IdentificationCategoryText"
    w:isReference="false"/>
    <w:Element w:prefix="nc" w:name="ItemColor" w:isReference="false"/>
    <w:Element w:prefix="nc" w:name="VehicleColorPrimaryCode"
    w:isReference="false"/>
    <w:Element w:prefix="nc" w:name="ItemOtherIdentification"
    w:isReference="false"/>
    <w:Element w:prefix="nc" w:name="IdentificationCategoryDescriptionText"
    w:isReference="false"/>
    <w:Element w:prefix="nc" w:name="PersonRace" w:isReference="false"/>
    <w:Element w:prefix="nc" w:name="PersonRaceCode" w:isReference="false"/>
    <w:Element w:prefix="nc" w:name="ActivityReasonText"
    w:isReference="false"/>
    <w:Element w:prefix="nc" w:name="PersonSex" w:isReference="false"/>
    <w:Element w:prefix="nc" w:name="PersonSexCode" w:isReference="false"/>
    <w:Element w:prefix="nc" w:name="TelephoneLineID" w:isReference="false"/>
    <w:Element w:prefix="intel" w:name="SystemIdentifier"
    w:isReference="false"/>
    <w:Element w:prefix="nc" w:name="InternationalTelephoneNumber"
    w:isReference="false"/>
    <w:Element w:prefix="nc" w:name="TelephoneCountryCodeID"
    w:isReference="false"/>
    <w:Element w:prefix="nc" w:name="TelephoneSuffixID"
    w:isReference="false"/>
    <w:Element w:prefix="scr" w:name="TelephoneNumberAugmentation"
    w:isReference="false"/>
    <w:Element w:prefix="scr" w:name="TelephoneCategoryDescriptionText"
    w:isReference="false"/>
    <w:Element w:prefix="nc" w:name="TelephoneExchangeID"
    w:isReference="false"/>
    <w:Element w:prefix="nc" w:name="ItemCategory" w:isReference="false"/>
    <w:Element w:prefix="nc" w:name="ItemCategoryText"
    w:isReference="false"/>
    <w:Element w:prefix="nc" w:name="ItemDescriptionText"
    w:isReference="false"/>
    <w:Element w:prefix="nc" w:name="VehicleIdentification"
    w:isReference="false"/>
    <w:Element w:prefix="nc" w:name="ItemOwnershipCategoryText"
    w:isReference="false"/>
    <w:Element w:prefix="nc" w:name="VehicleColorSecondaryCode"
    w:isReference="false"/>
    <w:Element w:prefix="nc" w:name="ItemStyle" w:isReference="false"/>
    <w:Element w:prefix="nc" w:name="VehicleStyleCode"
    w:isReference="false"/>
    <w:Element w:prefix="nc" w:name="CommentText" w:isReference="false"/>
    <w:Element w:prefix="nc" w:name="SourceIDText" w:isReference="false"/>
    <w:Element w:prefix="nc" w:name="ContactWebsiteURI"
    w:isReference="false"/>
    <w:Element w:prefix="nc" w:name="PersonWeightMeasure"
    w:isReference="false"/>
    <w:Element w:prefix="nc" w:name="LocationCategory"
    w:isReference="false"/>
    <w:Element w:prefix="nc" w:name="LocationCategoryText"
    w:isReference="false"/>
    <w:Element w:prefix="j" w:name="EnforcementOfficialBadgeIdentification"
    w:isReference="false"/>
    <w:Element w:prefix="j" w:name="EnforcementUnitIdentification"
    w:isReference="false"/>
    <w:Element w:prefix="nc" w:name="LocationSurroundingAreaDescriptionText"
    w:isReference="false"/>
    <w:Element w:prefix="nc" w:name="LocationDescriptionText"
    w:isReference="false"/>
    <w:Element w:prefix="nc" w:name="LocationName" w:isReference="false"/>
    <w:Element w:prefix="j" w:name="SubjectCautionInformationCode"
    w:isReference="false"/>
    <w:Element w:prefix="nc" w:name="LocationLocale" w:isReference="false"/>
    <w:Element w:prefix="nc" w:name="LocaleNeighborhoodName"
    w:isReference="false"/>
    <w:Type w:prefix="nc" w:name="PersonType" w:isRequested="true">
        <ElementInType w:prefix="nc" w:name="PersonAgeMeasure"
        w:isReference="false" xmlns="http://niem.gov/niem/wantlist/1"/>
        <ElementInType w:prefix="nc" w:name="PersonBirthDate"
        w:isReference="false" xmlns="http://niem.gov/niem/wantlist/1"/>
        <ElementInType w:prefix="nc" w:name="PersonDescriptionText"
        w:isReference="false" xmlns="http://niem.gov/niem/wantlist/1"/>
        <ElementInType w:prefix="nc" w:name="PersonEyeColor"
        w:isReference="false" xmlns="http://niem.gov/niem/wantlist/1"/>
        <ElementInType w:prefix="nc" w:name="PersonHairColor"
        w:isReference="false" xmlns="http://niem.gov/niem/wantlist/1"/>
        <ElementInType w:prefix="nc" w:name="PersonHeightMeasure"
        w:isReference="false" xmlns="http://niem.gov/niem/wantlist/1"/>
        <ElementInType w:prefix="nc" w:name="PersonAlternateName"
        w:isReference="false" xmlns="http://niem.gov/niem/wantlist/1"/>
        <ElementInType w:prefix="nc" w:name="PersonOtherIdentification"
        w:isReference="false" xmlns="http://niem.gov/niem/wantlist/1"/>
        <ElementInType w:prefix="nc" w:name="PersonPhysicalFeature"
        w:isReference="false" xmlns="http://niem.gov/niem/wantlist/1"/>
        <ElementInType w:prefix="nc" w:name="PersonRace"
        w:isReference="false" xmlns="http://niem.gov/niem/wantlist/1"/>
        <ElementInType w:prefix="nc" w:name="PersonSex"
        w:isReference="false" xmlns="http://niem.gov/niem/wantlist/1"/>
        <ElementInType w:prefix="nc" w:name="PersonWeightMeasure"
        w:isReference="false" xmlns="http://niem.gov/niem/wantlist/1"/>
    </w:Type>
    <w:Type w:prefix="nc" w:name="TimeMeasureType" w:isRequested="true"/>
    <w:Type w:prefix="nc" w:name="MeasureType" w:isRequested="true">
        <ElementInType w:prefix="nc" w:name="MeasureValue"
        w:isReference="false" xmlns="http://niem.gov/niem/wantlist/1"/>
        <ElementInType w:prefix="nc" w:name="MeasureCategoryText"
        w:isReference="false" xmlns="http://niem.gov/niem/wantlist/1"/>
        <ElementInType w:prefix="nc" w:name="MeasureUnitText"
        w:isReference="false" xmlns="http://niem.gov/niem/wantlist/1"/>
    </w:Type>
    <w:Type w:prefix="nc" w:name="MeasurePointValueType"
    w:isRequested="true"/>
    <w:Type w:prefix="nc" w:name="IdentificationType" w:isRequested="true">
        <ElementInType w:prefix="nc" w:name="IdentificationID"
        w:isReference="false" xmlns="http://niem.gov/niem/wantlist/1"/>
        <ElementInType w:prefix="nc" w:name="IdentificationExpirationDate"
        w:isReference="false" xmlns="http://niem.gov/niem/wantlist/1"/>
        <ElementInType w:prefix="nc" w:name="IdentificationSourceText"
        w:isReference="false" xmlns="http://niem.gov/niem/wantlist/1"/>
        <ElementInType w:prefix="nc" w:name="IdentificationCategory"
        w:isReference="false" xmlns="http://niem.gov/niem/wantlist/1"/>
        <ElementInType w:prefix="nc" w:name="IdentificationCategoryDescriptionText"
        w:isReference="false" xmlns="http://niem.gov/niem/wantlist/1"/>
    </w:Type>
    <w:Type w:prefix="niem-xsd" w:name="string" w:isRequested="true"/>
    <w:Type w:prefix="nc" w:name="LocationType" w:isRequested="true">
        <ElementInType w:prefix="nc" w:name="LocationAltitudeMeasure"
        w:isReference="false" xmlns="http://niem.gov/niem/wantlist/1"/>
        <ElementInType w:prefix="nc" w:name="LocationAddress"
        w:isReference="false" xmlns="http://niem.gov/niem/wantlist/1"/>
        <ElementInType w:prefix="nc" w:name="LocationUTMCoordinate"
        w:isReference="false" xmlns="http://niem.gov/niem/wantlist/1"/>
        <ElementInType w:prefix="nc" w:name="LocationTwoDimensionalGeographicCoordinate"
        w:isReference="false" xmlns="http://niem.gov/niem/wantlist/1"/>
        <ElementInType w:prefix="nc" w:name="LocationCategory"
        w:isReference="false" xmlns="http://niem.gov/niem/wantlist/1"/>
        <ElementInType w:prefix="nc" w:name="LocationSurroundingAreaDescriptionText"
        w:isReference="false" xmlns="http://niem.gov/niem/wantlist/1"/>
        <ElementInType w:prefix="nc" w:name="LocationDescriptionText"
        w:isReference="false" xmlns="http://niem.gov/niem/wantlist/1"/>
        <ElementInType w:prefix="nc" w:name="LocationName"
        w:isReference="false" xmlns="http://niem.gov/niem/wantlist/1"/>
        <ElementInType w:prefix="nc" w:name="LocationLocale"
        w:isReference="false" xmlns="http://niem.gov/niem/wantlist/1"/>
    </w:Type>
    <w:Type w:prefix="nc" w:name="LengthMeasureType" w:isRequested="true"/>
    <w:Type w:prefix="nc" w:name="TextType" w:isRequested="true"/>
    <w:Type w:prefix="nc" w:name="ContactInformationType"
    w:isRequested="true">
        <ElementInType w:prefix="nc" w:name="ContactMeans"
        w:isReference="false" xmlns="http://niem.gov/niem/wantlist/1"/>
    </w:Type>
    <w:Type w:prefix="nc" w:name="TelephoneNumberType"
    w:isRequested="true">
        <ElementInType w:prefix="nc" w:name="TelephoneNumberRepresentation"
        w:isReference="false" xmlns="http://niem.gov/niem/wantlist/1"/>
    </w:Type>
    <w:Type w:prefix="nc" w:name="NANPTelephoneNumberType"
    w:isRequested="true">
        <ElementInType w:prefix="nc" w:name="TelephoneAreaCodeID"
        w:isReference="false" xmlns="http://niem.gov/niem/wantlist/1"/>
        <ElementInType w:prefix="nc" w:name="TelephoneLineID"
        w:isReference="false" xmlns="http://niem.gov/niem/wantlist/1"/>
        <ElementInType w:prefix="nc" w:name="TelephoneSuffixID"
        w:isReference="false" xmlns="http://niem.gov/niem/wantlist/1"/>
        <ElementInType w:prefix="nc" w:name="TelephoneExchangeID"
        w:isReference="false" xmlns="http://niem.gov/niem/wantlist/1"/>
    </w:Type>
    <w:Type w:prefix="nc" w:name="AddressType" w:isRequested="true">
        <ElementInType w:prefix="nc" w:name="AddressRepresentation"
        w:isReference="false" xmlns="http://niem.gov/niem/wantlist/1"/>
    </w:Type>
    <w:Type w:prefix="nc" w:name="StructuredAddressType"
    w:isRequested="true">
        <ElementInType w:prefix="nc" w:name="AddressDeliveryPoint"
        w:isReference="false" xmlns="http://niem.gov/niem/wantlist/1"/>
        <ElementInType w:prefix="nc" w:name="LocationCountry"
        w:isReference="false" xmlns="http://niem.gov/niem/wantlist/1"/>
        <ElementInType w:prefix="nc" w:name="LocationCounty"
        w:isReference="false" xmlns="http://niem.gov/niem/wantlist/1"/>
        <ElementInType w:prefix="nc" w:name="LocationCityName"
        w:isReference="false" xmlns="http://niem.gov/niem/wantlist/1"/>
        <ElementInType w:prefix="nc" w:name="LocationPostalCode"
        w:isReference="false" xmlns="http://niem.gov/niem/wantlist/1"/>
        <ElementInType w:prefix="nc" w:name="LocationState"
        w:isReference="false" xmlns="http://niem.gov/niem/wantlist/1"/>
    </w:Type>
    <w:Type w:prefix="j" w:name="ServiceCallType" w:isRequested="true">
        <ElementInType w:prefix="j" w:name="ServiceCallDispatchedDate"
        w:isReference="false" xmlns="http://niem.gov/niem/wantlist/1"/>
        <ElementInType w:prefix="j" w:name="ServiceCallMechanismText"
        w:isReference="false" xmlns="http://niem.gov/niem/wantlist/1"/>
    </w:Type>
    <w:Type w:prefix="nc" w:name="ActivityType" w:isRequested="true">
        <ElementInType w:prefix="nc" w:name="ActivityDescriptionText"
        w:isReference="false" xmlns="http://niem.gov/niem/wantlist/1"/>
        <ElementInType w:prefix="nc" w:name="ActivityStatus"
        w:isReference="false" xmlns="http://niem.gov/niem/wantlist/1"/>
        <ElementInType w:prefix="nc" w:name="ActivityReasonText"
        w:isReference="false" xmlns="http://niem.gov/niem/wantlist/1"/>
    </w:Type>
    <w:Type w:prefix="nc" w:name="DateType" w:isRequested="true">
        <ElementInType w:prefix="nc" w:name="DateRepresentation"
        w:isReference="false" xmlns="http://niem.gov/niem/wantlist/1"/>
    </w:Type>
    <w:Type w:prefix="niem-xsd" w:name="dateTime" w:isRequested="true"/>
    <w:Type w:prefix="nc" w:name="StatusType" w:isRequested="true">
        <ElementInType w:prefix="nc" w:name="StatusText"
        w:isReference="false" xmlns="http://niem.gov/niem/wantlist/1"/>
    </w:Type>
    <w:Type w:prefix="nc" w:name="VehicleType" w:isRequested="true">
        <ElementInType w:prefix="nc" w:name="VehicleMakeCode"
        w:isReference="false" xmlns="http://niem.gov/niem/wantlist/1"/>
        <ElementInType w:prefix="nc" w:name="VehicleModelCode"
        w:isReference="false" xmlns="http://niem.gov/niem/wantlist/1"/>
        <ElementInType w:prefix="nc" w:name="VehicleIdentification"
        w:isReference="false" xmlns="http://niem.gov/niem/wantlist/1"/>
        <ElementInType w:prefix="nc" w:name="ItemOwnershipCategoryText"
        w:isReference="false" xmlns="http://niem.gov/niem/wantlist/1"/>
    </w:Type>
    <w:Type w:prefix="nc" w:name="ConveyanceType" w:isRequested="true">
        <ElementInType w:prefix="nc" w:name="ConveyanceRegistrationPlateIdentification"
        w:isReference="false" xmlns="http://niem.gov/niem/wantlist/1"/>
    </w:Type>
    <w:Type w:prefix="nc" w:name="TangibleItemType" w:isRequested="true">
        <ElementInType w:prefix="nc" w:name="ItemModelYearDate"
        w:isReference="false" xmlns="http://niem.gov/niem/wantlist/1"/>
        <ElementInType w:prefix="nc" w:name="ItemColor"
        w:isReference="false" xmlns="http://niem.gov/niem/wantlist/1"/>
        <ElementInType w:prefix="nc" w:name="ItemCategory"
        w:isReference="false" xmlns="http://niem.gov/niem/wantlist/1"/>
        <ElementInType w:prefix="nc" w:name="ItemStyle"
        w:isReference="false" xmlns="http://niem.gov/niem/wantlist/1"/>
    </w:Type>
    <w:Type w:prefix="nc" w:name="ItemType" w:isRequested="true">
        <ElementInType w:prefix="nc" w:name="ItemOtherIdentification"
        w:isReference="false" xmlns="http://niem.gov/niem/wantlist/1"/>
        <ElementInType w:prefix="nc" w:name="ItemDescriptionText"
        w:isReference="false" xmlns="http://niem.gov/niem/wantlist/1"/>
    </w:Type>
    <w:Type w:prefix="nc" w:name="WeightMeasureType" w:isRequested="true"/>
    <w:Type w:prefix="nc" w:name="ProperNameTextType" w:isRequested="true"/>
    <w:Type w:prefix="niem-xsd" w:name="date" w:isRequested="true"/>
    <w:Type w:prefix="nc" w:name="UTMCoordinateType" w:isRequested="true">
        <ElementInType w:prefix="nc" w:name="UTMDatumID"
        w:isReference="false" xmlns="http://niem.gov/niem/wantlist/1"/>
    </w:Type>
    <w:Type w:prefix="fbi" w:name="EYECodeType" w:isRequested="true"/>
    <w:Type w:prefix="nc" w:name="PersonNameType" w:isRequested="true">
        <ElementInType w:prefix="nc" w:name="PersonGivenName"
        w:isReference="false" xmlns="http://niem.gov/niem/wantlist/1"/>
        <ElementInType w:prefix="nc" w:name="PersonFullName"
        w:isReference="false" xmlns="http://niem.gov/niem/wantlist/1"/>
        <ElementInType w:prefix="nc" w:name="PersonSurName"
        w:isReference="false" xmlns="http://niem.gov/niem/wantlist/1"/>
        <ElementInType w:prefix="nc" w:name="PersonMiddleName"
        w:isReference="false" xmlns="http://niem.gov/niem/wantlist/1"/>
        <ElementInType w:prefix="nc" w:name="PersonNamePrefixText"
        w:isReference="false" xmlns="http://niem.gov/niem/wantlist/1"/>
        <ElementInType w:prefix="nc" w:name="PersonNameSuffixText"
        w:isReference="false" xmlns="http://niem.gov/niem/wantlist/1"/>
    </w:Type>
    <w:Type w:prefix="nc" w:name="PersonNameTextType" w:isRequested="true"/>
    <w:Type w:prefix="fbi" w:name="HAICodeType" w:isRequested="true"/>
    <w:Type w:prefix="nc" w:name="TwoDimensionalGeographicCoordinateType"
    w:isRequested="true">
        <ElementInType w:prefix="nc" w:name="GeographicCoordinateLatitude"
        w:isReference="false" xmlns="http://niem.gov/niem/wantlist/1"/>
        <ElementInType w:prefix="nc" w:name="GeographicCoordinateLongitude"
        w:isReference="false" xmlns="http://niem.gov/niem/wantlist/1"/>
    </w:Type>
    <w:Type w:prefix="nc" w:name="LatitudeCoordinateType"
    w:isRequested="true">
        <ElementInType w:prefix="nc" w:name="LatitudeDegreeValue"
        w:isReference="false" xmlns="http://niem.gov/niem/wantlist/1"/>
        <ElementInType w:prefix="nc" w:name="LatitudeMinuteValue"
        w:isReference="false" xmlns="http://niem.gov/niem/wantlist/1"/>
        <ElementInType w:prefix="nc" w:name="LatitudeSecondValue"
        w:isReference="false" xmlns="http://niem.gov/niem/wantlist/1"/>
    </w:Type>
    <w:Type w:prefix="nc" w:name="LatitudeDegreeType" w:isRequested="true"/>
    <w:Type w:prefix="nc" w:name="AngularMinuteType" w:isRequested="true"/>
    <w:Type w:prefix="nc" w:name="AngularSecondType" w:isRequested="true"/>
    <w:Type w:prefix="usps" w:name="USStateCodeType" w:isRequested="true"/>
    <w:Type w:prefix="nc" w:name="StreetType" w:isRequested="true">
        <ElementInType w:prefix="nc" w:name="StreetName"
        w:isReference="false" xmlns="http://niem.gov/niem/wantlist/1"/>
        <ElementInType w:prefix="nc" w:name="StreetNumberText"
        w:isReference="false" xmlns="http://niem.gov/niem/wantlist/1"/>
        <ElementInType w:prefix="nc" w:name="StreetPostdirectionalText"
        w:isReference="false" xmlns="http://niem.gov/niem/wantlist/1"/>
        <ElementInType w:prefix="nc" w:name="StreetPredirectionalText"
        w:isReference="false" xmlns="http://niem.gov/niem/wantlist/1"/>
        <ElementInType w:prefix="nc" w:name="StreetCategoryText"
        w:isReference="false" xmlns="http://niem.gov/niem/wantlist/1"/>
    </w:Type>
    <w:Type w:prefix="nc" w:name="LongitudeCoordinateType"
    w:isRequested="true">
        <ElementInType w:prefix="nc" w:name="LongitudeDegreeValue"
        w:isReference="false" xmlns="http://niem.gov/niem/wantlist/1"/>
        <ElementInType w:prefix="nc" w:name="LongitudeMinuteValue"
        w:isReference="false" xmlns="http://niem.gov/niem/wantlist/1"/>
        <ElementInType w:prefix="nc" w:name="LongitudeSecondValue"
        w:isReference="false" xmlns="http://niem.gov/niem/wantlist/1"/>
    </w:Type>
    <w:Type w:prefix="nc" w:name="LongitudeDegreeType"
    w:isRequested="true"/>
    <w:Type w:prefix="nc" w:name="SpeedMeasureType" w:isRequested="true">
        <ElementInType w:prefix="nc" w:name="SpeedUnitCode"
        w:isReference="false" xmlns="http://niem.gov/niem/wantlist/1"/>
    </w:Type>
    <w:Type w:prefix="fbi" w:name="VMACodeType" w:isRequested="true"/>
    <w:Type w:prefix="nc" w:name="MetadataType" w:isRequested="true"/>
    <w:Type w:prefix="fbi" w:name="VMOCodeType" w:isRequested="true"/>
    <w:Type w:prefix="niem-xsd" w:name="gYear" w:isRequested="true"/>
    <w:Type w:prefix="scr" w:name="PersonNameAugmentationType"
    w:isRequested="true">
        <ElementInType w:prefix="scr" w:name="PersonNameCategoryCode"
        w:isReference="false" xmlns="http://niem.gov/niem/wantlist/1"/>
    </w:Type>
    <w:Type w:prefix="scr" w:name="PersonNameCategoryCodeType"
    w:isRequested="true"/>
    <w:Type w:prefix="nc" w:name="PersonEmploymentAssociationType"
    w:isRequested="true">
        <ElementInType w:prefix="nc" w:name="Employee"
        w:isReference="true" xmlns="http://niem.gov/niem/wantlist/1"/>
    </w:Type>
    <w:Type w:prefix="nc" w:name="AssociationType" w:isRequested="true"/>
    <w:Type w:prefix="nc" w:name="EntityType" w:isRequested="true"/>
    <w:Type w:prefix="nc" w:name="OrganizationType" w:isRequested="true">
        <ElementInType w:prefix="nc" w:name="OrganizationIdentification"
        w:isReference="false" xmlns="http://niem.gov/niem/wantlist/1"/>
        <ElementInType w:prefix="nc" w:name="OrganizationName"
        w:isReference="false" xmlns="http://niem.gov/niem/wantlist/1"/>
        <ElementInType w:prefix="nc" w:name="OrganizationDescriptionText"
        w:isReference="false" xmlns="http://niem.gov/niem/wantlist/1"/>
    </w:Type>
    <w:Type w:prefix="j" w:name="OrganizationAugmentationType"
    w:isRequested="true">
        <ElementInType w:prefix="j" w:name="OrganizationORIIdentification"
        w:isReference="false" xmlns="http://niem.gov/niem/wantlist/1"/>
    </w:Type>
    <w:Type w:prefix="nc" w:name="OrganizationLocationAssociationType"
    w:isRequested="true">
        <ElementInType w:prefix="nc" w:name="Organization"
        w:isReference="true" xmlns="http://niem.gov/niem/wantlist/1"/>
        <ElementInType w:prefix="nc" w:name="Location"
        w:isReference="true" xmlns="http://niem.gov/niem/wantlist/1"/>
    </w:Type>
    <w:Type w:prefix="nc" w:name="OrganizationContactInformationAssociationType"
    w:isRequested="true">
        <ElementInType w:prefix="nc" w:name="Organization"
        w:isReference="true" xmlns="http://niem.gov/niem/wantlist/1"/>
        <ElementInType w:prefix="nc" w:name="ContactInformation"
        w:isReference="true" xmlns="http://niem.gov/niem/wantlist/1"/>
    </w:Type>
    <w:Type w:prefix="j" w:name="ActivityLocationAssociationType"
    w:isRequested="true">
        <ElementInType w:prefix="nc" w:name="Activity"
        w:isReference="true" xmlns="http://niem.gov/niem/wantlist/1"/>
        <ElementInType w:prefix="nc" w:name="Location"
        w:isReference="true" xmlns="http://niem.gov/niem/wantlist/1"/>
    </w:Type>
    <w:Type w:prefix="j" w:name="SubjectType" w:isRequested="true">
        <ElementInType w:prefix="nc" w:name="RoleOfPerson"
        w:isReference="true" xmlns="http://niem.gov/niem/wantlist/1"/>
        <ElementInType w:prefix="j" w:name="SubjectCautionInformationCode"
        w:isReference="false" xmlns="http://niem.gov/niem/wantlist/1"/>
    </w:Type>
    <w:Type w:prefix="j" w:name="VictimType" w:isRequested="true">
        <ElementInType w:prefix="nc" w:name="RoleOfPerson"
        w:isReference="true" xmlns="http://niem.gov/niem/wantlist/1"/>
    </w:Type>
    <w:Type w:prefix="j" w:name="WitnessType" w:isRequested="true">
        <ElementInType w:prefix="nc" w:name="RoleOfPerson"
        w:isReference="true" xmlns="http://niem.gov/niem/wantlist/1"/>
    </w:Type>
    <w:Type w:prefix="nc" w:name="PersonContactInformationAssociationType"
    w:isRequested="true">
        <ElementInType w:prefix="nc" w:name="Person" w:isReference="true"
        xmlns="http://niem.gov/niem/wantlist/1"/>
        <ElementInType w:prefix="nc" w:name="ContactInformation"
        w:isReference="true" xmlns="http://niem.gov/niem/wantlist/1"/>
    </w:Type>
    <w:Type w:prefix="nc" w:name="PersonLocationAssociationType"
    w:isRequested="true">
        <ElementInType w:prefix="nc" w:name="Person" w:isReference="true"
        xmlns="http://niem.gov/niem/wantlist/1"/>
        <ElementInType w:prefix="nc" w:name="Location"
        w:isReference="true" xmlns="http://niem.gov/niem/wantlist/1"/>
    </w:Type>
    <w:Type w:prefix="nc" w:name="PhysicalFeatureType"
    w:isRequested="true">
        <ElementInType w:prefix="nc" w:name="PhysicalFeatureCategory"
        w:isReference="false" xmlns="http://niem.gov/niem/wantlist/1"/>
        <ElementInType w:prefix="nc" w:name="PhysicalFeatureDescriptionText"
        w:isReference="false" xmlns="http://niem.gov/niem/wantlist/1"/>
        <ElementInType w:prefix="nc" w:name="PhysicalFeatureLocationText"
        w:isReference="false" xmlns="http://niem.gov/niem/wantlist/1"/>
    </w:Type>
    <w:Type w:prefix="fbi" w:name="VCOCodeType" w:isRequested="true"/>
    <w:Type w:prefix="fbi" w:name="RACCodeType" w:isRequested="true"/>
    <w:Type w:prefix="fbi" w:name="SEXCodeType" w:isRequested="true"/>
    <w:Type w:prefix="intel" w:name="SystemIdentifierType"
    w:isRequested="true">
        <ElementInType w:prefix="nc" w:name="IdentificationID"
        w:isReference="false" xmlns="http://niem.gov/niem/wantlist/1"/>
    </w:Type>
    <w:Type w:prefix="nc" w:name="InternationalTelephoneNumberType"
    w:isRequested="true">
        <ElementInType w:prefix="nc" w:name="TelephoneCountryCodeID"
        w:isReference="false" xmlns="http://niem.gov/niem/wantlist/1"/>
    </w:Type>
    <w:Type w:prefix="scr" w:name="TelephoneNumberAugmentationType"
    w:isRequested="true">
        <ElementInType w:prefix="scr" w:name="TelephoneCategoryDescriptionText"
        w:isReference="false" xmlns="http://niem.gov/niem/wantlist/1"/>
    </w:Type>
    <w:Type w:prefix="fbi" w:name="VSTCodeType" w:isRequested="true"/>
    <w:Type w:prefix="niem-xsd" w:name="anyURI" w:isRequested="true"/>
    <w:Type w:prefix="fbi" w:name="CMCCodeType" w:isRequested="true"/>
    <w:Type w:prefix="nc" w:name="LocaleType" w:isRequested="true">
        <ElementInType w:prefix="nc" w:name="LocaleNeighborhoodName"
        w:isReference="false" xmlns="http://niem.gov/niem/wantlist/1"/>
    </w:Type>
    <w:Type w:prefix="nc" w:name="DocumentType" w:isRequested="true"/>
</w:WantList>
