<?xml version="1.0" encoding="UTF-8"?>
<!--
    Document : $Id: metadata.xml 726 2008-04-28 15:28:53Z jw7 $
    Original : 10/28/2007
    LEXS version : 3.1.1
	N-DEx version : 2.0.0
    Description : IEPD Metadata instance for N-DEx 2.0 Incident/Arrest IEPD
-->
<Metadata xmlns="http://niem.gov/niem/metadata/1" xmlns:xsi="http://www.w3.org/2001/XMLSchema-instance">
	<URI>http://dcjs.state.ny.us/incident/nydex/exchange/V1-0</URI>
    <Name>NYDEx_IEPD</Name>
    <Summary>New York Data Exchange Package &amp; Documentation</Summary>
    <Description>This IEPD, created by a team at New York State Division of Criminal Justice Services, will provide authorized New York State agencies with the ability to exchange Incident, Arrest and Missing Person Report data in XML format.&#xd;
&#xd;
The New York Data Exchange (NYDEx)  IEPD is based on version 2 of the National Information Exchange Model  (NIEM).&#xd;
</Description>
	<Version>1.0</Version>
	<URL></URL>
	<CreationDate>1/28/2009</CreationDate>  
	<NIEMVersion>2.0</NIEMVersion>
	<Security>Public</Security>
	<Maturity>1</Maturity>
	<Status>Complete for NIEM 2.0</Status>
	<Domain>Law Enforcement</Domain>
	<Sponsors>NYS DCJS</Sponsors>
	<MessageExchangePatterns>publish</MessageExchangePatterns>
	<ExchangePartnerCategories>Law Enforcement</ExchangePartnerCategories>
	<AuthoritativeSource>
		<Organization>
            <Name>New York State Division of Criminal Justice Services</Name>
            <Address1>4 Tower Pl</Address1>
            <Address2/>
            <City>Albany</City>
            <State>NY</State>
            <Zip>12203</Zip>
            <Country>United States</Country>
            <URL/>
        </Organization>
		<PointOfContact>
			<Name>Lynn M. LaChance</Name>
			<Address1>4 Tower Place</Address1>
			<City>Albany</City>
			<State>New York</State>
			<Zip>12208</Zip>
			<Country>U.S.</Country>
			<Phone>518-457-0425</Phone>
			<Fax>518-457-6109</Fax>
			<Email>lynn.lachance@dcjs.state.ny.us</Email>
		</PointOfContact>
	</AuthoritativeSource>
</Metadata>
