<?xml version="1.0" encoding="UTF-8"?>
<!-- Created with Liquid XML Studio - FREE Community Edition 7.1.4.1284 (http://www.liquid-technologies.com) -->
<SOAP-ENV:Envelope xmlns:SOAP-ENV="http://schemas.xmlsoap.org/soap/envelope/" xmlns:SOAP-ENC="http://schemas.xmlsoap.org/soap/encoding/" xmlns:xsd="http://www.w3.org/2001/XMLSchema" xmlns:wsa="http://www.w3.org/2005/08/addressing" xmlns:xsi="http://www.w3.org/2001/XMLSchema-instance">
	<SOAP-ENV:Header>
		<wsse:Security xmlns:wsse="http://docs.oasis-open.org/wss/2004/01/oasis-200401-wss-wssecurity-secext-1.0.xsd" SOAP-ENV:mustUnderstand="true">
			<wsu:Timestamp xmlns:wsu="http://docs.oasis-open.org/wss/2004/01/oasis-200401-wss-wssecurity-utility-1.0.xsd" wsu:Id="Timestamp-12345">
				<wsu:Created>2009-12-23T08:11:11.735Z</wsu:Created>
				<wsu:Expires>2009-12-23T08:16:11.735Z</wsu:Expires>
			</wsu:Timestamp>
			<ds:Signature xmlns:ds="http://www.w3.org/2000/09/xmldsig#" Id="Signature-12345">
				<ds:SignedInfo>
					<ds:CanonicalizationMethod Algorithm="http://www.w3.org/2001/10/xml-exc-c14n#" />
					<ds:SignatureMethod Algorithm="http://www.w3.org/2001/04/xmlenc#aes256-cbc" />
					<ds:Reference URI="#Id-12345">
						<ds:Transforms>
							<ds:Transform Algorithm="http://www.w3.org/2001/10/xml-exc-c14n#" />
						</ds:Transforms>
						<ds:DigestMethod Algorithm="http://www.w3.org/2000/09/xmldsig#sha1" />
						<ds:DigestValue>j6lwx3rvEPO0vKtMup4NbeVu8nk</ds:DigestValue>
					</ds:Reference>
					<ds:Reference URI="#Timestamp-12345">
						<ds:Transforms>
							<ds:Transform Algorithm="http://www.w3.org/2001/10/xml-exc-c14n#" />
						</ds:Transforms>
						<ds:DigestMethod Algorithm="http://www.w3.org/2000/09/xmldsig#sha1" />
						<ds:DigestValue>dM8fK3UEbaFdUsl1PXNCcuLz6/M=</ds:DigestValue>
					</ds:Reference>
				</ds:SignedInfo>
				<ds:SignatureValue>
2LW4LfjAP5MZulRXONtdzhu7JpvZawfR4/5e2UEBJVMUGqB8c/zTVgG65Z2cIePYgWdw+ma+dWmuJdgqM+66hzZ5BMAH1sNRxL6onz0DOyuRnDYhEgNYgCjmN67Ok7Q0SQqnEfJ19B1WdAxqawspyLjXVyS4X5BisAG5G+25CrQ=
				</ds:SignatureValue>
				<ds:KeyInfo Id="KeyId-12345">
					<wsse:SecurityTokenReference xmlns:wsu="http://docs.oasis-open.org/wss/2004/01/oasis-200401-wss-wssecurity-utility-1.0.xsd" wsu:Id="STRId-12345">
						<wsse:KeyIdentifier EncodingType="http://docs.oasis-open.org/wss/2004/01/oasis-200401-wss-soap-message-security-1.0#Base64Binary" ValueType="http://docs.oasis-open.org/wss/2004/01/oasis-200401-wss-x509-token-profile-1.0#X509SubjectKeyIdentifier">+JGv39JjeaxQiilnwwc/wlWlITU=</wsse:KeyIdentifier>
					</wsse:SecurityTokenReference>
				</ds:KeyInfo>
			</ds:Signature>
		</wsse:Security>
	</SOAP-ENV:Header>
	<SOAP-ENV:Body xmlns:wsu="http://docs.oasis-open.org/wss/2004/01/oasis-200401-wss-wssecurity-utility-1.0.xsd" wsu:Id="Id-12345">
		<m:SubmitWarrantRecallRequestRequest xmlns:m="http://it.ojp.gov/GlobalJRA/AWIE/1.0/AWIEMessages" xmlns:awie="http://it.ojp.gov/GlobalJRA/AWIE/1.0/AWIEExtension" xmlns:nc="http://niem.gov/niem/niem-core/2.0">
			<awie:ArrestWarrantInformationExchangeDocument xmlns:doc="http://www.ncsconline.org/reference/ArrestWarrant/2.0" xmlns:ncsc="http://www.ncsconline.org/reference/ArrestWarrantExtension/2.0" xmlns:nc="http://niem.gov/niem/niem-core/2.0" xmlns:j="http://niem.gov/niem/domains/jxdm/4.0" xmlns:ansi-nist="http://niem.gov/niem/ansi-nist/2.0" xmlns:s="http://niem.gov/niem/structures/2.0" xmlns:xsi="http://www.w3.org/2001/XMLSchema-instance" xmlns:awie="http://it.ojp.gov/GlobalJRA/AWIE/1.0/AWIEExtension" xsi:schemaLocation="http://it.ojp.gov/GlobalJRA/AWIE/1.0/AWIEExtension">
				<awie:WarrantRecallRequest>
					<awie:ArrestWarrant>
						<j:Warrant s:id="warrant00">
							<nc:ActivityIdentification>
								<nc:IdentificationID>ID123456</nc:IdentificationID>
							</nc:ActivityIdentification>
						</j:Warrant>
					</awie:ArrestWarrant>
					<!-- The agency that initiated the warrant recall request -->
					<awie:RequestingAgencyRole>
						<nc:RoleOfOrganizationReference s:ref="requesting_org00" />
					</awie:RequestingAgencyRole>
					<!-- The agency that screened the warrant recall request (in implementations with intermediate screening -->
					<awie:ScreeningAgencyRole>
						<nc:RoleOfOrganizationReference s:ref="screening_org00" />
					</awie:ScreeningAgencyRole>
					<ncsc:Organization s:id="requesting_org00">
						<nc:OrganizationIdentification>
							<nc:IdentificationID>ID123456</nc:IdentificationID>
						</nc:OrganizationIdentification>
						<nc:OrganizationLocalIdentification>
							<nc:IdentificationID>ID123456</nc:IdentificationID>
						</nc:OrganizationLocalIdentification>
						<nc:OrganizationLocation>
							<nc:LocationAddress>
								<nc:StructuredAddress>
									<nc:AddressBuildingText>County Building</nc:AddressBuildingText>
									<nc:AddressSecondaryUnitText>Sheriff's Department</nc:AddressSecondaryUnitText>
									<nc:LocationStreet>
										<nc:StreetNumberText>1313</nc:StreetNumberText>
										<nc:StreetPredirectionalText>North</nc:StreetPredirectionalText>
										<nc:StreetName>Mockingbird Lane</nc:StreetName>
										<nc:StreetPostdirectionalText>South</nc:StreetPostdirectionalText>
									</nc:LocationStreet>
									<nc:LocationCityName>Some City Name</nc:LocationCityName>
									<nc:LocationCountyName>Some County Name</nc:LocationCountyName>
									<nc:LocationStateUSPostalServiceCode>MN</nc:LocationStateUSPostalServiceCode>
									<nc:LocationCountryName>United States</nc:LocationCountryName>
									<nc:LocationPostalCode>12345</nc:LocationPostalCode>
								</nc:StructuredAddress>
							</nc:LocationAddress>
							<nc:LocationDescriptionText>Description of the Location</nc:LocationDescriptionText>
							<nc:LocationLocale>
								<nc:LocaleDistrictName>Name of the District</nc:LocaleDistrictName>
							</nc:LocationLocale>
						</nc:OrganizationLocation>
						<nc:OrganizationName>Smith County Sheriff Department</nc:OrganizationName>
						<nc:OrganizationPrimaryContactInformation>
							<nc:ContactEmailID>someone@some.org</nc:ContactEmailID>
							<nc:ContactTelephoneNumber>
								<nc:FullTelephoneNumber>
									<nc:TelephoneNumberFullID>123-456-7890</nc:TelephoneNumberFullID>
									<nc:TelephoneSuffixID>x1234</nc:TelephoneSuffixID>
								</nc:FullTelephoneNumber>
							</nc:ContactTelephoneNumber>
							<nc:ContactFaxNumber>
								<nc:FullTelephoneNumber>
									<nc:TelephoneNumberFullID>123-456-7890</nc:TelephoneNumberFullID>
									<nc:TelephoneSuffixID>x1234</nc:TelephoneSuffixID>
								</nc:FullTelephoneNumber>
							</nc:ContactFaxNumber>
						</nc:OrganizationPrimaryContactInformation>
					</ncsc:Organization>
					<ncsc:Organization s:id="screening_org00">
						<nc:OrganizationIdentification>
							<nc:IdentificationID>ID123457</nc:IdentificationID>
						</nc:OrganizationIdentification>
						<nc:OrganizationLocalIdentification>
							<nc:IdentificationID>ID123457</nc:IdentificationID>
						</nc:OrganizationLocalIdentification>
						<nc:OrganizationLocation>
							<nc:LocationAddress>
								<nc:StructuredAddress>
									<nc:AddressBuildingText>County Building</nc:AddressBuildingText>
									<nc:AddressSecondaryUnitText>Prosecutor's Office</nc:AddressSecondaryUnitText>
									<nc:LocationStreet>
										<nc:StreetNumberText>1313</nc:StreetNumberText>
										<nc:StreetPredirectionalText>North</nc:StreetPredirectionalText>
										<nc:StreetName>Mockingbird Lane</nc:StreetName>
										<nc:StreetPostdirectionalText>South</nc:StreetPostdirectionalText>
									</nc:LocationStreet>
									<nc:LocationCityName>Some City Name</nc:LocationCityName>
									<nc:LocationCountyName>Some County Name</nc:LocationCountyName>
									<nc:LocationStateUSPostalServiceCode>MN</nc:LocationStateUSPostalServiceCode>
									<nc:LocationCountryName>United States</nc:LocationCountryName>
									<nc:LocationPostalCode>12345</nc:LocationPostalCode>
								</nc:StructuredAddress>
							</nc:LocationAddress>
							<nc:LocationDescriptionText>Description of the Location</nc:LocationDescriptionText>
							<nc:LocationLocale>
								<nc:LocaleDistrictName>Name of the District</nc:LocaleDistrictName>
							</nc:LocationLocale>
						</nc:OrganizationLocation>
						<nc:OrganizationName>Smith County District Attorney</nc:OrganizationName>
						<nc:OrganizationPrimaryContactInformation>
							<nc:ContactEmailID>someone@some.org</nc:ContactEmailID>
							<nc:ContactTelephoneNumber>
								<nc:FullTelephoneNumber>
									<nc:TelephoneNumberFullID>123-456-7890</nc:TelephoneNumberFullID>
									<nc:TelephoneSuffixID>x1234</nc:TelephoneSuffixID>
								</nc:FullTelephoneNumber>
							</nc:ContactTelephoneNumber>
							<nc:ContactFaxNumber>
								<nc:FullTelephoneNumber>
									<nc:TelephoneNumberFullID>123-456-7890</nc:TelephoneNumberFullID>
									<nc:TelephoneSuffixID>x1234</nc:TelephoneSuffixID>
								</nc:FullTelephoneNumber>
							</nc:ContactFaxNumber>
						</nc:OrganizationPrimaryContactInformation>
					</ncsc:Organization>
				</awie:WarrantRecallRequest>
			</awie:ArrestWarrantInformationExchangeDocument>
		</m:SubmitWarrantRecallRequestRequest>
	</SOAP-ENV:Body>
</SOAP-ENV:Envelope>