<?xml version="1.0" encoding="UTF-8"?>
<!-- Created with Liquid XML Studio - FREE Community Edition 7.1.4.1284 (http://www.liquid-technologies.com) -->
<SOAP-ENV:Envelope xmlns:SOAP-ENV="http://schemas.xmlsoap.org/soap/envelope/" xmlns:SOAP-ENC="http://schemas.xmlsoap.org/soap/encoding/" xmlns:xsd="http://www.w3.org/2001/XMLSchema" xmlns:wsa="http://www.w3.org/2005/08/addressing" xmlns:xsi="http://www.w3.org/2001/XMLSchema-instance">
	<SOAP-ENV:Header>
		<wsse:Security xmlns:wsse="http://docs.oasis-open.org/wss/2004/01/oasis-200401-wss-wssecurity-secext-1.0.xsd" SOAP-ENV:mustUnderstand="true">
			<wsu:Timestamp xmlns:wsu="http://docs.oasis-open.org/wss/2004/01/oasis-200401-wss-wssecurity-utility-1.0.xsd" wsu:Id="Timestamp-12345">
				<wsu:Created>2009-12-23T08:11:11.735Z</wsu:Created>
				<wsu:Expires>2009-12-23T08:16:11.735Z</wsu:Expires>
			</wsu:Timestamp>
			<ds:Signature xmlns:ds="http://www.w3.org/2000/09/xmldsig#" Id="Signature-12345">
				<ds:SignedInfo>
					<ds:CanonicalizationMethod Algorithm="http://www.w3.org/2001/10/xml-exc-c14n#" />
					<ds:SignatureMethod Algorithm="http://www.w3.org/2001/04/xmlenc#aes256-cbc" />
					<ds:Reference URI="#Id-12345">
						<ds:Transforms>
							<ds:Transform Algorithm="http://www.w3.org/2001/10/xml-exc-c14n#" />
						</ds:Transforms>
						<ds:DigestMethod Algorithm="http://www.w3.org/2000/09/xmldsig#sha1" />
						<ds:DigestValue>j6lwx3rvEPO0vKtMup4NbeVu8nk</ds:DigestValue>
					</ds:Reference>
					<ds:Reference URI="#Timestamp-12345">
						<ds:Transforms>
							<ds:Transform Algorithm="http://www.w3.org/2001/10/xml-exc-c14n#" />
						</ds:Transforms>
						<ds:DigestMethod Algorithm="http://www.w3.org/2000/09/xmldsig#sha1" />
						<ds:DigestValue>dM8fK3UEbaFdUsl1PXNCcuLz6/M=</ds:DigestValue>
					</ds:Reference>
				</ds:SignedInfo>
				<ds:SignatureValue>
2LW4LfjAP5MZulRXONtdzhu7JpvZawfR4/5e2UEBJVMUGqB8c/zTVgG65Z2cIePYgWdw+ma+dWmuJdgqM+66hzZ5BMAH1sNRxL6onz0DOyuRnDYhEgNYgCjmN67Ok7Q0SQqnEfJ19B1WdAxqawspyLjXVyS4X5BisAG5G+25CrQ=
				</ds:SignatureValue>
				<ds:KeyInfo Id="KeyId-12345">
					<wsse:SecurityTokenReference xmlns:wsu="http://docs.oasis-open.org/wss/2004/01/oasis-200401-wss-wssecurity-utility-1.0.xsd" wsu:Id="STRId-12345">
						<wsse:KeyIdentifier EncodingType="http://docs.oasis-open.org/wss/2004/01/oasis-200401-wss-soap-message-security-1.0#Base64Binary" ValueType="http://docs.oasis-open.org/wss/2004/01/oasis-200401-wss-x509-token-profile-1.0#X509SubjectKeyIdentifier">+JGv39JjeaxQiilnwwc/wlWlITU=</wsse:KeyIdentifier>
					</wsse:SecurityTokenReference>
				</ds:KeyInfo>
			</ds:Signature>
		</wsse:Security>
	</SOAP-ENV:Header>
	<SOAP-ENV:Body xmlns:wsu="http://docs.oasis-open.org/wss/2004/01/oasis-200401-wss-wssecurity-utility-1.0.xsd" wsu:Id="Id-12345">
		<m:SubmitWarrantRequestRequest xmlns:m="http://it.ojp.gov/GlobalJRA/AWIE/1.0/AWIEMessages" xmlns:awie="http://it.ojp.gov/GlobalJRA/AWIE/1.0/AWIEExtension" xmlns:nc="http://niem.gov/niem/niem-core/2.0">
			<awie:ArrestWarrantInformationExchangeDocument xmlns:doc="http://www.ncsconline.org/reference/ArrestWarrant/2.0" xmlns:ncsc="http://www.ncsconline.org/reference/ArrestWarrantExtension/2.0" xmlns:nc="http://niem.gov/niem/niem-core/2.0" xmlns:j="http://niem.gov/niem/domains/jxdm/4.0" xmlns:ansi-nist="http://niem.gov/niem/ansi-nist/2.0" xmlns:s="http://niem.gov/niem/structures/2.0" xmlns:xsi="http://www.w3.org/2001/XMLSchema-instance" xmlns:awie="http://it.ojp.gov/GlobalJRA/AWIE/1.0/AWIEExtension" xsi:schemaLocation="http://it.ojp.gov/GlobalJRA/AWIE/1.0/AWIEExtension">
				<awie:WarrantIssueRequest>
					<!--
		Because the awie:ArrestWarrant can represent everything that might be on a warrant,
		it can also be used to represent "warrant application" - that is, the request for
		the warrant.
		-->
					<awie:ArrestWarrant>
						<ncsc:Case>
							<nc:CaseTitleText>Some Case Title</nc:CaseTitleText>
							<nc:CaseDocketID>ID123456</nc:CaseDocketID>
							<j:CaseAugmentation>
								<j:CaseCourt />
							</j:CaseAugmentation>
							<ncsc:CaseSealedIndicator>false</ncsc:CaseSealedIndicator>
						</ncsc:Case>
						<nc:CommercialVehicle s:id="vehicle00">
							<nc:ItemPossessionDescriptionText>Some Description</nc:ItemPossessionDescriptionText>
							<nc:VehicleColorPrimaryCode>RED</nc:VehicleColorPrimaryCode>
							<nc:VehicleColorSecondaryCode>BLK</nc:VehicleColorSecondaryCode>
							<nc:ItemModelYearDate>1989</nc:ItemModelYearDate>
							<nc:VehicleStyleCode>4H</nc:VehicleStyleCode>
							<nc:VehicleUseCode>01</nc:VehicleUseCode>
							<nc:VehicleIdentification>
								<nc:IdentificationID>ID123456</nc:IdentificationID>
							</nc:VehicleIdentification>
							<nc:VehicleMakeCode>VW</nc:VehicleMakeCode>
							<nc:VehicleModelCode>Fox</nc:VehicleModelCode>
							<nc:ItemOwnershipCategoryText>Some Kind of Ownership</nc:ItemOwnershipCategoryText>
							<nc:VehicleCurrentWeightMeasure>
								<nc:MeasureText>1200</nc:MeasureText>
							</nc:VehicleCurrentWeightMeasure>
						</nc:CommercialVehicle>
						<nc:ContactInformation s:id="contactinfo00">
							<nc:ContactEmailID>justin@guy.net</nc:ContactEmailID>
							<nc:ContactTelephoneNumber>
								<nc:FullTelephoneNumber>
									<nc:TelephoneNumberFullID>123-456-7890</nc:TelephoneNumberFullID>
									<nc:TelephoneSuffixID>x1234</nc:TelephoneSuffixID>
								</nc:FullTelephoneNumber>
							</nc:ContactTelephoneNumber>
							<nc:ContactFaxNumber>
								<nc:FullTelephoneNumber>
									<nc:TelephoneNumberFullID>123-456-7890</nc:TelephoneNumberFullID>
									<nc:TelephoneSuffixID>x1234</nc:TelephoneSuffixID>
								</nc:FullTelephoneNumber>
							</nc:ContactFaxNumber>
						</nc:ContactInformation>
						<nc:ConveyanceRegistration s:id="regis00">
							<nc:LocationCountryName>Some Country</nc:LocationCountryName>
							<nc:LocationCountyName>Some County</nc:LocationCountyName>
							<nc:RegistrationExpirationDate>
								<nc:Date>2009-12-31</nc:Date>
							</nc:RegistrationExpirationDate>
							<nc:RegistrationJurisdictionName>Some Jurisdiction</nc:RegistrationJurisdictionName>
							<nc:ConveyanceRegistrationPlateIdentification>
								<nc:IdentificationID>ID123456</nc:IdentificationID>
							</nc:ConveyanceRegistrationPlateIdentification>
							<nc:ConveyanceRegistrationPlateCategoryCode>DB</nc:ConveyanceRegistrationPlateCategoryCode>
						</nc:ConveyanceRegistration>
						<ncsc:CourtCharge s:id="charge00">
							<j:ChargeApplicabilityText>Some Applicability Text</j:ChargeApplicabilityText>
							<j:ChargeDescriptionText>Some Description</j:ChargeDescriptionText>
							<j:ChargeDisposition>
								<nc:DispositionDate>
									<nc:Date>2009-12-31</nc:Date>
								</nc:DispositionDate>
								<nc:DispositionText>Result of the Disposition</nc:DispositionText>
								<nc:DispositionCategoryText>Some Disposition Category Text</nc:DispositionCategoryText>
							</j:ChargeDisposition>
							<j:ChargeIdentification>
								<nc:IdentificationID>ID123456</nc:IdentificationID>
							</j:ChargeIdentification>
							<j:ChargeNCICCode>0101</j:ChargeNCICCode>
							<j:ChargeQualifierText>Some Qualifier Text</j:ChargeQualifierText>
							<j:ChargeSanction>
								<j:SanctionSetObligation>
									<nc:ObligationDueDate>
										<nc:Date>2009-12-31</nc:Date>
									</nc:ObligationDueDate>
									<nc:ObligationRequirementDescriptionText>Some Requirement Description</nc:ObligationRequirementDescriptionText>
									<nc:ObligationCategoryText>Some Category of Obligation</nc:ObligationCategoryText>
								</j:SanctionSetObligation>
							</j:ChargeSanction>
							<j:ChargeSequenceID>
								<nc:IdentificationID>1</nc:IdentificationID>
							</j:ChargeSequenceID>
							<j:ChargeSeverityText>Some Severity Information</j:ChargeSeverityText>
							<j:ChargeStatus>
								<nc:StatusText>Some Status Text</nc:StatusText>
								<nc:StatusDate>
									<nc:Date>2000-12-31</nc:Date>
								</nc:StatusDate>
							</j:ChargeStatus>
							<j:ChargeStatute>
								<j:StatuteCodeIdentification>
									<nc:IdentificationID>ID123456</nc:IdentificationID>
								</j:StatuteCodeIdentification>
								<j:StatuteCodeSectionIdentification>
									<nc:IdentificationID>ID123456</nc:IdentificationID>
								</j:StatuteCodeSectionIdentification>
								<j:StatuteDescriptionText>Some Description of the Statute</j:StatuteDescriptionText>
								<j:StatuteEnactmentDate>
									<nc:Date>2008-12-31</nc:Date>
								</j:StatuteEnactmentDate>
								<j:StatuteKeywordText>Some Keywords</j:StatuteKeywordText>
								<j:StatuteText>Some Statute Text</j:StatuteText>
							</j:ChargeStatute>
							<j:ChargeText>Some Charge Text</j:ChargeText>
							<j:ChargeTrackingIdentification>
								<nc:IdentificationID>ID123456</nc:IdentificationID>
							</j:ChargeTrackingIdentification>
							<ncsc:ChargeFactorText>Some Charge Factor Text</ncsc:ChargeFactorText>
							<ncsc:ViolationZoneCategoryText>Some Category of a Zone</ncsc:ViolationZoneCategoryText>
							<ncsc:AlternativeChargeIndicator>false</ncsc:AlternativeChargeIndicator>
							<ncsc:ChargeEnhancingFactor>
								<j:ChargeEnhancingFactorText>Some Enhancing Factor Text</j:ChargeEnhancingFactorText>
								<ncsc:ChargeStatute>
									<j:StatuteCodeIdentification>
										<nc:IdentificationID>ID123456</nc:IdentificationID>
									</j:StatuteCodeIdentification>
									<j:StatuteCodeSectionIdentification>
										<nc:IdentificationID>ID123456</nc:IdentificationID>
									</j:StatuteCodeSectionIdentification>
									<j:StatuteDescriptionText>Some Description of the Statute</j:StatuteDescriptionText>
									<j:StatuteEnactmentDate>
										<nc:Date>2008-12-31</nc:Date>
									</j:StatuteEnactmentDate>
									<j:StatuteKeywordText>Some Keywords</j:StatuteKeywordText>
									<j:StatuteText>Some Statute Text</j:StatuteText>
									<ncsc:StateStatuteMappingCodeText>Some Local Code Mapping</ncsc:StateStatuteMappingCodeText>
									<ncsc:StatuteCodeOffenseIdentification>
										<nc:IdentificationID>ID123456</nc:IdentificationID>
									</ncsc:StatuteCodeOffenseIdentification>
								</ncsc:ChargeStatute>
							</ncsc:ChargeEnhancingFactor>
							<ncsc:ChargeApplicabilityStatute>
								<j:StatuteCodeIdentification>
									<nc:IdentificationID>ID123456</nc:IdentificationID>
								</j:StatuteCodeIdentification>
								<j:StatuteCodeSectionIdentification>
									<nc:IdentificationID>ID123456</nc:IdentificationID>
								</j:StatuteCodeSectionIdentification>
								<j:StatuteDescriptionText>Some Description of the Statute</j:StatuteDescriptionText>
								<j:StatuteEnactmentDate>
									<nc:Date>2008-12-31</nc:Date>
								</j:StatuteEnactmentDate>
								<j:StatuteKeywordText>Some Keywords</j:StatuteKeywordText>
								<j:StatuteText>Some Statute Text</j:StatuteText>
							</ncsc:ChargeApplicabilityStatute>
							<ncsc:VictimRightsOffenseIndicator>true</ncsc:VictimRightsOffenseIndicator>
							<ncsc:ChargeOriginalSequenceIdentification>
								<nc:IdentificationID>2</nc:IdentificationID>
							</ncsc:ChargeOriginalSequenceIdentification>
							<ncsc:ChargeCurrentSequenceIdentification>
								<nc:IdentificationID>3</nc:IdentificationID>
							</ncsc:ChargeCurrentSequenceIdentification>
							<ncsc:DomesticViolenceIndicator>true</ncsc:DomesticViolenceIndicator>
							<ncsc:SexuallyViolentPredatorIndicator>false</ncsc:SexuallyViolentPredatorIndicator>
						</ncsc:CourtCharge>
						<ncsc:Document s:id="document00">
							<nc:DocumentCategoryText>Some Category</nc:DocumentCategoryText>
							<nc:DocumentExpirationDate>
								<nc:Date>2009-12-31</nc:Date>
							</nc:DocumentExpirationDate>
							<j:ActivityDocumentValidator>
								<nc:EntityOrganizationReference s:ref="org00" />
							</j:ActivityDocumentValidator>
						</ncsc:Document>
						<ncsc:GrandJuryIndictment>
							<nc:ActivityIdentification>
								<nc:IdentificationID>ID123456</nc:IdentificationID>
							</nc:ActivityIdentification>
							<nc:ActivityCategoryText>Some Category</nc:ActivityCategoryText>
						</ncsc:GrandJuryIndictment>
						<nc:Incident s:id="incident00">
							<nc:ActivityIdentification>
								<nc:IdentificationID>ID123456</nc:IdentificationID>
							</nc:ActivityIdentification>
							<nc:ActivityCategoryText>Some Category of the Incident</nc:ActivityCategoryText>
							<nc:ActivityDateRange>
								<nc:StartDate>
									<nc:DateTime>2008-12-31T12:00:00-05:00</nc:DateTime>
								</nc:StartDate>
								<nc:EndDate>
									<nc:DateTime>2008-12-30T12:00:00-05:00</nc:DateTime>
								</nc:EndDate>
							</nc:ActivityDateRange>
							<nc:ActivityDescriptionText>Some Description of the Incident</nc:ActivityDescriptionText>
						</nc:Incident>
						<nc:Location s:id="location00">
							<nc:LocationName>Some Detainment Location</nc:LocationName>
						</nc:Location>
						<ncsc:Organization s:id="org00">
							<nc:OrganizationBranchName>Some Branch Name</nc:OrganizationBranchName>
							<nc:OrganizationIdentification>
								<nc:IdentificationID>ID123456</nc:IdentificationID>
							</nc:OrganizationIdentification>
							<nc:OrganizationLocalIdentification>
								<nc:IdentificationID>ID123456</nc:IdentificationID>
							</nc:OrganizationLocalIdentification>
							<nc:OrganizationLocation>
								<nc:LocationAddress>
									<nc:StructuredAddress>
										<nc:AddressBuildingText>The ACME Building</nc:AddressBuildingText>
										<nc:AddressSecondaryUnitText>10 Ton Weight Department</nc:AddressSecondaryUnitText>
										<nc:LocationStreet>
											<nc:StreetNumberText>1313</nc:StreetNumberText>
											<nc:StreetPredirectionalText>North</nc:StreetPredirectionalText>
											<nc:StreetName>Mockingbird Lane</nc:StreetName>
											<nc:StreetPostdirectionalText>South</nc:StreetPostdirectionalText>
										</nc:LocationStreet>
										<nc:LocationCityName>Some City Name</nc:LocationCityName>
										<nc:LocationCountyName>Some County Name</nc:LocationCountyName>
										<nc:LocationStateUSPostalServiceCode>MN</nc:LocationStateUSPostalServiceCode>
										<nc:LocationCountryName>United States</nc:LocationCountryName>
										<nc:LocationPostalCode>12345</nc:LocationPostalCode>
									</nc:StructuredAddress>
								</nc:LocationAddress>
								<nc:LocationDescriptionText>Description of the Location</nc:LocationDescriptionText>
								<nc:LocationLocale>
									<nc:LocaleDistrictName>Name of the District</nc:LocaleDistrictName>
								</nc:LocationLocale>
								<nc:LocationName>Name of the Location</nc:LocationName>
							</nc:OrganizationLocation>
							<nc:OrganizationName>Name of Organization</nc:OrganizationName>
							<nc:OrganizationPrimaryContactInformation>
								<nc:ContactEmailID>someone@some.org</nc:ContactEmailID>
								<nc:ContactTelephoneNumber>
									<nc:FullTelephoneNumber>
										<nc:TelephoneNumberFullID>123-456-7890</nc:TelephoneNumberFullID>
										<nc:TelephoneSuffixID>x1234</nc:TelephoneSuffixID>
									</nc:FullTelephoneNumber>
								</nc:ContactTelephoneNumber>
								<nc:ContactFaxNumber>
									<nc:FullTelephoneNumber>
										<nc:TelephoneNumberFullID>123-456-7890</nc:TelephoneNumberFullID>
										<nc:TelephoneSuffixID>x1234</nc:TelephoneSuffixID>
									</nc:FullTelephoneNumber>
								</nc:ContactFaxNumber>
							</nc:OrganizationPrimaryContactInformation>
							<nc:OrganizationUnitName>Some Unit Name</nc:OrganizationUnitName>
							<j:OrganizationAugmentation>
								<j:OrganizationJurisdiction>
									<nc:LocationCityName>Some City Name</nc:LocationCityName>
									<nc:LocationCountryName>United States</nc:LocationCountryName>
									<nc:LocationCountyName>Some County Name</nc:LocationCountyName>
									<nc:LocationStateUSPostalServiceCode>MN</nc:LocationStateUSPostalServiceCode>
								</j:OrganizationJurisdiction>
								<j:OrganizationORIIdentification>
									<nc:IdentificationID>ID123456</nc:IdentificationID>
								</j:OrganizationORIIdentification>
							</j:OrganizationAugmentation>
						</ncsc:Organization>
						<!-- Subject -->
						<ncsc:Person s:id="person00">
							<ncsc:PersonAlternateName>
								<nc:PersonFullName>Some Alternate Full Name</nc:PersonFullName>
							</ncsc:PersonAlternateName>
							<nc:PersonBirthDate>
								<nc:Date>2008-12-31</nc:Date>
							</nc:PersonBirthDate>
							<nc:PersonCitizenshipText>Norwegian</nc:PersonCitizenshipText>
							<nc:PersonDigitalImage>
								<nc:BinaryBase64Object>
        0123456789ABCDEF
        0123456789ABCDEF
        0123456789ABCDEF
        0123456789ABCDEF
      </nc:BinaryBase64Object>
							</nc:PersonDigitalImage>
							<nc:PersonDigitizedSignatureImage>
								<nc:BinaryBase64Object>
        0123456789ABCDEF
        0123456789ABCDEF
        0123456789ABCDEF
        0123456789ABCDEF
      </nc:BinaryBase64Object>
							</nc:PersonDigitizedSignatureImage>
							<nc:PersonEthnicityCode>N</nc:PersonEthnicityCode>
							<nc:PersonEyeColorCode>BLU</nc:PersonEyeColorCode>
							<nc:PersonHairColorCode>BLN</nc:PersonHairColorCode>
							<nc:PersonHeightMeasure>
								<nc:MeasureText>72</nc:MeasureText>
							</nc:PersonHeightMeasure>
							<nc:PersonMilitarySummary>
								<nc:MilitaryServiceActiveIndicator>false</nc:MilitaryServiceActiveIndicator>
								<nc:MilitaryStatus>
									<nc:StatusText>Retired</nc:StatusText>
									<nc:StatusDate>
										<nc:Date>2000-12-31</nc:Date>
									</nc:StatusDate>
								</nc:MilitaryStatus>
							</nc:PersonMilitarySummary>
							<nc:PersonName>
								<nc:PersonNamePrefixText>Mr.</nc:PersonNamePrefixText>
								<nc:PersonGivenName>Justin</nc:PersonGivenName>
								<nc:PersonMiddleName>Some</nc:PersonMiddleName>
								<nc:PersonSurName>Guy</nc:PersonSurName>
								<nc:PersonNameSuffixText>III</nc:PersonNameSuffixText>
							</nc:PersonName>
							<nc:PersonOtherIdentification>
								<nc:IdentificationID>ID123456</nc:IdentificationID>
							</nc:PersonOtherIdentification>
							<nc:PersonPhysicalFeature>
								<nc:PhysicalFeatureCategoryCode>TAT FHD</nc:PhysicalFeatureCategoryCode>
								<nc:PhysicalFeatureLocationText>High on brow, under bangs.</nc:PhysicalFeatureLocationText>
							</nc:PersonPhysicalFeature>
							<nc:PersonPrimaryLanguage>
								<nc:LanguageName>English</nc:LanguageName>
							</nc:PersonPrimaryLanguage>
							<nc:PersonRaceCode>W</nc:PersonRaceCode>
							<nc:PersonSexCode>M</nc:PersonSexCode>
							<nc:PersonSkinToneCode>FAR</nc:PersonSkinToneCode>
							<nc:PersonSSNIdentification>
								<nc:IdentificationID>ID123456</nc:IdentificationID>
							</nc:PersonSSNIdentification>
							<nc:PersonStateIdentification>
								<nc:IdentificationID>ID123456</nc:IdentificationID>
							</nc:PersonStateIdentification>
							<nc:PersonWeightMeasure>
								<nc:MeasureText>200</nc:MeasureText>
							</nc:PersonWeightMeasure>
							<ncsc:PersonAugmentation>
								<nc:DriverLicense>
									<nc:DriverLicenseIdentification>
										<nc:IdentificationID>ID123456</nc:IdentificationID>
										<nc:IdentificationExpirationDate>
											<nc:Date>2008-12-31</nc:Date>
										</nc:IdentificationExpirationDate>
										<nc:IdentificationSourceText>Minnesota</nc:IdentificationSourceText>
									</nc:DriverLicenseIdentification>
								</nc:DriverLicense>
								<j:PersonAFISIdentification>
									<nc:IdentificationID>ID123456</nc:IdentificationID>
								</j:PersonAFISIdentification>
								<j:PersonFBIIdentification>
									<nc:IdentificationID>ID123456</nc:IdentificationID>
								</j:PersonFBIIdentification>
								<ncsc:InterpreterRequiredIndicator>false</ncsc:InterpreterRequiredIndicator>
								<nc:Passport>
									<nc:PassportNumberIdentification>
										<nc:IdentificationID>ID123456</nc:IdentificationID>
									</nc:PassportNumberIdentification>
									<nc:PersonCitizenshipText>United States of America</nc:PersonCitizenshipText>
								</nc:Passport>
								<ncsc:PersonNCICHeightText>600</ncsc:PersonNCICHeightText>
								<ncsc:PersonNCICWeightText>200</ncsc:PersonNCICWeightText>
								<ncsc:PersonMedicalCondition>
									<ncsc:PersonMedicalConditionTreatmentText>Diet and Exercise</ncsc:PersonMedicalConditionTreatmentText>
								</ncsc:PersonMedicalCondition>
								<ncsc:PersonDNA>
									<nc:DNAImage>
										<nc:BinaryBase64Object>
            0123456789ABCDEF
            0123456789ABCDEF
            0123456789ABCDEF
            0123456789ABCDEF
          </nc:BinaryBase64Object>
									</nc:DNAImage>
									<nc:DNALocus>
										<nc:DNALocusCategoryText>Some DNA Locus Category Text</nc:DNALocusCategoryText>
										<nc:DNALocusValue>Some DNA Locus Value</nc:DNALocusValue>
									</nc:DNALocus>
								</ncsc:PersonDNA>
								<ncsc:FingerprintSet>
									<ncsc:Fingerprint>
										<ansi-nist:FingerPositionCode>13</ansi-nist:FingerPositionCode>
										<ansi-nist:FingerPositionIndicator>false</ansi-nist:FingerPositionIndicator>
									</ncsc:Fingerprint>
								</ncsc:FingerprintSet>
								<ncsc:RetinalScan>
									<nc:BiometricImage>
										<nc:BinaryBase64Object>
            0123456789ABCDEF
            0123456789ABCDEF
            0123456789ABCDEF
            0123456789ABCDEF
          </nc:BinaryBase64Object>
									</nc:BiometricImage>
								</ncsc:RetinalScan>
							</ncsc:PersonAugmentation>
						</ncsc:Person>
						<!-- Informer -->
						<ncsc:Person s:id="person01">
							<ncsc:PersonAlternateName>
								<nc:PersonFullName>Some Alternate Full Name</nc:PersonFullName>
								<j:PersonNameAugmentation j:personNameCategoryCode="pseudonym" />
							</ncsc:PersonAlternateName>
							<nc:PersonBirthDate>
								<nc:Date>2008-12-31</nc:Date>
							</nc:PersonBirthDate>
							<nc:PersonCitizenshipText>Norwegian</nc:PersonCitizenshipText>
							<nc:PersonDigitalImage>
								<nc:BinaryBase64Object>
        0123456789ABCDEF
        0123456789ABCDEF
        0123456789ABCDEF
        0123456789ABCDEF
      </nc:BinaryBase64Object>
							</nc:PersonDigitalImage>
							<nc:PersonDigitizedSignatureImage>
								<nc:BinaryBase64Object>
        0123456789ABCDEF
        0123456789ABCDEF
        0123456789ABCDEF
        0123456789ABCDEF
      </nc:BinaryBase64Object>
							</nc:PersonDigitizedSignatureImage>
							<nc:PersonEthnicityCode>N</nc:PersonEthnicityCode>
							<nc:PersonEyeColorCode>BLU</nc:PersonEyeColorCode>
							<nc:PersonHairColorCode>BLN</nc:PersonHairColorCode>
							<nc:PersonHeightMeasure>
								<nc:MeasureText>72</nc:MeasureText>
							</nc:PersonHeightMeasure>
							<nc:PersonMilitarySummary>
								<nc:MilitaryServiceActiveIndicator>false</nc:MilitaryServiceActiveIndicator>
								<nc:MilitaryStatus>
									<nc:StatusText>Retired</nc:StatusText>
								</nc:MilitaryStatus>
							</nc:PersonMilitarySummary>
							<nc:PersonName>
								<nc:PersonNamePrefixText>Mr.</nc:PersonNamePrefixText>
								<nc:PersonGivenName>Justin</nc:PersonGivenName>
								<nc:PersonMiddleName>Some</nc:PersonMiddleName>
								<nc:PersonSurName>Guy</nc:PersonSurName>
								<nc:PersonNameSuffixText>III</nc:PersonNameSuffixText>
							</nc:PersonName>
							<nc:PersonOtherIdentification>
								<nc:IdentificationID>ID123456</nc:IdentificationID>
							</nc:PersonOtherIdentification>
							<nc:PersonPhysicalFeature>
								<nc:PhysicalFeatureCategoryCode>TAT FHD</nc:PhysicalFeatureCategoryCode>
								<nc:PhysicalFeatureLocationText>High on brow, under bangs.</nc:PhysicalFeatureLocationText>
							</nc:PersonPhysicalFeature>
							<nc:PersonPrimaryLanguage>
								<nc:LanguageName>English</nc:LanguageName>
							</nc:PersonPrimaryLanguage>
							<nc:PersonRaceCode>W</nc:PersonRaceCode>
							<nc:PersonSexCode>M</nc:PersonSexCode>
							<nc:PersonSkinToneCode>FAR</nc:PersonSkinToneCode>
							<nc:PersonSSNIdentification>
								<nc:IdentificationID>ID123456</nc:IdentificationID>
							</nc:PersonSSNIdentification>
							<nc:PersonStateIdentification>
								<nc:IdentificationID>ID123456</nc:IdentificationID>
							</nc:PersonStateIdentification>
							<nc:PersonWeightMeasure>
								<nc:MeasureText>200</nc:MeasureText>
							</nc:PersonWeightMeasure>
							<ncsc:PersonAugmentation>
								<nc:DriverLicense />
								<j:PersonAFISIdentification>
									<nc:IdentificationID>ID123456</nc:IdentificationID>
								</j:PersonAFISIdentification>
								<j:PersonFBIIdentification>
									<nc:IdentificationID>ID123456</nc:IdentificationID>
								</j:PersonFBIIdentification>
								<ncsc:InterpreterRequiredIndicator>false</ncsc:InterpreterRequiredIndicator>
								<ncsc:PersonNCICHeightText>600</ncsc:PersonNCICHeightText>
								<ncsc:PersonNCICWeightText>200</ncsc:PersonNCICWeightText>
								<ncsc:PersonMedicalCondition>
									<nc:MedicalConditionText>Diabetes</nc:MedicalConditionText>
									<nc:MedicalConditionCauseText>Got too fat.</nc:MedicalConditionCauseText>
									<nc:MedicalConditionDescriptionText>Elevated blood sugar levels.</nc:MedicalConditionDescriptionText>
									<nc:MedicalConditionPresentIndicator>true</nc:MedicalConditionPresentIndicator>
									<nc:MedicalConditionSeverityText>Controllable</nc:MedicalConditionSeverityText>
									<ncsc:PersonMedicalConditionTreatmentText>Diet and Exercise</ncsc:PersonMedicalConditionTreatmentText>
								</ncsc:PersonMedicalCondition>
							</ncsc:PersonAugmentation>
						</ncsc:Person>
						<nc:Vehicle s:id="vehicle01">
							<nc:ItemPossessionDescriptionText>Some Description</nc:ItemPossessionDescriptionText>
							<nc:VehicleColorPrimaryCode>RED</nc:VehicleColorPrimaryCode>
							<nc:VehicleColorSecondaryCode>BLK</nc:VehicleColorSecondaryCode>
							<nc:ItemModelYearDate>1995</nc:ItemModelYearDate>
							<nc:VehicleStyleCode>4H</nc:VehicleStyleCode>
							<nc:VehicleUseCode>01</nc:VehicleUseCode>
							<nc:VehicleIdentification>
								<nc:IdentificationID>ID123456</nc:IdentificationID>
							</nc:VehicleIdentification>
							<nc:VehicleMakeCode>BMW</nc:VehicleMakeCode>
							<nc:VehicleModelCode>318</nc:VehicleModelCode>
							<nc:ItemOwnershipCategoryText>Some Kind of Ownership</nc:ItemOwnershipCategoryText>
						</nc:Vehicle>
						<j:Warrant s:id="warrant00">
							<nc:ActivityIdentification>
								<nc:IdentificationID>ID123456</nc:IdentificationID>
							</nc:ActivityIdentification>
							<nc:ActivityDate>
								<nc:Date>2008-12-31</nc:Date>
							</nc:ActivityDate>
							<j:CourtOrderRequestReasonText>Some Reason</j:CourtOrderRequestReasonText>
							<j:CourtOrderRequestEntity>
								<nc:EntityOrganizationReference s:ref="org00" />
								<nc:EntityPersonReference s:ref="person02" />
							</j:CourtOrderRequestEntity>
							<j:CourtOrderServiceRestrictionText>Some Restriction</j:CourtOrderServiceRestrictionText>
							<j:WarrantAppearanceBail>
								<nc:ActivityDescriptionText>Some Description</nc:ActivityDescriptionText>
								<j:BailConditionDescriptionText>Some Condition</j:BailConditionDescriptionText>
								<j:BailSetAmount>1234</j:BailSetAmount>
							</j:WarrantAppearanceBail>
							<j:WarrantExtraditionLimitationText>Some Limitation</j:WarrantExtraditionLimitationText>
							<j:WarrantExtraditionLimitationCode>04</j:WarrantExtraditionLimitationCode>
						</j:Warrant>
						<ncsc:Subject>
							<nc:RoleOfPersonReference s:ref="person00" />
							<j:SubjectDetainmentLocation>
								<nc:LocationName>Some Location Name</nc:LocationName>
							</j:SubjectDetainmentLocation>
						</ncsc:Subject>
						<ncsc:OriginatingAgencyRole>
							<nc:RoleOfOrganizationReference s:ref="org00" />
						</ncsc:OriginatingAgencyRole>
						<!-- Associations -->
						<j:ActivityChargeAssociation>
							<nc:ActivityReference s:ref="incident00" />
							<j:ChargeReference s:ref="charge00" />
						</j:ActivityChargeAssociation>
						<j:ActivityOriginatingDocumentAssociation>
							<nc:ActivityReference s:ref="warrant00" />
							<nc:DocumentReference s:ref="document00" />
						</j:ActivityOriginatingDocumentAssociation>
						<nc:ConveyanceRegistrationAssociation>
							<nc:ItemRegistrationReference s:ref="regis00" />
							<nc:ItemReference s:ref="vehicle00" />
						</nc:ConveyanceRegistrationAssociation>
						<j:IncidentInformantAssociation>
							<nc:ActivityReference s:ref="incident00" />
							<nc:PersonReference s:ref="person01" />
						</j:IncidentInformantAssociation>
						<nc:PersonContactInformationAssociation>
							<nc:PersonReference s:ref="person00" />
							<nc:ContactInformationReference s:ref="contactinfo00" />
							<nc:ContactInformationIsPrimaryIndicator>true</nc:ContactInformationIsPrimaryIndicator>
						</nc:PersonContactInformationAssociation>
						<nc:PersonEmploymentAssociation>
							<nc:EmployeeReference s:ref="person00" />
							<nc:Employer>
								<nc:EntityOrganizationReference s:ref="org00" />
							</nc:Employer>
							<nc:EmployeePositionName>Position of Employee</nc:EmployeePositionName>
							<nc:EmployeeIdentification>
								<nc:IdentificationID>ID123456</nc:IdentificationID>
							</nc:EmployeeIdentification>
						</nc:PersonEmploymentAssociation>
						<nc:PersonLastSeenLocationAssociation>
							<nc:PersonReference s:ref="person00" />
							<nc:LocationReference s:ref="location00" />
						</nc:PersonLastSeenLocationAssociation>
					</awie:ArrestWarrant>
					<!-- The agency that initiated the warrant request -->
					<awie:RequestingAgencyRole>
						<nc:RoleOfOrganizationReference s:ref="requesting_org00" />
					</awie:RequestingAgencyRole>
					<!-- The agency that screened the warrant request (in implementations with intermediate screening -->
					<awie:ScreeningAgencyRole>
						<nc:RoleOfOrganizationReference s:ref="screening_org00" />
					</awie:ScreeningAgencyRole>
					<ncsc:Organization s:id="requesting_org00">
						<nc:OrganizationIdentification>
							<nc:IdentificationID>ID123456</nc:IdentificationID>
						</nc:OrganizationIdentification>
						<nc:OrganizationLocalIdentification>
							<nc:IdentificationID>ID123456</nc:IdentificationID>
						</nc:OrganizationLocalIdentification>
						<nc:OrganizationLocation>
							<nc:LocationAddress>
								<nc:StructuredAddress>
									<nc:AddressBuildingText>County Building</nc:AddressBuildingText>
									<nc:AddressSecondaryUnitText>Sheriff's Department</nc:AddressSecondaryUnitText>
									<nc:LocationStreet>
										<nc:StreetNumberText>1313</nc:StreetNumberText>
										<nc:StreetPredirectionalText>North</nc:StreetPredirectionalText>
										<nc:StreetName>Mockingbird Lane</nc:StreetName>
										<nc:StreetPostdirectionalText>South</nc:StreetPostdirectionalText>
									</nc:LocationStreet>
									<nc:LocationCityName>Some City Name</nc:LocationCityName>
									<nc:LocationCountyName>Some County Name</nc:LocationCountyName>
									<nc:LocationStateUSPostalServiceCode>MN</nc:LocationStateUSPostalServiceCode>
									<nc:LocationCountryName>United States</nc:LocationCountryName>
									<nc:LocationPostalCode>12345</nc:LocationPostalCode>
								</nc:StructuredAddress>
							</nc:LocationAddress>
							<nc:LocationDescriptionText>Description of the Location</nc:LocationDescriptionText>
							<nc:LocationLocale>
								<nc:LocaleDistrictName>Name of the District</nc:LocaleDistrictName>
							</nc:LocationLocale>
						</nc:OrganizationLocation>
						<nc:OrganizationName>Smith County Sheriff Department</nc:OrganizationName>
						<nc:OrganizationPrimaryContactInformation>
							<nc:ContactEmailID>someone@some.org</nc:ContactEmailID>
							<nc:ContactTelephoneNumber>
								<nc:FullTelephoneNumber>
									<nc:TelephoneNumberFullID>123-456-7890</nc:TelephoneNumberFullID>
									<nc:TelephoneSuffixID>x1234</nc:TelephoneSuffixID>
								</nc:FullTelephoneNumber>
							</nc:ContactTelephoneNumber>
							<nc:ContactFaxNumber>
								<nc:FullTelephoneNumber>
									<nc:TelephoneNumberFullID>123-456-7890</nc:TelephoneNumberFullID>
									<nc:TelephoneSuffixID>x1234</nc:TelephoneSuffixID>
								</nc:FullTelephoneNumber>
							</nc:ContactFaxNumber>
						</nc:OrganizationPrimaryContactInformation>
					</ncsc:Organization>
					<ncsc:Organization s:id="screening_org00">
						<nc:OrganizationIdentification>
							<nc:IdentificationID>ID123457</nc:IdentificationID>
						</nc:OrganizationIdentification>
						<nc:OrganizationLocalIdentification>
							<nc:IdentificationID>ID123457</nc:IdentificationID>
						</nc:OrganizationLocalIdentification>
						<nc:OrganizationLocation>
							<nc:LocationAddress>
								<nc:StructuredAddress>
									<nc:AddressBuildingText>County Building</nc:AddressBuildingText>
									<nc:AddressSecondaryUnitText>Prosecutor's Office</nc:AddressSecondaryUnitText>
									<nc:LocationStreet>
										<nc:StreetNumberText>1313</nc:StreetNumberText>
										<nc:StreetPredirectionalText>North</nc:StreetPredirectionalText>
										<nc:StreetName>Mockingbird Lane</nc:StreetName>
										<nc:StreetPostdirectionalText>South</nc:StreetPostdirectionalText>
									</nc:LocationStreet>
									<nc:LocationCityName>Some City Name</nc:LocationCityName>
									<nc:LocationCountyName>Some County Name</nc:LocationCountyName>
									<nc:LocationStateUSPostalServiceCode>MN</nc:LocationStateUSPostalServiceCode>
									<nc:LocationCountryName>United States</nc:LocationCountryName>
									<nc:LocationPostalCode>12345</nc:LocationPostalCode>
								</nc:StructuredAddress>
							</nc:LocationAddress>
							<nc:LocationDescriptionText>Description of the Location</nc:LocationDescriptionText>
							<nc:LocationLocale>
								<nc:LocaleDistrictName>Name of the District</nc:LocaleDistrictName>
							</nc:LocationLocale>
						</nc:OrganizationLocation>
						<nc:OrganizationName>Smith County District Attorney</nc:OrganizationName>
						<nc:OrganizationPrimaryContactInformation>
							<nc:ContactEmailID>someone@some.org</nc:ContactEmailID>
							<nc:ContactTelephoneNumber>
								<nc:FullTelephoneNumber>
									<nc:TelephoneNumberFullID>123-456-7890</nc:TelephoneNumberFullID>
									<nc:TelephoneSuffixID>x1234</nc:TelephoneSuffixID>
								</nc:FullTelephoneNumber>
							</nc:ContactTelephoneNumber>
							<nc:ContactFaxNumber>
								<nc:FullTelephoneNumber>
									<nc:TelephoneNumberFullID>123-456-7890</nc:TelephoneNumberFullID>
									<nc:TelephoneSuffixID>x1234</nc:TelephoneSuffixID>
								</nc:FullTelephoneNumber>
							</nc:ContactFaxNumber>
						</nc:OrganizationPrimaryContactInformation>
					</ncsc:Organization>
				</awie:WarrantIssueRequest>
			</awie:ArrestWarrantInformationExchangeDocument>
		</m:SubmitWarrantRequestRequest>
	</SOAP-ENV:Body>
</SOAP-ENV:Envelope>