<?xml version="1.0" encoding="UTF-8"?>
<!--
    Description : IEPD Metadata instance for National Gang Information Sharing Exchange Package (GIn-Ex)
-->
<Metadata xmlns="http://niem.gov/niem/metadata/1" xmlns:xsi="http://www.w3.org/2001/XMLSchema-instance">
	<URI>http://usdoj.gov/OJP/BJA/GangInformationSharing/1.0</URI>
	<Name>National Gang Information Sharing Exchange Package (GIn-Ex)</Name>
	<Summary>The National Gang Information Sharing Exchange Package (GIn-Ex) provides the technology foundation in the implementation of nationwide gang information sharing among local, state, tribal, and federal agencies to combat gang proliferation and activity.</Summary>
	<Version>1.0</Version>
	<CreationDate>1/31/2011</CreationDate>
	<NIEMVersion>2.0</NIEMVersion>
	<Security>Public</Security>
	<Maturity>2</Maturity>
	<Domain>Corrections, Courts, FBI, Juvenile Justice, Jails, Technical Practitioners, State and Local U.S. Law Enforcement</Domain>
	<Sponsors>U.S. Department of Justice, Office of Justice Programs, Bureau of Justice Assistance, State/Local Law Enforcement</Sponsors>
	<Purpose>The National Gang Information Sharing Exchange Package (GIn-Ex) provides the technology foundation in the implementation of nationwide gang information sharing among local, state, tribal, and federal agencies to combat gang proliferation and activity.</Purpose>
	<MessageExchangePatterns>publish, query/response</MessageExchangePatterns>
	<AuthoritativeSource>
		<Organization>
			<Name>U.S. Department of Justice, Office of Justice Programs, Bureau of Justice Assistance</Name>
			<Country>U.S.</Country>
		</Organization>
		<PointOfContact>
			<Name>National Information Sharing Standards (NISS) Help Desk</Name>
			<Phone>877.333.5111</Phone>
			<Email>NISShelp@ijis.org</Email>
		</PointOfContact>
	</AuthoritativeSource>
</Metadata>
