<?xml version="1.0" encoding="ISO-8859-1"?>
<w:WantList w:release="2.0" w:product="NIEM" xmlns:w="http://niem.gov/niem/wantlist/1">
    <w:Element w:prefix="nc" w:name="OrganizationItemAssociation"
    w:isReference="false"/>
    <w:Element w:prefix="nc" w:name="OrganizationContactInformationAssociation"
    w:isReference="false"/>
    <w:Element w:prefix="nc" w:name="OrganizationIdentification"
    w:isReference="false"/>
    <w:Element w:prefix="nc" w:name="IdentificationID"
    w:isReference="false"/>
    <w:Element w:prefix="em" w:name="ResourceLocationDetails"
    w:isReference="false"/>
    <w:Element w:prefix="em" w:name="ResourceCurrentLocation"
    w:isReference="false"/>
    <w:Element w:prefix="nc" w:name="LocationAltitudeMeasure"
    w:isReference="false"/>
    <w:Element w:prefix="nc" w:name="MeasureValue" w:isReference="false"/>
    <w:Element w:prefix="nc" w:name="MeasurePointValue"
    w:isReference="false"/>
    <w:Element w:prefix="nc" w:name="ContactMeans" w:isReference="false"/>
    <w:Element w:prefix="nc" w:name="ContactTelephoneNumber"
    w:isReference="false"/>
    <w:Element w:prefix="nc" w:name="TelephoneNumberRepresentation"
    w:isReference="false"/>
    <w:Element w:prefix="nc" w:name="NANPTelephoneNumber"
    w:isReference="false"/>
    <w:Element w:prefix="nc" w:name="TelephoneAreaCodeID"
    w:isReference="false"/>
    <w:Element w:prefix="nc" w:name="OrganizationName"
    w:isReference="false"/>
    <w:Element w:prefix="j" w:name="OrganizationAugmentation"
    w:isReference="false"/>
    <w:Element w:prefix="j" w:name="OrganizationORIIdentification"
    w:isReference="false"/>
    <w:Element w:prefix="nc" w:name="OrganizationDescriptionText"
    w:isReference="false"/>
    <w:Element w:prefix="em" w:name="ResourceInformation"
    w:isReference="false"/>
    <w:Element w:prefix="em" w:name="ResourceQuantity"
    w:isReference="false"/>
    <w:Element w:prefix="nc" w:name="MeasureUnitText" w:isReference="false"/>
    <w:Element w:prefix="nc" w:name="ContactInformationDescriptionText"
    w:isReference="false"/>
    <w:Element w:prefix="nc" w:name="ContactEmailID" w:isReference="false"/>
    <w:Element w:prefix="nc" w:name="TelephoneLineID" w:isReference="false"/>
    <w:Element w:prefix="nc" w:name="InternationalTelephoneNumber"
    w:isReference="false"/>
    <w:Element w:prefix="nc" w:name="TelephoneCountryCodeID"
    w:isReference="false"/>
    <w:Element w:prefix="nc" w:name="TelephoneSuffixID"
    w:isReference="false"/>
    <w:Element w:prefix="scr" w:name="TelephoneNumberAugmentation"
    w:isReference="false"/>
    <w:Element w:prefix="scr" w:name="TelephoneCategoryDescriptionText"
    w:isReference="false"/>
    <w:Element w:prefix="nc" w:name="TelephoneExchangeID"
    w:isReference="false"/>
    <w:Element w:prefix="nc" w:name="ContactWebsiteURI"
    w:isReference="false"/>
    <w:Element w:prefix="nc" w:name="DateRepresentation"
    w:isReference="false"/>
    <w:Element w:prefix="nc" w:name="DateTime" w:isReference="false"/>
    <w:Element w:prefix="nc" w:name="DistributionText"
    w:isReference="false"/>
    <w:Element w:prefix="em" w:name="ResourceSchedule"
    w:isReference="false"/>
    <w:Element w:prefix="em" w:name="ResourceEstimatedArrivalDate"
    w:isReference="false"/>
    <w:Element w:prefix="nc" w:name="ContactEntity" w:isReference="false"/>
    <w:Element w:prefix="nc" w:name="EntityRepresentation"
    w:isReference="false"/>
    <w:Element w:prefix="nc" w:name="EntityPerson" w:isReference="false"/>
    <w:Element w:prefix="nc" w:name="PersonName" w:isReference="false"/>
    <w:Element w:prefix="nc" w:name="PersonFullName" w:isReference="false"/>
    <w:Element w:prefix="nc" w:name="LocationTwoDimensionalGeographicCoordinate"
    w:isReference="false"/>
    <w:Element w:prefix="nc" w:name="GeographicCoordinateLatitude"
    w:isReference="false"/>
    <w:Element w:prefix="nc" w:name="LatitudeSecondValue"
    w:isReference="false"/>
    <w:Element w:prefix="nc" w:name="GeographicCoordinateLongitude"
    w:isReference="false"/>
    <w:Element w:prefix="nc" w:name="LongitudeDegreeValue"
    w:isReference="false"/>
    <w:Element w:prefix="nc" w:name="LongitudeMinuteValue"
    w:isReference="false"/>
    <w:Element w:prefix="nc" w:name="LongitudeSecondValue"
    w:isReference="false"/>
    <w:Element w:prefix="nc" w:name="PersonMiddleName"
    w:isReference="false"/>
    <w:Element w:prefix="nc" w:name="PersonNamePrefixText"
    w:isReference="false"/>
    <w:Element w:prefix="nc" w:name="PersonNameSuffixText"
    w:isReference="false"/>
    <w:Element w:prefix="em" w:name="ResourceAnticipatedIncidentAssignmentText"
    w:isReference="false"/>
    <w:Element w:prefix="em" w:name="ResourceKind" w:isReference="false"/>
    <w:Element w:prefix="em" w:name="CategoryStructure"
    w:isReference="false"/>
    <w:Element w:prefix="em" w:name="ValueText" w:isReference="false"/>
    <w:Element w:prefix="em" w:name="ResourceName" w:isReference="false"/>
    <w:Element w:prefix="em" w:name="ResourceDescriptionText"
    w:isReference="false"/>
    <w:Element w:prefix="em" w:name="ResourceKeywordValue"
    w:isReference="false"/>
    <w:Element w:prefix="em" w:name="CategoryInformation"
    w:isReference="false"/>
    <w:Element w:prefix="em" w:name="ValueListURN" w:isReference="false"/>
    <w:Element w:prefix="em" w:name="ResourceSpecialRequirementsText"
    w:isReference="false"/>
    <w:Element w:prefix="nc" w:name="LocationDescriptionText"
    w:isReference="false"/>
    <w:Element w:prefix="nc" w:name="LocationName" w:isReference="false"/>
    <w:Element w:prefix="intel" w:name="SystemIdentifier"
    w:isReference="false"/>
    <w:Element w:prefix="nc" w:name="MeasureCategoryText"
    w:isReference="false"/>
    <w:Element w:prefix="nc" w:name="LocationUTMCoordinate"
    w:isReference="false"/>
    <w:Element w:prefix="nc" w:name="UTMDatumID" w:isReference="false"/>
    <w:Element w:prefix="nc" w:name="LatitudeDegreeValue"
    w:isReference="false"/>
    <w:Element w:prefix="nc" w:name="LatitudeMinuteValue"
    w:isReference="false"/>
    <w:Element w:prefix="nc" w:name="PersonGivenName" w:isReference="false"/>
    <w:Element w:prefix="nc" w:name="PersonSurName" w:isReference="false"/>
    <w:Element w:prefix="nc" w:name="PersonOtherIdentification"
    w:isReference="false"/>
    <w:Element w:prefix="nc" w:name="LocationAddress" w:isReference="false"/>
    <w:Element w:prefix="nc" w:name="AddressRepresentation"
    w:isReference="false"/>
    <w:Element w:prefix="nc" w:name="StructuredAddress"
    w:isReference="false"/>
    <w:Element w:prefix="nc" w:name="AddressDeliveryPoint"
    w:isReference="false"/>
    <w:Element w:prefix="nc" w:name="LocationStreet" w:isReference="false"/>
    <w:Element w:prefix="nc" w:name="StreetName" w:isReference="false"/>
    <w:Type w:prefix="nc" w:name="OrganizationItemAssociationType"
    w:isRequested="true">
        <ElementInType w:prefix="nc" w:name="Item" w:isReference="true"
        xmlns="http://niem.gov/niem/wantlist/1"/>
        <ElementInType w:prefix="nc" w:name="Organization"
        w:isReference="true" xmlns="http://niem.gov/niem/wantlist/1"/>
    </w:Type>
    <w:Type w:prefix="nc" w:name="AssociationType" w:isRequested="true"/>
    <w:Type w:prefix="nc" w:name="OrganizationContactInformationAssociationType"
    w:isRequested="true">
        <ElementInType w:prefix="nc" w:name="Organization"
        w:isReference="true" xmlns="http://niem.gov/niem/wantlist/1"/>
        <ElementInType w:prefix="nc" w:name="ContactInformation"
        w:isReference="true" xmlns="http://niem.gov/niem/wantlist/1"/>
    </w:Type>
    <w:Type w:prefix="nc" w:name="IdentificationType" w:isRequested="true">
        <ElementInType w:prefix="nc" w:name="IdentificationID"
        w:isReference="false" xmlns="http://niem.gov/niem/wantlist/1"/>
    </w:Type>
    <w:Type w:prefix="niem-xsd" w:name="string" w:isRequested="true"/>
    <w:Type w:prefix="em" w:name="ResourceType" w:isRequested="true">
        <ElementInType w:prefix="em" w:name="ResourceLocationDetails"
        w:isReference="false" xmlns="http://niem.gov/niem/wantlist/1"/>
        <ElementInType w:prefix="em" w:name="ResourceInformation"
        w:isReference="false" xmlns="http://niem.gov/niem/wantlist/1"/>
        <ElementInType w:prefix="em" w:name="ResourceKind"
        w:isReference="false" xmlns="http://niem.gov/niem/wantlist/1"/>
        <ElementInType w:prefix="em" w:name="ResourceName"
        w:isReference="false" xmlns="http://niem.gov/niem/wantlist/1"/>
        <ElementInType w:prefix="em" w:name="ResourceDescriptionText"
        w:isReference="false" xmlns="http://niem.gov/niem/wantlist/1"/>
        <ElementInType w:prefix="em" w:name="ResourceKeywordValue"
        w:isReference="false" xmlns="http://niem.gov/niem/wantlist/1"/>
        <ElementInType w:prefix="em" w:name="ResourceSpecialRequirementsText"
        w:isReference="false" xmlns="http://niem.gov/niem/wantlist/1"/>
    </w:Type>
    <w:Type w:prefix="em" w:name="ResourceLocationDetailsType"
    w:isRequested="true">
        <ElementInType w:prefix="em" w:name="ResourceCurrentLocation"
        w:isReference="false" xmlns="http://niem.gov/niem/wantlist/1"/>
    </w:Type>
    <w:Type w:prefix="nc" w:name="LocationType" w:isRequested="true">
        <ElementInType w:prefix="nc" w:name="LocationAltitudeMeasure"
        w:isReference="false" xmlns="http://niem.gov/niem/wantlist/1"/>
        <ElementInType w:prefix="nc" w:name="LocationTwoDimensionalGeographicCoordinate"
        w:isReference="false" xmlns="http://niem.gov/niem/wantlist/1"/>
        <ElementInType w:prefix="nc" w:name="LocationDescriptionText"
        w:isReference="false" xmlns="http://niem.gov/niem/wantlist/1"/>
        <ElementInType w:prefix="nc" w:name="LocationName"
        w:isReference="false" xmlns="http://niem.gov/niem/wantlist/1"/>
        <ElementInType w:prefix="nc" w:name="LocationUTMCoordinate"
        w:isReference="false" xmlns="http://niem.gov/niem/wantlist/1"/>
        <ElementInType w:prefix="nc" w:name="LocationAddress"
        w:isReference="false" xmlns="http://niem.gov/niem/wantlist/1"/>
    </w:Type>
    <w:Type w:prefix="nc" w:name="LengthMeasureType" w:isRequested="true"/>
    <w:Type w:prefix="nc" w:name="MeasureType" w:isRequested="true">
        <ElementInType w:prefix="nc" w:name="MeasureValue"
        w:isReference="false" xmlns="http://niem.gov/niem/wantlist/1"/>
        <ElementInType w:prefix="nc" w:name="MeasureUnitText"
        w:isReference="false" xmlns="http://niem.gov/niem/wantlist/1"/>
        <ElementInType w:prefix="nc" w:name="MeasureCategoryText"
        w:isReference="false" xmlns="http://niem.gov/niem/wantlist/1"/>
    </w:Type>
    <w:Type w:prefix="nc" w:name="MeasurePointValueType"
    w:isRequested="true"/>
    <w:Type w:prefix="nc" w:name="ContactInformationType"
    w:isRequested="true">
        <ElementInType w:prefix="nc" w:name="ContactMeans"
        w:isReference="false" xmlns="http://niem.gov/niem/wantlist/1"/>
        <ElementInType w:prefix="nc" w:name="ContactEntity"
        w:isReference="false" xmlns="http://niem.gov/niem/wantlist/1"/>
    </w:Type>
    <w:Type w:prefix="nc" w:name="TelephoneNumberType"
    w:isRequested="true">
        <ElementInType w:prefix="nc" w:name="TelephoneNumberRepresentation"
        w:isReference="false" xmlns="http://niem.gov/niem/wantlist/1"/>
    </w:Type>
    <w:Type w:prefix="nc" w:name="NANPTelephoneNumberType"
    w:isRequested="true">
        <ElementInType w:prefix="nc" w:name="TelephoneAreaCodeID"
        w:isReference="false" xmlns="http://niem.gov/niem/wantlist/1"/>
        <ElementInType w:prefix="nc" w:name="TelephoneLineID"
        w:isReference="false" xmlns="http://niem.gov/niem/wantlist/1"/>
        <ElementInType w:prefix="nc" w:name="TelephoneSuffixID"
        w:isReference="false" xmlns="http://niem.gov/niem/wantlist/1"/>
        <ElementInType w:prefix="nc" w:name="TelephoneExchangeID"
        w:isReference="false" xmlns="http://niem.gov/niem/wantlist/1"/>
    </w:Type>
    <w:Type w:prefix="nc" w:name="OrganizationType" w:isRequested="true">
        <ElementInType w:prefix="nc" w:name="OrganizationIdentification"
        w:isReference="false" xmlns="http://niem.gov/niem/wantlist/1"/>
        <ElementInType w:prefix="nc" w:name="OrganizationName"
        w:isReference="false" xmlns="http://niem.gov/niem/wantlist/1"/>
        <ElementInType w:prefix="nc" w:name="OrganizationDescriptionText"
        w:isReference="false" xmlns="http://niem.gov/niem/wantlist/1"/>
    </w:Type>
    <w:Type w:prefix="nc" w:name="TextType" w:isRequested="true"/>
    <w:Type w:prefix="j" w:name="OrganizationAugmentationType"
    w:isRequested="true">
        <ElementInType w:prefix="j" w:name="OrganizationORIIdentification"
        w:isReference="false" xmlns="http://niem.gov/niem/wantlist/1"/>
    </w:Type>
    <w:Type w:prefix="em" w:name="ResourceInformationType"
    w:isRequested="true">
        <ElementInType w:prefix="em" w:name="ResourceQuantity"
        w:isReference="false" xmlns="http://niem.gov/niem/wantlist/1"/>
        <ElementInType w:prefix="em" w:name="ResourceSchedule"
        w:isReference="false" xmlns="http://niem.gov/niem/wantlist/1"/>
        <ElementInType w:prefix="em" w:name="ResourceAnticipatedIncidentAssignmentText"
        w:isReference="false" xmlns="http://niem.gov/niem/wantlist/1"/>
    </w:Type>
    <w:Type w:prefix="niem-xsd" w:name="nonNegativeInteger"
    w:isRequested="true"/>
    <w:Type w:prefix="nc" w:name="InternationalTelephoneNumberType"
    w:isRequested="true">
        <ElementInType w:prefix="nc" w:name="TelephoneCountryCodeID"
        w:isReference="false" xmlns="http://niem.gov/niem/wantlist/1"/>
    </w:Type>
    <w:Type w:prefix="scr" w:name="TelephoneNumberAugmentationType"
    w:isRequested="true">
        <ElementInType w:prefix="scr" w:name="TelephoneCategoryDescriptionText"
        w:isReference="false" xmlns="http://niem.gov/niem/wantlist/1"/>
    </w:Type>
    <w:Type w:prefix="niem-xsd" w:name="anyURI" w:isRequested="true"/>
    <w:Type w:prefix="nc" w:name="DateType" w:isRequested="true">
        <ElementInType w:prefix="nc" w:name="DateRepresentation"
        w:isReference="false" xmlns="http://niem.gov/niem/wantlist/1"/>
    </w:Type>
    <w:Type w:prefix="niem-xsd" w:name="dateTime" w:isRequested="true"/>
    <w:Type w:prefix="em" w:name="ResourceScheduleType"
    w:isRequested="true">
        <ElementInType w:prefix="em" w:name="ResourceEstimatedArrivalDate"
        w:isReference="false" xmlns="http://niem.gov/niem/wantlist/1"/>
    </w:Type>
    <w:Type w:prefix="nc" w:name="EntityType" w:isRequested="true">
        <ElementInType w:prefix="nc" w:name="EntityRepresentation"
        w:isReference="false" xmlns="http://niem.gov/niem/wantlist/1"/>
    </w:Type>
    <w:Type w:prefix="nc" w:name="PersonType" w:isRequested="true">
        <ElementInType w:prefix="nc" w:name="PersonName"
        w:isReference="false" xmlns="http://niem.gov/niem/wantlist/1"/>
        <ElementInType w:prefix="nc" w:name="PersonOtherIdentification"
        w:isReference="false" xmlns="http://niem.gov/niem/wantlist/1"/>
    </w:Type>
    <w:Type w:prefix="nc" w:name="PersonNameType" w:isRequested="true">
        <ElementInType w:prefix="nc" w:name="PersonFullName"
        w:isReference="false" xmlns="http://niem.gov/niem/wantlist/1"/>
        <ElementInType w:prefix="nc" w:name="PersonMiddleName"
        w:isReference="false" xmlns="http://niem.gov/niem/wantlist/1"/>
        <ElementInType w:prefix="nc" w:name="PersonNamePrefixText"
        w:isReference="false" xmlns="http://niem.gov/niem/wantlist/1"/>
        <ElementInType w:prefix="nc" w:name="PersonNameSuffixText"
        w:isReference="false" xmlns="http://niem.gov/niem/wantlist/1"/>
        <ElementInType w:prefix="nc" w:name="PersonGivenName"
        w:isReference="false" xmlns="http://niem.gov/niem/wantlist/1"/>
        <ElementInType w:prefix="nc" w:name="PersonSurName"
        w:isReference="false" xmlns="http://niem.gov/niem/wantlist/1"/>
    </w:Type>
    <w:Type w:prefix="nc" w:name="PersonNameTextType" w:isRequested="true"/>
    <w:Type w:prefix="nc" w:name="ProperNameTextType" w:isRequested="true"/>
    <w:Type w:prefix="nc" w:name="TwoDimensionalGeographicCoordinateType"
    w:isRequested="true">
        <ElementInType w:prefix="nc" w:name="GeographicCoordinateLatitude"
        w:isReference="false" xmlns="http://niem.gov/niem/wantlist/1"/>
        <ElementInType w:prefix="nc" w:name="GeographicCoordinateLongitude"
        w:isReference="false" xmlns="http://niem.gov/niem/wantlist/1"/>
    </w:Type>
    <w:Type w:prefix="nc" w:name="LatitudeCoordinateType"
    w:isRequested="true">
        <ElementInType w:prefix="nc" w:name="LatitudeSecondValue"
        w:isReference="false" xmlns="http://niem.gov/niem/wantlist/1"/>
        <ElementInType w:prefix="nc" w:name="LatitudeDegreeValue"
        w:isReference="false" xmlns="http://niem.gov/niem/wantlist/1"/>
        <ElementInType w:prefix="nc" w:name="LatitudeMinuteValue"
        w:isReference="false" xmlns="http://niem.gov/niem/wantlist/1"/>
    </w:Type>
    <w:Type w:prefix="nc" w:name="AngularSecondType" w:isRequested="true"/>
    <w:Type w:prefix="nc" w:name="LongitudeCoordinateType"
    w:isRequested="true">
        <ElementInType w:prefix="nc" w:name="LongitudeDegreeValue"
        w:isReference="false" xmlns="http://niem.gov/niem/wantlist/1"/>
        <ElementInType w:prefix="nc" w:name="LongitudeMinuteValue"
        w:isReference="false" xmlns="http://niem.gov/niem/wantlist/1"/>
        <ElementInType w:prefix="nc" w:name="LongitudeSecondValue"
        w:isReference="false" xmlns="http://niem.gov/niem/wantlist/1"/>
    </w:Type>
    <w:Type w:prefix="nc" w:name="LongitudeDegreeType"
    w:isRequested="true"/>
    <w:Type w:prefix="nc" w:name="AngularMinuteType" w:isRequested="true"/>
    <w:Type w:prefix="nc" w:name="MetadataType" w:isRequested="true"/>
    <w:Type w:prefix="em" w:name="ResourceKindType" w:isRequested="true">
        <ElementInType w:prefix="em" w:name="CategoryStructure"
        w:isReference="false" xmlns="http://niem.gov/niem/wantlist/1"/>
        <ElementInType w:prefix="em" w:name="CategoryInformation"
        w:isReference="false" xmlns="http://niem.gov/niem/wantlist/1"/>
    </w:Type>
    <w:Type w:prefix="em" w:name="ValueType" w:isRequested="true">
        <ElementInType w:prefix="em" w:name="ValueText"
        w:isReference="false" xmlns="http://niem.gov/niem/wantlist/1"/>
        <ElementInType w:prefix="em" w:name="ValueListURN"
        w:isReference="false" xmlns="http://niem.gov/niem/wantlist/1"/>
    </w:Type>
    <w:Type w:prefix="intel" w:name="SystemIdentifierType"
    w:isRequested="true">
        <ElementInType w:prefix="nc" w:name="IdentificationID"
        w:isReference="false" xmlns="http://niem.gov/niem/wantlist/1"/>
    </w:Type>
    <w:Type w:prefix="nc" w:name="UTMCoordinateType" w:isRequested="true">
        <ElementInType w:prefix="nc" w:name="UTMDatumID"
        w:isReference="false" xmlns="http://niem.gov/niem/wantlist/1"/>
    </w:Type>
    <w:Type w:prefix="nc" w:name="LatitudeDegreeType" w:isRequested="true"/>
    <w:Type w:prefix="nc" w:name="AddressType" w:isRequested="true">
        <ElementInType w:prefix="nc" w:name="AddressRepresentation"
        w:isReference="false" xmlns="http://niem.gov/niem/wantlist/1"/>
    </w:Type>
    <w:Type w:prefix="nc" w:name="StructuredAddressType"
    w:isRequested="true">
        <ElementInType w:prefix="nc" w:name="AddressDeliveryPoint"
        w:isReference="false" xmlns="http://niem.gov/niem/wantlist/1"/>
    </w:Type>
    <w:Type w:prefix="nc" w:name="StreetType" w:isRequested="true">
        <ElementInType w:prefix="nc" w:name="StreetName"
        w:isReference="false" xmlns="http://niem.gov/niem/wantlist/1"/>
    </w:Type>
    <w:Type w:prefix="nc" w:name="DocumentType" w:isRequested="true"/>
</w:WantList>
