<?xml version="1.0" encoding="US-ASCII"?>
<!DOCTYPE catalog PUBLIC "-//OASIS//DTD Entity Resolution XML Catalog V1.0//EN" "http://www.oasis-open.org/committees/entity/release/1.0/catalog.dtd">
<catalog prefer="public" xmlns="urn:oasis:names:tc:entity:xmlns:xml:catalog">
  <uri name="http://release.niem.gov/niem/adapters/edxl-cap/3.0/" uri="niem/adapters/edxl-cap/3.0/edxl-cap.xsd"/>
  <uri name="http://release.niem.gov/niem/adapters/edxl-de/3.0/" uri="niem/adapters/edxl-de/3.0/edxl-de.xsd"/>
  <uri name="http://release.niem.gov/niem/adapters/edxl-have/3.0/" uri="niem/adapters/edxl-have/3.0/edxl-have.xsd"/>
  <uri name="http://release.niem.gov/niem/adapters/geospatial/3.0/" uri="niem/adapters/geospatial/3.0/geospatial.xsd"/>
  <uri name="http://release.niem.gov/niem/appinfo/3.0/" uri="niem/appinfo/3.0/appinfo.xsd"/>
  <uri name="http://release.niem.gov/niem/codes/ansi_d20/3.0/" uri="niem/codes/ansi_d20/3.0/ansi_d20.xsd"/>
  <uri name="http://release.niem.gov/niem/codes/apco_event/3.0/" uri="niem/codes/apco_event/3.0/apco_event.xsd"/>
  <uri name="http://release.niem.gov/niem/codes/atf/3.0/" uri="niem/codes/atf/3.0/atf.xsd"/>
  <uri name="http://release.niem.gov/niem/codes/canada_post/3.0/" uri="niem/codes/canada_post/3.0/post-canada.xsd"/>
  <uri name="http://release.niem.gov/niem/codes/cbrncl/3.0/" uri="niem/codes/cbrncl/3.0/cbrncl.xsd"/>
  <uri name="http://release.niem.gov/niem/codes/census_commodity/3.0/" uri="niem/codes/census_commodity/3.0/census_commodity.xsd"/>
  <uri name="http://release.niem.gov/niem/codes/census_uscounty/3.0/" uri="niem/codes/census_uscounty/3.0/census_uscounty.xsd"/>
  <uri name="http://release.niem.gov/niem/codes/core_misc/3.0/" uri="niem/codes/core_misc/3.0/core_misc.xsd"/>
  <uri name="http://release.niem.gov/niem/codes/dea_ctlsub/3.0/" uri="niem/codes/dea_ctlsub/3.0/dea.xsd"/>
  <uri name="http://release.niem.gov/niem/codes/dod_jcs-pub2.0/3.0/" uri="niem/codes/dod_jcs-pub2.0/3.0/dod_jcs-pub2.0.xsd"/>
  <uri name="http://release.niem.gov/niem/codes/dol_soc/3.0/" uri="niem/codes/dol_soc/3.0/dol_soc.xsd"/>
  <uri name="http://release.niem.gov/niem/codes/dot_hazmat/3.0/" uri="niem/codes/dot_hazmat/3.0/dot_hazmat.xsd"/>
  <uri name="http://release.niem.gov/niem/codes/edxl_have/3.0/" uri="niem/codes/edxl_have/3.0/have-codes.xsd"/>
  <uri name="http://release.niem.gov/niem/codes/edxl_rm/3.0/" uri="niem/codes/edxl_rm/3.0/edxl_rm.xsd"/>
  <uri name="http://release.niem.gov/niem/codes/fbi_ncic/3.0/" uri="niem/codes/fbi_ncic/3.0/fbi_ncic.xsd"/>
  <uri name="http://release.niem.gov/niem/codes/fbi_ndex/3.0/" uri="niem/codes/fbi_ndex/3.0/fbi_ndex.xsd"/>
  <uri name="http://release.niem.gov/niem/codes/fbi_ucr/3.0/" uri="niem/codes/fbi_ucr/3.0/fbi_ucr.xsd"/>
  <uri name="http://release.niem.gov/niem/codes/fips_10-4/3.0/" uri="niem/codes/fips_10-4/3.0/fips_10-4.xsd"/>
  <uri name="http://release.niem.gov/niem/codes/fips_5-2/3.0/" uri="niem/codes/fips_5-2/3.0/fips_5-2.xsd"/>
  <uri name="http://release.niem.gov/niem/codes/fips_6-4/3.0/" uri="niem/codes/fips_6-4/3.0/fips_6-4.xsd"/>
  <uri name="http://release.niem.gov/niem/codes/hl7/3.0/" uri="niem/codes/hl7/3.0/hl7.xsd"/>
  <uri name="http://release.niem.gov/niem/codes/iso_3166-1/3.0/" uri="niem/codes/iso_3166-1/3.0/iso_3166-1.xsd"/>
  <uri name="http://release.niem.gov/niem/codes/iso_4217/3.0/" uri="niem/codes/iso_4217/3.0/iso_4217.xsd"/>
  <uri name="http://release.niem.gov/niem/codes/iso_639-3/3.0/" uri="niem/codes/iso_639-3/3.0/iso_639-3.xsd"/>
  <uri name="http://release.niem.gov/niem/codes/it_codes/3.0/" uri="niem/codes/it_codes/3.0/it_codes.xsd"/>
  <uri name="http://release.niem.gov/niem/codes/mmucc/3.0/" uri="niem/codes/mmucc/3.0/mmucc.xsd"/>
  <uri name="http://release.niem.gov/niem/codes/nga_datum/3.0/" uri="niem/codes/nga_datum/3.0/nga_datum.xsd"/>
  <uri name="http://release.niem.gov/niem/codes/nga_genc/3.0/" uri="niem/codes/nga_genc/3.0/nga_genc.xsd"/>
  <uri name="http://release.niem.gov/niem/codes/nlets/3.0/" uri="niem/codes/nlets/3.0/nlets.xsd"/>
  <uri name="http://release.niem.gov/niem/codes/occs_facility/3.0/" uri="niem/codes/occs_facility/3.0/occs_facility.xsd"/>
  <uri name="http://release.niem.gov/niem/codes/pmise_sar/3.0/" uri="niem/codes/pmise_sar/3.0/sar.xsd"/>
  <uri name="http://release.niem.gov/niem/codes/unece_rec20/3.0/" uri="niem/codes/unece_rec20/3.0/unece_rec20-misc.xsd"/>
  <uri name="http://release.niem.gov/niem/codes/usps_states/3.0/" uri="niem/codes/usps_states/3.0/usps_states.xsd"/>
  <uri name="http://release.niem.gov/niem/codes/xCard/3.0/" uri="niem/codes/xCard/3.0/xCard.xsd"/>
  <uri name="http://release.niem.gov/niem/conformanceTargets/3.0/" uri="niem/conformanceTargets/3.0/conformanceTargets.xsd"/>
  <uri name="http://release.niem.gov/niem/domains/biometrics/3.0/" uri="niem/domains/biometrics/3.0/biom.xsd"/>
  <uri name="http://release.niem.gov/niem/domains/cbrn/3.0/" uri="niem/domains/cbrn/3.0/cbrn.xsd"/>
  <uri name="http://release.niem.gov/niem/domains/cyfs/3.0/" uri="niem/domains/cyfs/3.0/cyfs.xsd"/>
  <uri name="http://release.niem.gov/niem/domains/emergencyManagement/3.0/" uri="niem/domains/emergencyManagement/3.0/emergencyManagement.xsd"/>
  <uri name="http://release.niem.gov/niem/domains/immigration/3.0/" uri="niem/domains/immigration/3.0/immigration.xsd"/>
  <uri name="http://release.niem.gov/niem/domains/infrastructureProtection/3.0/" uri="niem/domains/infrastructureProtection/3.0/infrastructureProtection.xsd"/>
  <uri name="http://release.niem.gov/niem/domains/intelligence/3.0/" uri="niem/domains/intelligence/3.0/intelligence.xsd"/>
  <uri name="http://release.niem.gov/niem/domains/internationalTrade/3.0/" uri="niem/domains/internationalTrade/3.0/internationalTrade.xsd"/>
  <uri name="http://release.niem.gov/niem/domains/jxdm/5.0/" uri="niem/domains/jxdm/5.0/jxdm.xsd"/>
  <uri name="http://release.niem.gov/niem/domains/maritime/3.0/" uri="niem/domains/maritime/3.0/maritime.xsd"/>
  <uri name="http://release.niem.gov/niem/domains/screening/3.0/" uri="niem/domains/screening/3.0/screening.xsd"/>
  <uri name="http://release.niem.gov/niem/localTerminology/3.0/" uri="niem/localTerminology/3.0/localTerminology.xsd"/>
  <uri name="http://release.niem.gov/niem/niem-core/3.0/" uri="niem/niem-core/3.0/niem-core.xsd"/>
  <uri name="http://release.niem.gov/niem/proxy/xsd/3.0/" uri="niem/proxy/xsd/3.0/xs.xsd"/>
  <uri name="http://release.niem.gov/niem/structures/3.0/" uri="niem/structures/3.0/structures.xsd"/>
  <uri name="http://www.w3.org/XML/1998/namespace" uri="niem/external/xml/1.0/xml.xsd"/>
  <uri name="urn:oasis:names:tc:emergency:EDXL:DE:1.0" uri="niem/external/de/1.0/de.xsd"/>
  <uri name="urn:oasis:names:tc:emergency:cap:1.1" uri="niem/external/cap/1.1/cap.xsd"/>
  <nextCatalog catalog="niem/external/ogc/xml-catalog.xml"/>
  <nextCatalog catalog="niem/external/have/1.0/xml-catalog.xml"/>
</catalog>