<?xml version="1.0" encoding="UTF-8"?>
<w:WantList w:release="2.0" w:product="NIEM"
  xmlns:s="http://niem.gov/niem/structures/2.0"
  xmlns:ansi-nist="http://niem.gov/niem/ansi-nist/2.0"
  xmlns:nc="http://niem.gov/niem/niem-core/2.0"
  xmlns:j="http://niem.gov/niem/domains/jxdm/4.0"
  xmlns:fbi="http://niem.gov/niem/fbi/2.0"
  xmlns:scr="http://niem.gov/niem/domains/screening/2.0"
  xmlns:ansi_d20="http://niem.gov/niem/ansi_d20/2.0" xmlns:w="http://niem.gov/niem/wantlist/2">
  <w:Attribute w:name="s:sequenceID"/>
  <w:Element w:name="ansi-nist:FingerPositionCode" w:isReference="false"/>
  <w:Element w:name="ansi-nist:FingerPositionIndicator" w:isReference="false"/>
  <w:Element w:name="j:ActivityCaseAssociation" w:isReference="false"/>
  <w:Element w:name="j:ActivityChargeAssociation" w:isReference="false"/>
  <w:Element w:name="j:ActivityOriginatingDocumentAssociation" w:isReference="false"/>
  <w:Element w:name="j:ArrestAgency" w:isReference="false"/>
  <w:Element w:name="j:Bond" w:isReference="false"/>
  <w:Element w:name="j:CaseAugmentation" w:isReference="false"/>
  <w:Element w:name="j:CourtOrderRequestEntity" w:isReference="false"/>
  <w:Element w:name="j:IncidentInformantAssociation" w:isReference="false"/>
  <w:Element w:name="j:OrganizationAugmentation" w:isReference="false"/>
  <w:Element w:name="j:PersonIDCategoryCode" w:isReference="false"/>
  <w:Element w:name="j:PersonNameAugmentation" w:isReference="false"/>
  <w:Element w:name="j:Subject" w:isReference="false"/>
  <w:Element w:name="j:Warrant" w:isReference="false"/>
  <w:Element w:name="j:WarrantExtraditionLimitationCode" w:isReference="false"/>
  <w:Element w:name="j:WarrantExtraditionLimitationText" w:isReference="false"/>
  <w:Element w:name="nc:AcquaintanceAssociation" w:isReference="false"/>
  <w:Element w:name="nc:ActivityDate" w:isReference="false"/>
  <w:Element w:name="nc:ActivityDateRange" w:isReference="false"/>
  <w:Element w:name="nc:AddressBuildingText" w:isReference="false"/>
  <w:Element w:name="nc:AddressDeliveryPoint" w:isReference="false"/>
  <w:Element w:name="nc:AddressSecondaryUnitText" w:isReference="false"/>
  <w:Element w:name="nc:BinaryBase64Object" w:isReference="false"/>
  <w:Element w:name="nc:BinaryHexObject" w:isReference="false"/>
  <w:Element w:name="nc:Case" w:isReference="false"/>
  <w:Element w:name="nc:CivilUnionAssociation" w:isReference="false"/>
  <w:Element w:name="nc:CohabitantAssociation" w:isReference="false"/>
  <w:Element w:name="nc:CommercialVehicle" w:isReference="false"/>
  <w:Element w:name="nc:ContactEmailID" w:isReference="false"/>
  <w:Element w:name="nc:ContactFaxNumber" w:isReference="false"/>
  <w:Element w:name="nc:ContactInformation" w:isReference="false"/>
  <w:Element w:name="nc:ContactMobileTelephoneNumber" w:isReference="false"/>
  <w:Element w:name="nc:ContactTelephoneNumber" w:isReference="false"/>
  <w:Element w:name="nc:ConveyanceRegistration" w:isReference="false"/>
  <w:Element w:name="nc:ConveyanceRegistrationAssociation" w:isReference="false"/>
  <w:Element w:name="nc:ConveyanceRegistrationPlateCategoryCode" w:isReference="false"/>
  <w:Element w:name="nc:ConveyanceRegistrationPlateCategoryText" w:isReference="false"/>
  <w:Element w:name="nc:CoworkerAssociation" w:isReference="false"/>
  <w:Element w:name="nc:Date" w:isReference="false"/>
  <w:Element w:name="nc:DateRange" w:isReference="false"/>
  <w:Element w:name="nc:DateTime" w:isReference="false"/>
  <w:Element w:name="nc:Document" w:isReference="false"/>
  <w:Element w:name="nc:DomesticPartnershipAssociation" w:isReference="false"/>
  <w:Element w:name="nc:DriverLicenseCommercialStatusCode" w:isReference="false"/>
  <w:Element w:name="nc:DriverLicenseCommercialStatusText" w:isReference="false"/>
  <w:Element w:name="nc:DriverLicenseNonCommercialStatusCode" w:isReference="false"/>
  <w:Element w:name="nc:DriverLicenseNonCommercialStatusText" w:isReference="false"/>
  <w:Element w:name="nc:Employer" w:isReference="false"/>
  <w:Element w:name="nc:EntityOrganization" w:isReference="true"/>
  <w:Element w:name="nc:EntityPerson" w:isReference="true"/>
  <w:Element w:name="nc:FamilyAssociation" w:isReference="false"/>
  <w:Element w:name="nc:FriendshipAssociation" w:isReference="false"/>
  <w:Element w:name="nc:FullTelephoneNumber" w:isReference="false"/>
  <w:Element w:name="nc:IdentificationCategoryText" w:isReference="false"/>
  <w:Element w:name="nc:IdentificationJurisdiction" w:isReference="false"/>
  <w:Element w:name="nc:IdentificationJurisdictionText" w:isReference="false"/>
  <w:Element w:name="nc:Incident" w:isReference="false"/>
  <w:Element w:name="nc:LanguageName" w:isReference="false"/>
  <w:Element w:name="nc:Location" w:isReference="false"/>
  <w:Element w:name="nc:LocationCountryName" w:isReference="false"/>
  <w:Element w:name="nc:LocationCountyName" w:isReference="false"/>
  <w:Element w:name="nc:LocationStateName" w:isReference="false"/>
  <w:Element w:name="nc:LocationStateUSPostalServiceCode" w:isReference="false"/>
  <w:Element w:name="nc:LocationStreet" w:isReference="false"/>
  <w:Element w:name="nc:MarriageAssociation" w:isReference="false"/>
  <w:Element w:name="nc:MeasureText" w:isReference="false"/>
  <w:Element w:name="nc:Metadata" w:isReference="false"/>
  <w:Element w:name="nc:NeighborAssociation" w:isReference="false"/>
  <w:Element w:name="nc:Organization" w:isReference="false"/>
  <w:Element w:name="nc:Passport" w:isReference="false"/>
  <w:Element w:name="nc:PersonAgeMeasure" w:isReference="false"/>
  <w:Element w:name="nc:PersonAssociation" w:isReference="false"/>
  <w:Element w:name="nc:PersonCitizenshipText" w:isReference="false"/>
  <w:Element w:name="nc:PersonContactInformationAssociation" w:isReference="false"/>
  <w:Element w:name="nc:PersonDNA" w:isReference="false"/>
  <w:Element w:name="nc:PersonEmploymentAssociation" w:isReference="false"/>
  <w:Element w:name="nc:PersonEthnicityCode" w:isReference="false"/>
  <w:Element w:name="nc:PersonEyeColorCode" w:isReference="false"/>
  <w:Element w:name="nc:PersonGangAssociation" w:isReference="false"/>
  <w:Element w:name="nc:PersonHairColorCode" w:isReference="false"/>
  <w:Element w:name="nc:PersonLastSeenLocationAssociation" w:isReference="false"/>
  <w:Element w:name="nc:PersonRaceCode" w:isReference="false"/>
  <w:Element w:name="nc:PersonRaceText" w:isReference="false"/>
  <w:Element w:name="nc:PersonSexCode" w:isReference="false"/>
  <w:Element w:name="nc:PersonSkinToneCode" w:isReference="false"/>
  <w:Element w:name="nc:PhysicalFeatureCategoryCode" w:isReference="false"/>
  <w:Element w:name="nc:RegistrationJurisdictionName" w:isReference="false"/>
  <w:Element w:name="nc:ResidenceAssociation" w:isReference="false"/>
  <w:Element w:name="nc:StrangerAssociation" w:isReference="false"/>
  <w:Element w:name="nc:StructuredAddress" w:isReference="false"/>
  <w:Element w:name="nc:Vehicle" w:isReference="false"/>
  <w:Element w:name="nc:VehicleColorPrimaryCode" w:isReference="false"/>
  <w:Element w:name="nc:VehicleColorSecondaryCode" w:isReference="false"/>
  <w:Element w:name="nc:VehicleStyleCode" w:isReference="false"/>
  <w:Element w:name="nc:VehicleUseCode" w:isReference="false"/>
  <w:Element w:name="scr:Visa" w:isReference="false"/>
  <w:Type w:name="ansi-nist:FPCCodeSimpleType" w:isRequested="true">
    <w:Facet w:facet="enumeration" w:value="0"/>
    <w:Facet w:facet="enumeration" w:value="1"/>
    <w:Facet w:facet="enumeration" w:value="10"/>
    <w:Facet w:facet="enumeration" w:value="11"/>
    <w:Facet w:facet="enumeration" w:value="12"/>
    <w:Facet w:facet="enumeration" w:value="13"/>
    <w:Facet w:facet="enumeration" w:value="14"/>
    <w:Facet w:facet="enumeration" w:value="15"/>
    <w:Facet w:facet="enumeration" w:value="19"/>
    <w:Facet w:facet="enumeration" w:value="2"/>
    <w:Facet w:facet="enumeration" w:value="255"/>
    <w:Facet w:facet="enumeration" w:value="3"/>
    <w:Facet w:facet="enumeration" w:value="4"/>
    <w:Facet w:facet="enumeration" w:value="5"/>
    <w:Facet w:facet="enumeration" w:value="6"/>
    <w:Facet w:facet="enumeration" w:value="7"/>
    <w:Facet w:facet="enumeration" w:value="8"/>
    <w:Facet w:facet="enumeration" w:value="9"/>
  </w:Type>
  <w:Type w:name="ansi_d20:DrivingStatusCodeSimpleType" w:isRequested="true">
    <w:Facet w:facet="enumeration" w:value="ELG"/>
    <w:Facet w:facet="enumeration" w:value="LIC"/>
    <w:Facet w:facet="enumeration" w:value="NEN"/>
    <w:Facet w:facet="enumeration" w:value="NOT"/>
    <w:Facet w:facet="enumeration" w:value="RPD"/>
  </w:Type>
  <w:Type w:name="fbi:EYECodeSimpleType" w:isRequested="true">
    <w:Facet w:facet="enumeration" w:value="BLK"/>
    <w:Facet w:facet="enumeration" w:value="BLU"/>
    <w:Facet w:facet="enumeration" w:value="BRO"/>
    <w:Facet w:facet="enumeration" w:value="GRN"/>
    <w:Facet w:facet="enumeration" w:value="GRY"/>
    <w:Facet w:facet="enumeration" w:value="HAZ"/>
    <w:Facet w:facet="enumeration" w:value="MAR"/>
    <w:Facet w:facet="enumeration" w:value="MUL"/>
    <w:Facet w:facet="enumeration" w:value="PNK"/>
    <w:Facet w:facet="enumeration" w:value="XXX"/>
  </w:Type>
  <w:Type w:name="fbi:EthnicityCodeSimpleType" w:isRequested="true">
    <w:Facet w:facet="enumeration" w:value="H"/>
    <w:Facet w:facet="enumeration" w:value="N"/>
    <w:Facet w:facet="enumeration" w:value="U"/>
  </w:Type>
  <w:Type w:name="fbi:HAICodeSimpleType" w:isRequested="true">
    <w:Facet w:facet="enumeration" w:value="BLK"/>
    <w:Facet w:facet="enumeration" w:value="BLN"/>
    <w:Facet w:facet="enumeration" w:value="BLU"/>
    <w:Facet w:facet="enumeration" w:value="BRO"/>
    <w:Facet w:facet="enumeration" w:value="GRN"/>
    <w:Facet w:facet="enumeration" w:value="GRY"/>
    <w:Facet w:facet="enumeration" w:value="ONG"/>
    <w:Facet w:facet="enumeration" w:value="PLE"/>
    <w:Facet w:facet="enumeration" w:value="PNK"/>
    <w:Facet w:facet="enumeration" w:value="RED"/>
    <w:Facet w:facet="enumeration" w:value="SDY"/>
    <w:Facet w:facet="enumeration" w:value="WHI"/>
    <w:Facet w:facet="enumeration" w:value="XXX"/>
  </w:Type>
  <w:Type w:name="fbi:LITCodeSimpleType" w:isRequested="true">
    <w:Facet w:facet="enumeration" w:value="AM"/>
    <w:Facet w:facet="enumeration" w:value="AP"/>
    <w:Facet w:facet="enumeration" w:value="AQ"/>
    <w:Facet w:facet="enumeration" w:value="AR"/>
    <w:Facet w:facet="enumeration" w:value="AT"/>
    <w:Facet w:facet="enumeration" w:value="BU"/>
    <w:Facet w:facet="enumeration" w:value="CC"/>
    <w:Facet w:facet="enumeration" w:value="CI"/>
    <w:Facet w:facet="enumeration" w:value="CL"/>
    <w:Facet w:facet="enumeration" w:value="CM"/>
    <w:Facet w:facet="enumeration" w:value="CN"/>
    <w:Facet w:facet="enumeration" w:value="CO"/>
    <w:Facet w:facet="enumeration" w:value="CU"/>
    <w:Facet w:facet="enumeration" w:value="DA"/>
    <w:Facet w:facet="enumeration" w:value="DB"/>
    <w:Facet w:facet="enumeration" w:value="DD"/>
    <w:Facet w:facet="enumeration" w:value="DL"/>
    <w:Facet w:facet="enumeration" w:value="DP"/>
    <w:Facet w:facet="enumeration" w:value="DU"/>
    <w:Facet w:facet="enumeration" w:value="DV"/>
    <w:Facet w:facet="enumeration" w:value="DX"/>
    <w:Facet w:facet="enumeration" w:value="EX"/>
    <w:Facet w:facet="enumeration" w:value="FD"/>
    <w:Facet w:facet="enumeration" w:value="FG"/>
    <w:Facet w:facet="enumeration" w:value="FM"/>
    <w:Facet w:facet="enumeration" w:value="HI"/>
    <w:Facet w:facet="enumeration" w:value="IP"/>
    <w:Facet w:facet="enumeration" w:value="IT"/>
    <w:Facet w:facet="enumeration" w:value="JJ"/>
    <w:Facet w:facet="enumeration" w:value="LE"/>
    <w:Facet w:facet="enumeration" w:value="LF"/>
    <w:Facet w:facet="enumeration" w:value="LS"/>
    <w:Facet w:facet="enumeration" w:value="MC"/>
    <w:Facet w:facet="enumeration" w:value="MD"/>
    <w:Facet w:facet="enumeration" w:value="MF"/>
    <w:Facet w:facet="enumeration" w:value="ML"/>
    <w:Facet w:facet="enumeration" w:value="MP"/>
    <w:Facet w:facet="enumeration" w:value="MR"/>
    <w:Facet w:facet="enumeration" w:value="MV"/>
    <w:Facet w:facet="enumeration" w:value="MY"/>
    <w:Facet w:facet="enumeration" w:value="NG"/>
    <w:Facet w:facet="enumeration" w:value="NP"/>
    <w:Facet w:facet="enumeration" w:value="OB"/>
    <w:Facet w:facet="enumeration" w:value="OR"/>
    <w:Facet w:facet="enumeration" w:value="PC"/>
    <w:Facet w:facet="enumeration" w:value="PE"/>
    <w:Facet w:facet="enumeration" w:value="PF"/>
    <w:Facet w:facet="enumeration" w:value="PH"/>
    <w:Facet w:facet="enumeration" w:value="PP"/>
    <w:Facet w:facet="enumeration" w:value="PR"/>
    <w:Facet w:facet="enumeration" w:value="PS"/>
    <w:Facet w:facet="enumeration" w:value="PX"/>
    <w:Facet w:facet="enumeration" w:value="RE"/>
    <w:Facet w:facet="enumeration" w:value="RV"/>
    <w:Facet w:facet="enumeration" w:value="SC"/>
    <w:Facet w:facet="enumeration" w:value="SN"/>
    <w:Facet w:facet="enumeration" w:value="ST"/>
    <w:Facet w:facet="enumeration" w:value="SV"/>
    <w:Facet w:facet="enumeration" w:value="TK"/>
    <w:Facet w:facet="enumeration" w:value="TL"/>
    <w:Facet w:facet="enumeration" w:value="TM"/>
    <w:Facet w:facet="enumeration" w:value="TP"/>
    <w:Facet w:facet="enumeration" w:value="TR"/>
    <w:Facet w:facet="enumeration" w:value="TX"/>
    <w:Facet w:facet="enumeration" w:value="US"/>
    <w:Facet w:facet="enumeration" w:value="VF"/>
    <w:Facet w:facet="enumeration" w:value="ZZ"/>
  </w:Type>
  <w:Type w:name="fbi:MNUCodeSimpleType" w:isRequested="true">
    <w:Facet w:facet="enumeration" w:value="AF"/>
    <w:Facet w:facet="enumeration" w:value="AN"/>
    <w:Facet w:facet="enumeration" w:value="AR"/>
    <w:Facet w:facet="enumeration" w:value="AS"/>
    <w:Facet w:facet="enumeration" w:value="CG"/>
    <w:Facet w:facet="enumeration" w:value="CI"/>
    <w:Facet w:facet="enumeration" w:value="MC"/>
    <w:Facet w:facet="enumeration" w:value="MD"/>
    <w:Facet w:facet="enumeration" w:value="MP"/>
    <w:Facet w:facet="enumeration" w:value="NA"/>
    <w:Facet w:facet="enumeration" w:value="NS"/>
    <w:Facet w:facet="enumeration" w:value="OA"/>
    <w:Facet w:facet="enumeration" w:value="PI"/>
    <w:Facet w:facet="enumeration" w:value="PP"/>
    <w:Facet w:facet="enumeration" w:value="PS"/>
    <w:Facet w:facet="enumeration" w:value="SS"/>
    <w:Facet w:facet="enumeration" w:value="VA"/>
  </w:Type>
  <w:Type w:name="fbi:SMTCodeSimpleType" w:isRequested="true">
    <w:Facet w:facet="enumeration" w:value="ART ARM"/>
    <w:Facet w:facet="enumeration" w:value="ART BRST"/>
    <w:Facet w:facet="enumeration" w:value="ART BRSTS"/>
    <w:Facet w:facet="enumeration" w:value="ART EAR"/>
    <w:Facet w:facet="enumeration" w:value="ART ELBOW"/>
    <w:Facet w:facet="enumeration" w:value="ART EYE"/>
    <w:Facet w:facet="enumeration" w:value="ART FOOT"/>
    <w:Facet w:facet="enumeration" w:value="ART HAND"/>
    <w:Facet w:facet="enumeration" w:value="ART HIP"/>
    <w:Facet w:facet="enumeration" w:value="ART KNEE"/>
    <w:Facet w:facet="enumeration" w:value="ART L ARM"/>
    <w:Facet w:facet="enumeration" w:value="ART L BRST"/>
    <w:Facet w:facet="enumeration" w:value="ART L EAR"/>
    <w:Facet w:facet="enumeration" w:value="ART L ELB"/>
    <w:Facet w:facet="enumeration" w:value="ART L EYE"/>
    <w:Facet w:facet="enumeration" w:value="ART L FT"/>
    <w:Facet w:facet="enumeration" w:value="ART L HIP"/>
    <w:Facet w:facet="enumeration" w:value="ART L HND"/>
    <w:Facet w:facet="enumeration" w:value="ART L KNE"/>
    <w:Facet w:facet="enumeration" w:value="ART L LEG"/>
    <w:Facet w:facet="enumeration" w:value="ART L SHLD"/>
    <w:Facet w:facet="enumeration" w:value="ART LARYNX"/>
    <w:Facet w:facet="enumeration" w:value="ART LEG"/>
    <w:Facet w:facet="enumeration" w:value="ART R ARM"/>
    <w:Facet w:facet="enumeration" w:value="ART R BRST"/>
    <w:Facet w:facet="enumeration" w:value="ART R EAR"/>
    <w:Facet w:facet="enumeration" w:value="ART R ELB"/>
    <w:Facet w:facet="enumeration" w:value="ART R EYE"/>
    <w:Facet w:facet="enumeration" w:value="ART R FT"/>
    <w:Facet w:facet="enumeration" w:value="ART R HIP"/>
    <w:Facet w:facet="enumeration" w:value="ART R HND"/>
    <w:Facet w:facet="enumeration" w:value="ART R KNE"/>
    <w:Facet w:facet="enumeration" w:value="ART R LEG"/>
    <w:Facet w:facet="enumeration" w:value="ART R SHLD"/>
    <w:Facet w:facet="enumeration" w:value="ART SHLD"/>
    <w:Facet w:facet="enumeration" w:value="BALD"/>
    <w:Facet w:facet="enumeration" w:value="BLIND"/>
    <w:Facet w:facet="enumeration" w:value="BLND EYE"/>
    <w:Facet w:facet="enumeration" w:value="BLND L EYE"/>
    <w:Facet w:facet="enumeration" w:value="BLND R EYE"/>
    <w:Facet w:facet="enumeration" w:value="BRA LR ARM"/>
    <w:Facet w:facet="enumeration" w:value="BRA LR LEG"/>
    <w:Facet w:facet="enumeration" w:value="BRAC ARM"/>
    <w:Facet w:facet="enumeration" w:value="BRAC L ARM"/>
    <w:Facet w:facet="enumeration" w:value="BRAC L LEG"/>
    <w:Facet w:facet="enumeration" w:value="BRAC LEG"/>
    <w:Facet w:facet="enumeration" w:value="BRAC R ARM"/>
    <w:Facet w:facet="enumeration" w:value="BRAC R LEG"/>
    <w:Facet w:facet="enumeration" w:value="BRAC TEETH"/>
    <w:Facet w:facet="enumeration" w:value="BRACE BACK"/>
    <w:Facet w:facet="enumeration" w:value="BRACE NECK"/>
    <w:Facet w:facet="enumeration" w:value="CANE"/>
    <w:Facet w:facet="enumeration" w:value="CARD PACEM"/>
    <w:Facet w:facet="enumeration" w:value="CATA L EYE"/>
    <w:Facet w:facet="enumeration" w:value="CATA R EYE"/>
    <w:Facet w:facet="enumeration" w:value="CATARACT"/>
    <w:Facet w:facet="enumeration" w:value="CAUL EAR"/>
    <w:Facet w:facet="enumeration" w:value="CAUL L EAR"/>
    <w:Facet w:facet="enumeration" w:value="CAUL R EAR"/>
    <w:Facet w:facet="enumeration" w:value="CL LIP"/>
    <w:Facet w:facet="enumeration" w:value="CLEFT CHIN"/>
    <w:Facet w:facet="enumeration" w:value="CLEFT PAL"/>
    <w:Facet w:facet="enumeration" w:value="COLOST APP"/>
    <w:Facet w:facet="enumeration" w:value="CON LENSES"/>
    <w:Facet w:facet="enumeration" w:value="CRIP ARM"/>
    <w:Facet w:facet="enumeration" w:value="CRIP FGR"/>
    <w:Facet w:facet="enumeration" w:value="CRIP FOOT"/>
    <w:Facet w:facet="enumeration" w:value="CRIP HAND"/>
    <w:Facet w:facet="enumeration" w:value="CRIP L ARM"/>
    <w:Facet w:facet="enumeration" w:value="CRIP L FGR"/>
    <w:Facet w:facet="enumeration" w:value="CRIP L FT"/>
    <w:Facet w:facet="enumeration" w:value="CRIP L HND"/>
    <w:Facet w:facet="enumeration" w:value="CRIP L LEG"/>
    <w:Facet w:facet="enumeration" w:value="CRIP L TOE"/>
    <w:Facet w:facet="enumeration" w:value="CRIP LEG"/>
    <w:Facet w:facet="enumeration" w:value="CRIP R ARM"/>
    <w:Facet w:facet="enumeration" w:value="CRIP R FGR"/>
    <w:Facet w:facet="enumeration" w:value="CRIP R FT"/>
    <w:Facet w:facet="enumeration" w:value="CRIP R HND"/>
    <w:Facet w:facet="enumeration" w:value="CRIP R LEG"/>
    <w:Facet w:facet="enumeration" w:value="CRIP R TOE"/>
    <w:Facet w:facet="enumeration" w:value="CRIP TOE"/>
    <w:Facet w:facet="enumeration" w:value="CROSSEYED"/>
    <w:Facet w:facet="enumeration" w:value="CRUTCHES"/>
    <w:Facet w:facet="enumeration" w:value="DA ALCOHOL"/>
    <w:Facet w:facet="enumeration" w:value="DA AMPHETA"/>
    <w:Facet w:facet="enumeration" w:value="DA BARBITU"/>
    <w:Facet w:facet="enumeration" w:value="DA COCAINE"/>
    <w:Facet w:facet="enumeration" w:value="DA GLUE"/>
    <w:Facet w:facet="enumeration" w:value="DA HALLUCI"/>
    <w:Facet w:facet="enumeration" w:value="DA MARIJUA"/>
    <w:Facet w:facet="enumeration" w:value="DA NARCOTI"/>
    <w:Facet w:facet="enumeration" w:value="DA OTHER"/>
    <w:Facet w:facet="enumeration" w:value="DA PAINT"/>
    <w:Facet w:facet="enumeration" w:value="DA RITALIN"/>
    <w:Facet w:facet="enumeration" w:value="DA ROHYPNL"/>
    <w:Facet w:facet="enumeration" w:value="DEAF"/>
    <w:Facet w:facet="enumeration" w:value="DEAF EAR"/>
    <w:Facet w:facet="enumeration" w:value="DEAF L EAR"/>
    <w:Facet w:facet="enumeration" w:value="DEAF MUTE"/>
    <w:Facet w:facet="enumeration" w:value="DEAF R EAR"/>
    <w:Facet w:facet="enumeration" w:value="DENT LOW"/>
    <w:Facet w:facet="enumeration" w:value="DENT UP"/>
    <w:Facet w:facet="enumeration" w:value="DENT UP LO"/>
    <w:Facet w:facet="enumeration" w:value="DEV SEPTUM"/>
    <w:Facet w:facet="enumeration" w:value="DIMP CHEEK"/>
    <w:Facet w:facet="enumeration" w:value="DIMP CHIN"/>
    <w:Facet w:facet="enumeration" w:value="DIMP FACE"/>
    <w:Facet w:facet="enumeration" w:value="DIMP L CHK"/>
    <w:Facet w:facet="enumeration" w:value="DIMP R CHK"/>
    <w:Facet w:facet="enumeration" w:value="DISC ABDOM"/>
    <w:Facet w:facet="enumeration" w:value="DISC ANKL"/>
    <w:Facet w:facet="enumeration" w:value="DISC ARM"/>
    <w:Facet w:facet="enumeration" w:value="DISC BACK"/>
    <w:Facet w:facet="enumeration" w:value="DISC BRST"/>
    <w:Facet w:facet="enumeration" w:value="DISC BUTTK"/>
    <w:Facet w:facet="enumeration" w:value="DISC CALF"/>
    <w:Facet w:facet="enumeration" w:value="DISC CHEEK"/>
    <w:Facet w:facet="enumeration" w:value="DISC CHEST"/>
    <w:Facet w:facet="enumeration" w:value="DISC CHIN"/>
    <w:Facet w:facet="enumeration" w:value="DISC EAR"/>
    <w:Facet w:facet="enumeration" w:value="DISC ELBOW"/>
    <w:Facet w:facet="enumeration" w:value="DISC EYE"/>
    <w:Facet w:facet="enumeration" w:value="DISC F ARM"/>
    <w:Facet w:facet="enumeration" w:value="DISC FACE"/>
    <w:Facet w:facet="enumeration" w:value="DISC FGR"/>
    <w:Facet w:facet="enumeration" w:value="DISC FHD"/>
    <w:Facet w:facet="enumeration" w:value="DISC FOOT"/>
    <w:Facet w:facet="enumeration" w:value="DISC GROIN"/>
    <w:Facet w:facet="enumeration" w:value="DISC HAND"/>
    <w:Facet w:facet="enumeration" w:value="DISC HEAD"/>
    <w:Facet w:facet="enumeration" w:value="DISC HIP"/>
    <w:Facet w:facet="enumeration" w:value="DISC KNEE"/>
    <w:Facet w:facet="enumeration" w:value="DISC L ANK"/>
    <w:Facet w:facet="enumeration" w:value="DISC L ARM"/>
    <w:Facet w:facet="enumeration" w:value="DISC L BRS"/>
    <w:Facet w:facet="enumeration" w:value="DISC L BUT"/>
    <w:Facet w:facet="enumeration" w:value="DISC L CALF"/>
    <w:Facet w:facet="enumeration" w:value="DISC L CHK"/>
    <w:Facet w:facet="enumeration" w:value="DISC L EAR"/>
    <w:Facet w:facet="enumeration" w:value="DISC L ELB"/>
    <w:Facet w:facet="enumeration" w:value="DISC L EYE"/>
    <w:Facet w:facet="enumeration" w:value="DISC L FGR"/>
    <w:Facet w:facet="enumeration" w:value="DISC L FT"/>
    <w:Facet w:facet="enumeration" w:value="DISC L HIP"/>
    <w:Facet w:facet="enumeration" w:value="DISC L HND"/>
    <w:Facet w:facet="enumeration" w:value="DISC L LEG"/>
    <w:Facet w:facet="enumeration" w:value="DISC L LIP"/>
    <w:Facet w:facet="enumeration" w:value="DISC L TOE"/>
    <w:Facet w:facet="enumeration" w:value="DISC L WRS"/>
    <w:Facet w:facet="enumeration" w:value="DISC LEG"/>
    <w:Facet w:facet="enumeration" w:value="DISC LF ARM"/>
    <w:Facet w:facet="enumeration" w:value="DISC LIP"/>
    <w:Facet w:facet="enumeration" w:value="DISC LKNEE"/>
    <w:Facet w:facet="enumeration" w:value="DISC LSHLD"/>
    <w:Facet w:facet="enumeration" w:value="DISC LTHGH"/>
    <w:Facet w:facet="enumeration" w:value="DISC NECK"/>
    <w:Facet w:facet="enumeration" w:value="DISC NOSE"/>
    <w:Facet w:facet="enumeration" w:value="DISC PENIS"/>
    <w:Facet w:facet="enumeration" w:value="DISC R ANK"/>
    <w:Facet w:facet="enumeration" w:value="DISC R ARM"/>
    <w:Facet w:facet="enumeration" w:value="DISC R BRS"/>
    <w:Facet w:facet="enumeration" w:value="DISC R BUT"/>
    <w:Facet w:facet="enumeration" w:value="DISC R CALF"/>
    <w:Facet w:facet="enumeration" w:value="DISC R CHK"/>
    <w:Facet w:facet="enumeration" w:value="DISC R EAR"/>
    <w:Facet w:facet="enumeration" w:value="DISC R ELB"/>
    <w:Facet w:facet="enumeration" w:value="DISC R EYE"/>
    <w:Facet w:facet="enumeration" w:value="DISC R FGR"/>
    <w:Facet w:facet="enumeration" w:value="DISC R FT"/>
    <w:Facet w:facet="enumeration" w:value="DISC R HIP"/>
    <w:Facet w:facet="enumeration" w:value="DISC R HND"/>
    <w:Facet w:facet="enumeration" w:value="DISC R LEG"/>
    <w:Facet w:facet="enumeration" w:value="DISC R TOE"/>
    <w:Facet w:facet="enumeration" w:value="DISC R WRS"/>
    <w:Facet w:facet="enumeration" w:value="DISC RF ARM"/>
    <w:Facet w:facet="enumeration" w:value="DISC RKNEE"/>
    <w:Facet w:facet="enumeration" w:value="DISC RSHLD"/>
    <w:Facet w:facet="enumeration" w:value="DISC RTHGH"/>
    <w:Facet w:facet="enumeration" w:value="DISC SHLD"/>
    <w:Facet w:facet="enumeration" w:value="DISC THGH"/>
    <w:Facet w:facet="enumeration" w:value="DISC TOE"/>
    <w:Facet w:facet="enumeration" w:value="DISC U LIP"/>
    <w:Facet w:facet="enumeration" w:value="DISC UL ARM"/>
    <w:Facet w:facet="enumeration" w:value="DISC UR ARM"/>
    <w:Facet w:facet="enumeration" w:value="DISC WRIST"/>
    <w:Facet w:facet="enumeration" w:value="EAR TUBES"/>
    <w:Facet w:facet="enumeration" w:value="EXTR BRST"/>
    <w:Facet w:facet="enumeration" w:value="EXTR C NIP"/>
    <w:Facet w:facet="enumeration" w:value="EXTR C VRT"/>
    <w:Facet w:facet="enumeration" w:value="EXTR CBRST"/>
    <w:Facet w:facet="enumeration" w:value="EXTR FGR"/>
    <w:Facet w:facet="enumeration" w:value="EXTR L FGR"/>
    <w:Facet w:facet="enumeration" w:value="EXTR L NIP"/>
    <w:Facet w:facet="enumeration" w:value="EXTR L TOE"/>
    <w:Facet w:facet="enumeration" w:value="EXTR L TTH"/>
    <w:Facet w:facet="enumeration" w:value="EXTR L VRT"/>
    <w:Facet w:facet="enumeration" w:value="EXTR LBRST"/>
    <w:Facet w:facet="enumeration" w:value="EXTR NIP"/>
    <w:Facet w:facet="enumeration" w:value="EXTR R FGR"/>
    <w:Facet w:facet="enumeration" w:value="EXTR R NIP"/>
    <w:Facet w:facet="enumeration" w:value="EXTR R TOE"/>
    <w:Facet w:facet="enumeration" w:value="EXTR RBRST"/>
    <w:Facet w:facet="enumeration" w:value="EXTR TOE"/>
    <w:Facet w:facet="enumeration" w:value="EXTR TTH"/>
    <w:Facet w:facet="enumeration" w:value="EXTR U TTH"/>
    <w:Facet w:facet="enumeration" w:value="EXTR VRT"/>
    <w:Facet w:facet="enumeration" w:value="FRC ANKL"/>
    <w:Facet w:facet="enumeration" w:value="FRC ARM"/>
    <w:Facet w:facet="enumeration" w:value="FRC BACK"/>
    <w:Facet w:facet="enumeration" w:value="FRC CLAVIC"/>
    <w:Facet w:facet="enumeration" w:value="FRC ELBOW"/>
    <w:Facet w:facet="enumeration" w:value="FRC FGR"/>
    <w:Facet w:facet="enumeration" w:value="FRC FOOT"/>
    <w:Facet w:facet="enumeration" w:value="FRC HAND"/>
    <w:Facet w:facet="enumeration" w:value="FRC HIP"/>
    <w:Facet w:facet="enumeration" w:value="FRC JAW"/>
    <w:Facet w:facet="enumeration" w:value="FRC KNEE"/>
    <w:Facet w:facet="enumeration" w:value="FRC L ANKL"/>
    <w:Facet w:facet="enumeration" w:value="FRC L ARM"/>
    <w:Facet w:facet="enumeration" w:value="FRC L ELB"/>
    <w:Facet w:facet="enumeration" w:value="FRC L FGR"/>
    <w:Facet w:facet="enumeration" w:value="FRC L FOOT"/>
    <w:Facet w:facet="enumeration" w:value="FRC L HAND"/>
    <w:Facet w:facet="enumeration" w:value="FRC L HIP"/>
    <w:Facet w:facet="enumeration" w:value="FRC L KNEE"/>
    <w:Facet w:facet="enumeration" w:value="FRC L LEG"/>
    <w:Facet w:facet="enumeration" w:value="FRC L RIB"/>
    <w:Facet w:facet="enumeration" w:value="FRC L SHLD"/>
    <w:Facet w:facet="enumeration" w:value="FRC L TOE"/>
    <w:Facet w:facet="enumeration" w:value="FRC L WRST"/>
    <w:Facet w:facet="enumeration" w:value="FRC LCLAVI"/>
    <w:Facet w:facet="enumeration" w:value="FRC LEG"/>
    <w:Facet w:facet="enumeration" w:value="FRC LL ARM"/>
    <w:Facet w:facet="enumeration" w:value="FRC LL JAW"/>
    <w:Facet w:facet="enumeration" w:value="FRC LL LEG"/>
    <w:Facet w:facet="enumeration" w:value="FRC LPELVI"/>
    <w:Facet w:facet="enumeration" w:value="FRC LR ARM"/>
    <w:Facet w:facet="enumeration" w:value="FRC LR JAW"/>
    <w:Facet w:facet="enumeration" w:value="FRC LR LEG"/>
    <w:Facet w:facet="enumeration" w:value="FRC NECK"/>
    <w:Facet w:facet="enumeration" w:value="FRC NOSE"/>
    <w:Facet w:facet="enumeration" w:value="FRC PELVIS"/>
    <w:Facet w:facet="enumeration" w:value="FRC R ANKL"/>
    <w:Facet w:facet="enumeration" w:value="FRC R ARM"/>
    <w:Facet w:facet="enumeration" w:value="FRC R ELB"/>
    <w:Facet w:facet="enumeration" w:value="FRC R FGR"/>
    <w:Facet w:facet="enumeration" w:value="FRC R FOOT"/>
    <w:Facet w:facet="enumeration" w:value="FRC R HAND"/>
    <w:Facet w:facet="enumeration" w:value="FRC R HIP"/>
    <w:Facet w:facet="enumeration" w:value="FRC R KNEE"/>
    <w:Facet w:facet="enumeration" w:value="FRC R LEG"/>
    <w:Facet w:facet="enumeration" w:value="FRC R RIB"/>
    <w:Facet w:facet="enumeration" w:value="FRC R SHLD"/>
    <w:Facet w:facet="enumeration" w:value="FRC R TOE"/>
    <w:Facet w:facet="enumeration" w:value="FRC R WRST"/>
    <w:Facet w:facet="enumeration" w:value="FRC RCLAVI"/>
    <w:Facet w:facet="enumeration" w:value="FRC RIBS"/>
    <w:Facet w:facet="enumeration" w:value="FRC RPELVI"/>
    <w:Facet w:facet="enumeration" w:value="FRC SHLD"/>
    <w:Facet w:facet="enumeration" w:value="FRC SKULL"/>
    <w:Facet w:facet="enumeration" w:value="FRC SPINE"/>
    <w:Facet w:facet="enumeration" w:value="FRC STERN"/>
    <w:Facet w:facet="enumeration" w:value="FRC TOE"/>
    <w:Facet w:facet="enumeration" w:value="FRC UL ARM"/>
    <w:Facet w:facet="enumeration" w:value="FRC UL JAW"/>
    <w:Facet w:facet="enumeration" w:value="FRC UL LEG"/>
    <w:Facet w:facet="enumeration" w:value="FRC UR ARM"/>
    <w:Facet w:facet="enumeration" w:value="FRC UR JAW"/>
    <w:Facet w:facet="enumeration" w:value="FRC UR LEG"/>
    <w:Facet w:facet="enumeration" w:value="FRC WRIST"/>
    <w:Facet w:facet="enumeration" w:value="FRECKLES"/>
    <w:Facet w:facet="enumeration" w:value="GLASSES"/>
    <w:Facet w:facet="enumeration" w:value="GLAUCOMA"/>
    <w:Facet w:facet="enumeration" w:value="GOLD TOOTH"/>
    <w:Facet w:facet="enumeration" w:value="HAIR IMPL"/>
    <w:Facet w:facet="enumeration" w:value="HEAR AID"/>
    <w:Facet w:facet="enumeration" w:value="HFR ANKL"/>
    <w:Facet w:facet="enumeration" w:value="HFR ARM"/>
    <w:Facet w:facet="enumeration" w:value="HFR BACK"/>
    <w:Facet w:facet="enumeration" w:value="HFR CLAVIC"/>
    <w:Facet w:facet="enumeration" w:value="HFR ELBOW"/>
    <w:Facet w:facet="enumeration" w:value="HFR FGR"/>
    <w:Facet w:facet="enumeration" w:value="HFR FOOT"/>
    <w:Facet w:facet="enumeration" w:value="HFR HAND"/>
    <w:Facet w:facet="enumeration" w:value="HFR HIP"/>
    <w:Facet w:facet="enumeration" w:value="HFR JAW"/>
    <w:Facet w:facet="enumeration" w:value="HFR KNEE"/>
    <w:Facet w:facet="enumeration" w:value="HFR L ANKL"/>
    <w:Facet w:facet="enumeration" w:value="HFR L ARM"/>
    <w:Facet w:facet="enumeration" w:value="HFR L ELB"/>
    <w:Facet w:facet="enumeration" w:value="HFR L FGR"/>
    <w:Facet w:facet="enumeration" w:value="HFR L FOOT"/>
    <w:Facet w:facet="enumeration" w:value="HFR L HAND"/>
    <w:Facet w:facet="enumeration" w:value="HFR L HIP"/>
    <w:Facet w:facet="enumeration" w:value="HFR L KNEE"/>
    <w:Facet w:facet="enumeration" w:value="HFR L LEG"/>
    <w:Facet w:facet="enumeration" w:value="HFR L RIB"/>
    <w:Facet w:facet="enumeration" w:value="HFR L SHLD"/>
    <w:Facet w:facet="enumeration" w:value="HFR L TOE"/>
    <w:Facet w:facet="enumeration" w:value="HFR L WRST"/>
    <w:Facet w:facet="enumeration" w:value="HFR LCLAVI"/>
    <w:Facet w:facet="enumeration" w:value="HFR LEG"/>
    <w:Facet w:facet="enumeration" w:value="HFR LL ARM"/>
    <w:Facet w:facet="enumeration" w:value="HFR LL JAW"/>
    <w:Facet w:facet="enumeration" w:value="HFR LL LEG"/>
    <w:Facet w:facet="enumeration" w:value="HFR LPELVI"/>
    <w:Facet w:facet="enumeration" w:value="HFR LR ARM"/>
    <w:Facet w:facet="enumeration" w:value="HFR LR JAW"/>
    <w:Facet w:facet="enumeration" w:value="HFR LR LEG"/>
    <w:Facet w:facet="enumeration" w:value="HFR NECK"/>
    <w:Facet w:facet="enumeration" w:value="HFR NOSE"/>
    <w:Facet w:facet="enumeration" w:value="HFR PELVIS"/>
    <w:Facet w:facet="enumeration" w:value="HFR R ANKL"/>
    <w:Facet w:facet="enumeration" w:value="HFR R ARM"/>
    <w:Facet w:facet="enumeration" w:value="HFR R ELB"/>
    <w:Facet w:facet="enumeration" w:value="HFR R FGR"/>
    <w:Facet w:facet="enumeration" w:value="HFR R FOOT"/>
    <w:Facet w:facet="enumeration" w:value="HFR R HAND"/>
    <w:Facet w:facet="enumeration" w:value="HFR R HIP"/>
    <w:Facet w:facet="enumeration" w:value="HFR R KNEE"/>
    <w:Facet w:facet="enumeration" w:value="HFR R LEG"/>
    <w:Facet w:facet="enumeration" w:value="HFR R RIB"/>
    <w:Facet w:facet="enumeration" w:value="HFR R SHLD"/>
    <w:Facet w:facet="enumeration" w:value="HFR R TOE"/>
    <w:Facet w:facet="enumeration" w:value="HFR R WRST"/>
    <w:Facet w:facet="enumeration" w:value="HFR RCLAVI"/>
    <w:Facet w:facet="enumeration" w:value="HFR RIBS"/>
    <w:Facet w:facet="enumeration" w:value="HFR RPELVI"/>
    <w:Facet w:facet="enumeration" w:value="HFR SHLD"/>
    <w:Facet w:facet="enumeration" w:value="HFR SKULL"/>
    <w:Facet w:facet="enumeration" w:value="HFR SPINE"/>
    <w:Facet w:facet="enumeration" w:value="HFR STERN"/>
    <w:Facet w:facet="enumeration" w:value="HFR TOE"/>
    <w:Facet w:facet="enumeration" w:value="HFR UL ARM"/>
    <w:Facet w:facet="enumeration" w:value="HFR UL JAW"/>
    <w:Facet w:facet="enumeration" w:value="HFR UL LEG"/>
    <w:Facet w:facet="enumeration" w:value="HFR UR ARM"/>
    <w:Facet w:facet="enumeration" w:value="HFR UR JAW"/>
    <w:Facet w:facet="enumeration" w:value="HFR UR LEG"/>
    <w:Facet w:facet="enumeration" w:value="HFR WRIST"/>
    <w:Facet w:facet="enumeration" w:value="HUMPBACKED"/>
    <w:Facet w:facet="enumeration" w:value="IMPL PENIS"/>
    <w:Facet w:facet="enumeration" w:value="INTRA ROD"/>
    <w:Facet w:facet="enumeration" w:value="IUD"/>
    <w:Facet w:facet="enumeration" w:value="MC ACNE"/>
    <w:Facet w:facet="enumeration" w:value="MC ADD"/>
    <w:Facet w:facet="enumeration" w:value="MC ALCOHOL"/>
    <w:Facet w:facet="enumeration" w:value="MC ALLERGY"/>
    <w:Facet w:facet="enumeration" w:value="MC ALZHMRS"/>
    <w:Facet w:facet="enumeration" w:value="MC ARTHRTS"/>
    <w:Facet w:facet="enumeration" w:value="MC BEHAVIO"/>
    <w:Facet w:facet="enumeration" w:value="MC BLOOD"/>
    <w:Facet w:facet="enumeration" w:value="MC CANCER"/>
    <w:Facet w:facet="enumeration" w:value="MC DIABTIC"/>
    <w:Facet w:facet="enumeration" w:value="MC DOWNSYN"/>
    <w:Facet w:facet="enumeration" w:value="MC DRUGAB"/>
    <w:Facet w:facet="enumeration" w:value="MC EATDIS"/>
    <w:Facet w:facet="enumeration" w:value="MC HEART"/>
    <w:Facet w:facet="enumeration" w:value="MC KIDNEY"/>
    <w:Facet w:facet="enumeration" w:value="MC LIVER"/>
    <w:Facet w:facet="enumeration" w:value="MC NERVOUS"/>
    <w:Facet w:facet="enumeration" w:value="MC NRLGCAL"/>
    <w:Facet w:facet="enumeration" w:value="MC OTHER"/>
    <w:Facet w:facet="enumeration" w:value="MC PARPLGC"/>
    <w:Facet w:facet="enumeration" w:value="MC PASTPRE"/>
    <w:Facet w:facet="enumeration" w:value="MC PLMNARY"/>
    <w:Facet w:facet="enumeration" w:value="MC PREGNAN"/>
    <w:Facet w:facet="enumeration" w:value="MC QUADPLG"/>
    <w:Facet w:facet="enumeration" w:value="MC SKIN"/>
    <w:Facet w:facet="enumeration" w:value="MC TB"/>
    <w:Facet w:facet="enumeration" w:value="MC THYROID"/>
    <w:Facet w:facet="enumeration" w:value="MC TOURETE"/>
    <w:Facet w:facet="enumeration" w:value="MISS ADND"/>
    <w:Facet w:facet="enumeration" w:value="MISS APPNX"/>
    <w:Facet w:facet="enumeration" w:value="MISS ARM"/>
    <w:Facet w:facet="enumeration" w:value="MISS BRST"/>
    <w:Facet w:facet="enumeration" w:value="MISS BRSTS"/>
    <w:Facet w:facet="enumeration" w:value="MISS C VRT"/>
    <w:Facet w:facet="enumeration" w:value="MISS EAR"/>
    <w:Facet w:facet="enumeration" w:value="MISS EYE"/>
    <w:Facet w:facet="enumeration" w:value="MISS FGR"/>
    <w:Facet w:facet="enumeration" w:value="MISS FJT"/>
    <w:Facet w:facet="enumeration" w:value="MISS FOOT"/>
    <w:Facet w:facet="enumeration" w:value="MISS GALL"/>
    <w:Facet w:facet="enumeration" w:value="MISS HAND"/>
    <w:Facet w:facet="enumeration" w:value="MISS INTES"/>
    <w:Facet w:facet="enumeration" w:value="MISS KID"/>
    <w:Facet w:facet="enumeration" w:value="MISS L ARM"/>
    <w:Facet w:facet="enumeration" w:value="MISS L EAR"/>
    <w:Facet w:facet="enumeration" w:value="MISS L EYE"/>
    <w:Facet w:facet="enumeration" w:value="MISS L FGR"/>
    <w:Facet w:facet="enumeration" w:value="MISS L FJT"/>
    <w:Facet w:facet="enumeration" w:value="MISS L FT"/>
    <w:Facet w:facet="enumeration" w:value="MISS L HND"/>
    <w:Facet w:facet="enumeration" w:value="MISS L KID"/>
    <w:Facet w:facet="enumeration" w:value="MISS L LEG"/>
    <w:Facet w:facet="enumeration" w:value="MISS L TES"/>
    <w:Facet w:facet="enumeration" w:value="MISS L TOE"/>
    <w:Facet w:facet="enumeration" w:value="MISS L VRT"/>
    <w:Facet w:facet="enumeration" w:value="MISS LBRST"/>
    <w:Facet w:facet="enumeration" w:value="MISS LEG"/>
    <w:Facet w:facet="enumeration" w:value="MISS LLARM"/>
    <w:Facet w:facet="enumeration" w:value="MISS LLLEG"/>
    <w:Facet w:facet="enumeration" w:value="MISS LLUNG"/>
    <w:Facet w:facet="enumeration" w:value="MISS LOVAR"/>
    <w:Facet w:facet="enumeration" w:value="MISS LRARM"/>
    <w:Facet w:facet="enumeration" w:value="MISS LRLEG"/>
    <w:Facet w:facet="enumeration" w:value="MISS LRYNX"/>
    <w:Facet w:facet="enumeration" w:value="MISS LUNG"/>
    <w:Facet w:facet="enumeration" w:value="MISS NOSE"/>
    <w:Facet w:facet="enumeration" w:value="MISS OVARS"/>
    <w:Facet w:facet="enumeration" w:value="MISS OVARY"/>
    <w:Facet w:facet="enumeration" w:value="MISS PANCR"/>
    <w:Facet w:facet="enumeration" w:value="MISS PENIS"/>
    <w:Facet w:facet="enumeration" w:value="MISS PROST"/>
    <w:Facet w:facet="enumeration" w:value="MISS R ARM"/>
    <w:Facet w:facet="enumeration" w:value="MISS R EAR"/>
    <w:Facet w:facet="enumeration" w:value="MISS R EYE"/>
    <w:Facet w:facet="enumeration" w:value="MISS R FGR"/>
    <w:Facet w:facet="enumeration" w:value="MISS R FJT"/>
    <w:Facet w:facet="enumeration" w:value="MISS R FT"/>
    <w:Facet w:facet="enumeration" w:value="MISS R HND"/>
    <w:Facet w:facet="enumeration" w:value="MISS R KID"/>
    <w:Facet w:facet="enumeration" w:value="MISS R LEG"/>
    <w:Facet w:facet="enumeration" w:value="MISS R TES"/>
    <w:Facet w:facet="enumeration" w:value="MISS R TOE"/>
    <w:Facet w:facet="enumeration" w:value="MISS RBRST"/>
    <w:Facet w:facet="enumeration" w:value="MISS RLUNG"/>
    <w:Facet w:facet="enumeration" w:value="MISS ROVAR"/>
    <w:Facet w:facet="enumeration" w:value="MISS SPLEN"/>
    <w:Facet w:facet="enumeration" w:value="MISS STOMA"/>
    <w:Facet w:facet="enumeration" w:value="MISS TES"/>
    <w:Facet w:facet="enumeration" w:value="MISS THYRD"/>
    <w:Facet w:facet="enumeration" w:value="MISS TOE"/>
    <w:Facet w:facet="enumeration" w:value="MISS TONG"/>
    <w:Facet w:facet="enumeration" w:value="MISS TONSL"/>
    <w:Facet w:facet="enumeration" w:value="MISS UTRUS"/>
    <w:Facet w:facet="enumeration" w:value="MISS VRT"/>
    <w:Facet w:facet="enumeration" w:value="MOLE ABDOM"/>
    <w:Facet w:facet="enumeration" w:value="MOLE ANKL"/>
    <w:Facet w:facet="enumeration" w:value="MOLE ARM"/>
    <w:Facet w:facet="enumeration" w:value="MOLE BACK"/>
    <w:Facet w:facet="enumeration" w:value="MOLE BRST"/>
    <w:Facet w:facet="enumeration" w:value="MOLE BUTTK"/>
    <w:Facet w:facet="enumeration" w:value="MOLE CALF"/>
    <w:Facet w:facet="enumeration" w:value="MOLE CHEST"/>
    <w:Facet w:facet="enumeration" w:value="MOLE CHIN"/>
    <w:Facet w:facet="enumeration" w:value="MOLE CHK"/>
    <w:Facet w:facet="enumeration" w:value="MOLE EAR"/>
    <w:Facet w:facet="enumeration" w:value="MOLE ELBOW"/>
    <w:Facet w:facet="enumeration" w:value="MOLE EYE"/>
    <w:Facet w:facet="enumeration" w:value="MOLE F ARM"/>
    <w:Facet w:facet="enumeration" w:value="MOLE FACE"/>
    <w:Facet w:facet="enumeration" w:value="MOLE FGR"/>
    <w:Facet w:facet="enumeration" w:value="MOLE FHD"/>
    <w:Facet w:facet="enumeration" w:value="MOLE FOOT"/>
    <w:Facet w:facet="enumeration" w:value="MOLE GROIN"/>
    <w:Facet w:facet="enumeration" w:value="MOLE HAND"/>
    <w:Facet w:facet="enumeration" w:value="MOLE HEAD"/>
    <w:Facet w:facet="enumeration" w:value="MOLE HIP"/>
    <w:Facet w:facet="enumeration" w:value="MOLE KNEE"/>
    <w:Facet w:facet="enumeration" w:value="MOLE L ANK"/>
    <w:Facet w:facet="enumeration" w:value="MOLE L ARM"/>
    <w:Facet w:facet="enumeration" w:value="MOLE L BUT"/>
    <w:Facet w:facet="enumeration" w:value="MOLE L CALF"/>
    <w:Facet w:facet="enumeration" w:value="MOLE L CHK"/>
    <w:Facet w:facet="enumeration" w:value="MOLE L EAR"/>
    <w:Facet w:facet="enumeration" w:value="MOLE L ELB"/>
    <w:Facet w:facet="enumeration" w:value="MOLE L EYE"/>
    <w:Facet w:facet="enumeration" w:value="MOLE L FGR"/>
    <w:Facet w:facet="enumeration" w:value="MOLE L FT"/>
    <w:Facet w:facet="enumeration" w:value="MOLE L HIP"/>
    <w:Facet w:facet="enumeration" w:value="MOLE L HND"/>
    <w:Facet w:facet="enumeration" w:value="MOLE L KNE"/>
    <w:Facet w:facet="enumeration" w:value="MOLE L LEG"/>
    <w:Facet w:facet="enumeration" w:value="MOLE L LIP"/>
    <w:Facet w:facet="enumeration" w:value="MOLE L SHD"/>
    <w:Facet w:facet="enumeration" w:value="MOLE L THG"/>
    <w:Facet w:facet="enumeration" w:value="MOLE L TOE"/>
    <w:Facet w:facet="enumeration" w:value="MOLE L WRS"/>
    <w:Facet w:facet="enumeration" w:value="MOLE LBRST"/>
    <w:Facet w:facet="enumeration" w:value="MOLE LEG"/>
    <w:Facet w:facet="enumeration" w:value="MOLE LF ARM"/>
    <w:Facet w:facet="enumeration" w:value="MOLE LIP"/>
    <w:Facet w:facet="enumeration" w:value="MOLE NECK"/>
    <w:Facet w:facet="enumeration" w:value="MOLE NOSE"/>
    <w:Facet w:facet="enumeration" w:value="MOLE PENIS"/>
    <w:Facet w:facet="enumeration" w:value="MOLE R ANK"/>
    <w:Facet w:facet="enumeration" w:value="MOLE R ARM"/>
    <w:Facet w:facet="enumeration" w:value="MOLE R BUT"/>
    <w:Facet w:facet="enumeration" w:value="MOLE R CALF"/>
    <w:Facet w:facet="enumeration" w:value="MOLE R CHK"/>
    <w:Facet w:facet="enumeration" w:value="MOLE R EAR"/>
    <w:Facet w:facet="enumeration" w:value="MOLE R ELB"/>
    <w:Facet w:facet="enumeration" w:value="MOLE R EYE"/>
    <w:Facet w:facet="enumeration" w:value="MOLE R FGR"/>
    <w:Facet w:facet="enumeration" w:value="MOLE R FT"/>
    <w:Facet w:facet="enumeration" w:value="MOLE R HIP"/>
    <w:Facet w:facet="enumeration" w:value="MOLE R HND"/>
    <w:Facet w:facet="enumeration" w:value="MOLE R KNE"/>
    <w:Facet w:facet="enumeration" w:value="MOLE R LEG"/>
    <w:Facet w:facet="enumeration" w:value="MOLE R SHD"/>
    <w:Facet w:facet="enumeration" w:value="MOLE R THG"/>
    <w:Facet w:facet="enumeration" w:value="MOLE R TOE"/>
    <w:Facet w:facet="enumeration" w:value="MOLE R WRS"/>
    <w:Facet w:facet="enumeration" w:value="MOLE RBRST"/>
    <w:Facet w:facet="enumeration" w:value="MOLE RF ARM"/>
    <w:Facet w:facet="enumeration" w:value="MOLE SHLD"/>
    <w:Facet w:facet="enumeration" w:value="MOLE THGH"/>
    <w:Facet w:facet="enumeration" w:value="MOLE TOE"/>
    <w:Facet w:facet="enumeration" w:value="MOLE U LIP"/>
    <w:Facet w:facet="enumeration" w:value="MOLE UL ARM"/>
    <w:Facet w:facet="enumeration" w:value="MOLE UR ARM"/>
    <w:Facet w:facet="enumeration" w:value="MOLE WRS"/>
    <w:Facet w:facet="enumeration" w:value="MUTE"/>
    <w:Facet w:facet="enumeration" w:value="NM ANKL"/>
    <w:Facet w:facet="enumeration" w:value="NM ARM"/>
    <w:Facet w:facet="enumeration" w:value="NM BUTTK"/>
    <w:Facet w:facet="enumeration" w:value="NM CALF"/>
    <w:Facet w:facet="enumeration" w:value="NM ELBOW"/>
    <w:Facet w:facet="enumeration" w:value="NM FGR"/>
    <w:Facet w:facet="enumeration" w:value="NM FOOT"/>
    <w:Facet w:facet="enumeration" w:value="NM GROIN"/>
    <w:Facet w:facet="enumeration" w:value="NM HAND"/>
    <w:Facet w:facet="enumeration" w:value="NM HIP"/>
    <w:Facet w:facet="enumeration" w:value="NM KNEE"/>
    <w:Facet w:facet="enumeration" w:value="NM L ANKL"/>
    <w:Facet w:facet="enumeration" w:value="NM L ARM"/>
    <w:Facet w:facet="enumeration" w:value="NM L BUTTK"/>
    <w:Facet w:facet="enumeration" w:value="NM L CALF"/>
    <w:Facet w:facet="enumeration" w:value="NM L ELB"/>
    <w:Facet w:facet="enumeration" w:value="NM L FGR"/>
    <w:Facet w:facet="enumeration" w:value="NM L FOOT"/>
    <w:Facet w:facet="enumeration" w:value="NM L HIP"/>
    <w:Facet w:facet="enumeration" w:value="NM L HND"/>
    <w:Facet w:facet="enumeration" w:value="NM L KNE"/>
    <w:Facet w:facet="enumeration" w:value="NM L LEG"/>
    <w:Facet w:facet="enumeration" w:value="NM L SHLD"/>
    <w:Facet w:facet="enumeration" w:value="NM L THIGH"/>
    <w:Facet w:facet="enumeration" w:value="NM L TOE"/>
    <w:Facet w:facet="enumeration" w:value="NM L WRIST"/>
    <w:Facet w:facet="enumeration" w:value="NM LEG"/>
    <w:Facet w:facet="enumeration" w:value="NM LL ARM"/>
    <w:Facet w:facet="enumeration" w:value="NM LR ARM"/>
    <w:Facet w:facet="enumeration" w:value="NM PENIS"/>
    <w:Facet w:facet="enumeration" w:value="NM R ANKL"/>
    <w:Facet w:facet="enumeration" w:value="NM R ARM"/>
    <w:Facet w:facet="enumeration" w:value="NM R BUTTK"/>
    <w:Facet w:facet="enumeration" w:value="NM R CALF"/>
    <w:Facet w:facet="enumeration" w:value="NM R ELB"/>
    <w:Facet w:facet="enumeration" w:value="NM R FGR"/>
    <w:Facet w:facet="enumeration" w:value="NM R FOOT"/>
    <w:Facet w:facet="enumeration" w:value="NM R HIP"/>
    <w:Facet w:facet="enumeration" w:value="NM R HND"/>
    <w:Facet w:facet="enumeration" w:value="NM R KNE"/>
    <w:Facet w:facet="enumeration" w:value="NM R LEG"/>
    <w:Facet w:facet="enumeration" w:value="NM R SHLD"/>
    <w:Facet w:facet="enumeration" w:value="NM R THIGH"/>
    <w:Facet w:facet="enumeration" w:value="NM R TOE"/>
    <w:Facet w:facet="enumeration" w:value="NM R WRIST"/>
    <w:Facet w:facet="enumeration" w:value="NM SHLD"/>
    <w:Facet w:facet="enumeration" w:value="NM THIGH"/>
    <w:Facet w:facet="enumeration" w:value="NM TOE"/>
    <w:Facet w:facet="enumeration" w:value="NM UL ARM"/>
    <w:Facet w:facet="enumeration" w:value="NM UR ARM"/>
    <w:Facet w:facet="enumeration" w:value="NM WRIST"/>
    <w:Facet w:facet="enumeration" w:value="ORTH NAIL"/>
    <w:Facet w:facet="enumeration" w:value="ORTH PLATE"/>
    <w:Facet w:facet="enumeration" w:value="ORTH SCREW"/>
    <w:Facet w:facet="enumeration" w:value="POCKMARKS"/>
    <w:Facet w:facet="enumeration" w:value="PRCD ABDMN"/>
    <w:Facet w:facet="enumeration" w:value="PRCD BACK"/>
    <w:Facet w:facet="enumeration" w:value="PRCD EAR"/>
    <w:Facet w:facet="enumeration" w:value="PRCD EARS"/>
    <w:Facet w:facet="enumeration" w:value="PRCD EYE"/>
    <w:Facet w:facet="enumeration" w:value="PRCD GNTLS"/>
    <w:Facet w:facet="enumeration" w:value="PRCD L EAR"/>
    <w:Facet w:facet="enumeration" w:value="PRCD L EYE"/>
    <w:Facet w:facet="enumeration" w:value="PRCD L NIP"/>
    <w:Facet w:facet="enumeration" w:value="PRCD LIP"/>
    <w:Facet w:facet="enumeration" w:value="PRCD LLIP"/>
    <w:Facet w:facet="enumeration" w:value="PRCD NIPPL"/>
    <w:Facet w:facet="enumeration" w:value="PRCD NOSE"/>
    <w:Facet w:facet="enumeration" w:value="PRCD R EAR"/>
    <w:Facet w:facet="enumeration" w:value="PRCD R EYE"/>
    <w:Facet w:facet="enumeration" w:value="PRCD R NIP"/>
    <w:Facet w:facet="enumeration" w:value="PRCD TONGU"/>
    <w:Facet w:facet="enumeration" w:value="PRCD ULIP"/>
    <w:Facet w:facet="enumeration" w:value="PROT JAW"/>
    <w:Facet w:facet="enumeration" w:value="PROT L JAW"/>
    <w:Facet w:facet="enumeration" w:value="PROT U JAW"/>
    <w:Facet w:facet="enumeration" w:value="RTAT ABDM"/>
    <w:Facet w:facet="enumeration" w:value="RTAT ANKL"/>
    <w:Facet w:facet="enumeration" w:value="RTAT ARM"/>
    <w:Facet w:facet="enumeration" w:value="RTAT BACK"/>
    <w:Facet w:facet="enumeration" w:value="RTAT BRST"/>
    <w:Facet w:facet="enumeration" w:value="RTAT BUTTK"/>
    <w:Facet w:facet="enumeration" w:value="RTAT CALF"/>
    <w:Facet w:facet="enumeration" w:value="RTAT CHEEK"/>
    <w:Facet w:facet="enumeration" w:value="RTAT CHEST"/>
    <w:Facet w:facet="enumeration" w:value="RTAT CHIN"/>
    <w:Facet w:facet="enumeration" w:value="RTAT EAR"/>
    <w:Facet w:facet="enumeration" w:value="RTAT ELBOW"/>
    <w:Facet w:facet="enumeration" w:value="RTAT EYE"/>
    <w:Facet w:facet="enumeration" w:value="RTAT FACE"/>
    <w:Facet w:facet="enumeration" w:value="RTAT FARM"/>
    <w:Facet w:facet="enumeration" w:value="RTAT FHD"/>
    <w:Facet w:facet="enumeration" w:value="RTAT FLBOD"/>
    <w:Facet w:facet="enumeration" w:value="RTAT FNGR"/>
    <w:Facet w:facet="enumeration" w:value="RTAT FOOT"/>
    <w:Facet w:facet="enumeration" w:value="RTAT GROIN"/>
    <w:Facet w:facet="enumeration" w:value="RTAT HAND"/>
    <w:Facet w:facet="enumeration" w:value="RTAT HEAD"/>
    <w:Facet w:facet="enumeration" w:value="RTAT HIP"/>
    <w:Facet w:facet="enumeration" w:value="RTAT KNEE"/>
    <w:Facet w:facet="enumeration" w:value="RTAT L ARM"/>
    <w:Facet w:facet="enumeration" w:value="RTAT L CHK"/>
    <w:Facet w:facet="enumeration" w:value="RTAT L EAR"/>
    <w:Facet w:facet="enumeration" w:value="RTAT L ELB"/>
    <w:Facet w:facet="enumeration" w:value="RTAT L EYE"/>
    <w:Facet w:facet="enumeration" w:value="RTAT L FGR"/>
    <w:Facet w:facet="enumeration" w:value="RTAT L HIP"/>
    <w:Facet w:facet="enumeration" w:value="RTAT L HND"/>
    <w:Facet w:facet="enumeration" w:value="RTAT L LEG"/>
    <w:Facet w:facet="enumeration" w:value="RTAT L TOE"/>
    <w:Facet w:facet="enumeration" w:value="RTAT LANKL"/>
    <w:Facet w:facet="enumeration" w:value="RTAT LBRST"/>
    <w:Facet w:facet="enumeration" w:value="RTAT LBUTK"/>
    <w:Facet w:facet="enumeration" w:value="RTAT LCALF"/>
    <w:Facet w:facet="enumeration" w:value="RTAT LEG"/>
    <w:Facet w:facet="enumeration" w:value="RTAT LFARM"/>
    <w:Facet w:facet="enumeration" w:value="RTAT LFOOT"/>
    <w:Facet w:facet="enumeration" w:value="RTAT LIP"/>
    <w:Facet w:facet="enumeration" w:value="RTAT LKNEE"/>
    <w:Facet w:facet="enumeration" w:value="RTAT LSHLD"/>
    <w:Facet w:facet="enumeration" w:value="RTAT LTHGH"/>
    <w:Facet w:facet="enumeration" w:value="RTAT LWLIP"/>
    <w:Facet w:facet="enumeration" w:value="RTAT LWRS"/>
    <w:Facet w:facet="enumeration" w:value="RTAT NECK"/>
    <w:Facet w:facet="enumeration" w:value="RTAT NOSE"/>
    <w:Facet w:facet="enumeration" w:value="RTAT PENIS"/>
    <w:Facet w:facet="enumeration" w:value="RTAT R ARM"/>
    <w:Facet w:facet="enumeration" w:value="RTAT R CHK"/>
    <w:Facet w:facet="enumeration" w:value="RTAT R EAR"/>
    <w:Facet w:facet="enumeration" w:value="RTAT R ELB"/>
    <w:Facet w:facet="enumeration" w:value="RTAT R EYE"/>
    <w:Facet w:facet="enumeration" w:value="RTAT R FGR"/>
    <w:Facet w:facet="enumeration" w:value="RTAT R HIP"/>
    <w:Facet w:facet="enumeration" w:value="RTAT R HND"/>
    <w:Facet w:facet="enumeration" w:value="RTAT R LEG"/>
    <w:Facet w:facet="enumeration" w:value="RTAT R TOE"/>
    <w:Facet w:facet="enumeration" w:value="RTAT RANKL"/>
    <w:Facet w:facet="enumeration" w:value="RTAT RBRST"/>
    <w:Facet w:facet="enumeration" w:value="RTAT RBUTK"/>
    <w:Facet w:facet="enumeration" w:value="RTAT RCALF"/>
    <w:Facet w:facet="enumeration" w:value="RTAT RFARM"/>
    <w:Facet w:facet="enumeration" w:value="RTAT RFOOT"/>
    <w:Facet w:facet="enumeration" w:value="RTAT RKNEE"/>
    <w:Facet w:facet="enumeration" w:value="RTAT RSHLD"/>
    <w:Facet w:facet="enumeration" w:value="RTAT RTHGH"/>
    <w:Facet w:facet="enumeration" w:value="RTAT RWRS"/>
    <w:Facet w:facet="enumeration" w:value="RTAT SHLD"/>
    <w:Facet w:facet="enumeration" w:value="RTAT THGH"/>
    <w:Facet w:facet="enumeration" w:value="RTAT TOE"/>
    <w:Facet w:facet="enumeration" w:value="RTAT ULARM"/>
    <w:Facet w:facet="enumeration" w:value="RTAT UPLIP"/>
    <w:Facet w:facet="enumeration" w:value="RTAT URARM"/>
    <w:Facet w:facet="enumeration" w:value="RTAT WRS"/>
    <w:Facet w:facet="enumeration" w:value="SC ABDOM"/>
    <w:Facet w:facet="enumeration" w:value="SC ANKL"/>
    <w:Facet w:facet="enumeration" w:value="SC ARM"/>
    <w:Facet w:facet="enumeration" w:value="SC BACK"/>
    <w:Facet w:facet="enumeration" w:value="SC BREAST"/>
    <w:Facet w:facet="enumeration" w:value="SC BUTTK"/>
    <w:Facet w:facet="enumeration" w:value="SC CALF"/>
    <w:Facet w:facet="enumeration" w:value="SC CHEST"/>
    <w:Facet w:facet="enumeration" w:value="SC CHIN"/>
    <w:Facet w:facet="enumeration" w:value="SC CHK"/>
    <w:Facet w:facet="enumeration" w:value="SC EAR"/>
    <w:Facet w:facet="enumeration" w:value="SC ELBOW"/>
    <w:Facet w:facet="enumeration" w:value="SC EYE"/>
    <w:Facet w:facet="enumeration" w:value="SC F ARM"/>
    <w:Facet w:facet="enumeration" w:value="SC FACE"/>
    <w:Facet w:facet="enumeration" w:value="SC FGR"/>
    <w:Facet w:facet="enumeration" w:value="SC FHD"/>
    <w:Facet w:facet="enumeration" w:value="SC FOOT"/>
    <w:Facet w:facet="enumeration" w:value="SC GROIN"/>
    <w:Facet w:facet="enumeration" w:value="SC HAND"/>
    <w:Facet w:facet="enumeration" w:value="SC HEAD"/>
    <w:Facet w:facet="enumeration" w:value="SC HIP"/>
    <w:Facet w:facet="enumeration" w:value="SC KNEE"/>
    <w:Facet w:facet="enumeration" w:value="SC L ANKL"/>
    <w:Facet w:facet="enumeration" w:value="SC L ARM"/>
    <w:Facet w:facet="enumeration" w:value="SC L BRST"/>
    <w:Facet w:facet="enumeration" w:value="SC L BUTTK"/>
    <w:Facet w:facet="enumeration" w:value="SC L CALF"/>
    <w:Facet w:facet="enumeration" w:value="SC L CHK"/>
    <w:Facet w:facet="enumeration" w:value="SC L EAR"/>
    <w:Facet w:facet="enumeration" w:value="SC L ELB"/>
    <w:Facet w:facet="enumeration" w:value="SC L EYE"/>
    <w:Facet w:facet="enumeration" w:value="SC L FGR"/>
    <w:Facet w:facet="enumeration" w:value="SC L FT"/>
    <w:Facet w:facet="enumeration" w:value="SC L HIP"/>
    <w:Facet w:facet="enumeration" w:value="SC L HND"/>
    <w:Facet w:facet="enumeration" w:value="SC L KNEE"/>
    <w:Facet w:facet="enumeration" w:value="SC L LEG"/>
    <w:Facet w:facet="enumeration" w:value="SC L SHLD"/>
    <w:Facet w:facet="enumeration" w:value="SC L THGH"/>
    <w:Facet w:facet="enumeration" w:value="SC L TOE"/>
    <w:Facet w:facet="enumeration" w:value="SC L WRIST"/>
    <w:Facet w:facet="enumeration" w:value="SC LEG"/>
    <w:Facet w:facet="enumeration" w:value="SC LF ARM"/>
    <w:Facet w:facet="enumeration" w:value="SC LIP"/>
    <w:Facet w:facet="enumeration" w:value="SC LOW LIP"/>
    <w:Facet w:facet="enumeration" w:value="SC NECK"/>
    <w:Facet w:facet="enumeration" w:value="SC NOSE"/>
    <w:Facet w:facet="enumeration" w:value="SC PENIS"/>
    <w:Facet w:facet="enumeration" w:value="SC R ANKL"/>
    <w:Facet w:facet="enumeration" w:value="SC R ARM"/>
    <w:Facet w:facet="enumeration" w:value="SC R BRST"/>
    <w:Facet w:facet="enumeration" w:value="SC R BUTTK"/>
    <w:Facet w:facet="enumeration" w:value="SC R CALF"/>
    <w:Facet w:facet="enumeration" w:value="SC R CHK"/>
    <w:Facet w:facet="enumeration" w:value="SC R EAR"/>
    <w:Facet w:facet="enumeration" w:value="SC R ELB"/>
    <w:Facet w:facet="enumeration" w:value="SC R EYE"/>
    <w:Facet w:facet="enumeration" w:value="SC R FGR"/>
    <w:Facet w:facet="enumeration" w:value="SC R FT"/>
    <w:Facet w:facet="enumeration" w:value="SC R HIP"/>
    <w:Facet w:facet="enumeration" w:value="SC R HND"/>
    <w:Facet w:facet="enumeration" w:value="SC R KNEE"/>
    <w:Facet w:facet="enumeration" w:value="SC R LEG"/>
    <w:Facet w:facet="enumeration" w:value="SC R SHLD"/>
    <w:Facet w:facet="enumeration" w:value="SC R THGH"/>
    <w:Facet w:facet="enumeration" w:value="SC R TOE"/>
    <w:Facet w:facet="enumeration" w:value="SC R WRIST"/>
    <w:Facet w:facet="enumeration" w:value="SC RF ARM"/>
    <w:Facet w:facet="enumeration" w:value="SC SHLD"/>
    <w:Facet w:facet="enumeration" w:value="SC THGH"/>
    <w:Facet w:facet="enumeration" w:value="SC TOE"/>
    <w:Facet w:facet="enumeration" w:value="SC UL ARM"/>
    <w:Facet w:facet="enumeration" w:value="SC UP LIP"/>
    <w:Facet w:facet="enumeration" w:value="SC UR ARM"/>
    <w:Facet w:facet="enumeration" w:value="SC WRIST"/>
    <w:Facet w:facet="enumeration" w:value="SHRT L LEG"/>
    <w:Facet w:facet="enumeration" w:value="SHRT LEG"/>
    <w:Facet w:facet="enumeration" w:value="SHRT R LEG"/>
    <w:Facet w:facet="enumeration" w:value="SHUNT ART"/>
    <w:Facet w:facet="enumeration" w:value="SHUNT CERB"/>
    <w:Facet w:facet="enumeration" w:value="SKL PLATE"/>
    <w:Facet w:facet="enumeration" w:value="SLVR TOOTH"/>
    <w:Facet w:facet="enumeration" w:value="STAPLES"/>
    <w:Facet w:facet="enumeration" w:value="STUTTERS"/>
    <w:Facet w:facet="enumeration" w:value="TAT ABDOM"/>
    <w:Facet w:facet="enumeration" w:value="TAT ANKL"/>
    <w:Facet w:facet="enumeration" w:value="TAT ARM"/>
    <w:Facet w:facet="enumeration" w:value="TAT BACK"/>
    <w:Facet w:facet="enumeration" w:value="TAT BREAST"/>
    <w:Facet w:facet="enumeration" w:value="TAT BUTTK"/>
    <w:Facet w:facet="enumeration" w:value="TAT CALF"/>
    <w:Facet w:facet="enumeration" w:value="TAT CHEEK"/>
    <w:Facet w:facet="enumeration" w:value="TAT CHEST"/>
    <w:Facet w:facet="enumeration" w:value="TAT CHIN"/>
    <w:Facet w:facet="enumeration" w:value="TAT EAR"/>
    <w:Facet w:facet="enumeration" w:value="TAT ELBOW"/>
    <w:Facet w:facet="enumeration" w:value="TAT EYE"/>
    <w:Facet w:facet="enumeration" w:value="TAT FACE"/>
    <w:Facet w:facet="enumeration" w:value="TAT FARM"/>
    <w:Facet w:facet="enumeration" w:value="TAT FHD"/>
    <w:Facet w:facet="enumeration" w:value="TAT FLBODY"/>
    <w:Facet w:facet="enumeration" w:value="TAT FNGR"/>
    <w:Facet w:facet="enumeration" w:value="TAT FOOT"/>
    <w:Facet w:facet="enumeration" w:value="TAT GROIN"/>
    <w:Facet w:facet="enumeration" w:value="TAT HAND"/>
    <w:Facet w:facet="enumeration" w:value="TAT HEAD"/>
    <w:Facet w:facet="enumeration" w:value="TAT HIP"/>
    <w:Facet w:facet="enumeration" w:value="TAT KNEE"/>
    <w:Facet w:facet="enumeration" w:value="TAT L ANKL"/>
    <w:Facet w:facet="enumeration" w:value="TAT L ARM"/>
    <w:Facet w:facet="enumeration" w:value="TAT L BRST"/>
    <w:Facet w:facet="enumeration" w:value="TAT L BUTK"/>
    <w:Facet w:facet="enumeration" w:value="TAT L CALF"/>
    <w:Facet w:facet="enumeration" w:value="TAT L CHK"/>
    <w:Facet w:facet="enumeration" w:value="TAT L EAR"/>
    <w:Facet w:facet="enumeration" w:value="TAT L EYE"/>
    <w:Facet w:facet="enumeration" w:value="TAT L FGR"/>
    <w:Facet w:facet="enumeration" w:value="TAT L FOOT"/>
    <w:Facet w:facet="enumeration" w:value="TAT L HIP"/>
    <w:Facet w:facet="enumeration" w:value="TAT L HND"/>
    <w:Facet w:facet="enumeration" w:value="TAT L KNEE"/>
    <w:Facet w:facet="enumeration" w:value="TAT L LEG"/>
    <w:Facet w:facet="enumeration" w:value="TAT L SHLD"/>
    <w:Facet w:facet="enumeration" w:value="TAT L THGH"/>
    <w:Facet w:facet="enumeration" w:value="TAT L TOE"/>
    <w:Facet w:facet="enumeration" w:value="TAT L WRS"/>
    <w:Facet w:facet="enumeration" w:value="TAT LEG"/>
    <w:Facet w:facet="enumeration" w:value="TAT LELBOW"/>
    <w:Facet w:facet="enumeration" w:value="TAT LF ARM"/>
    <w:Facet w:facet="enumeration" w:value="TAT LIP"/>
    <w:Facet w:facet="enumeration" w:value="TAT LW LIP"/>
    <w:Facet w:facet="enumeration" w:value="TAT NECK"/>
    <w:Facet w:facet="enumeration" w:value="TAT NOSE"/>
    <w:Facet w:facet="enumeration" w:value="TAT PENIS"/>
    <w:Facet w:facet="enumeration" w:value="TAT R ANKL"/>
    <w:Facet w:facet="enumeration" w:value="TAT R ARM"/>
    <w:Facet w:facet="enumeration" w:value="TAT R BRST"/>
    <w:Facet w:facet="enumeration" w:value="TAT R BUTK"/>
    <w:Facet w:facet="enumeration" w:value="TAT R CALF"/>
    <w:Facet w:facet="enumeration" w:value="TAT R CHK"/>
    <w:Facet w:facet="enumeration" w:value="TAT R EAR"/>
    <w:Facet w:facet="enumeration" w:value="TAT R EYE"/>
    <w:Facet w:facet="enumeration" w:value="TAT R FGR"/>
    <w:Facet w:facet="enumeration" w:value="TAT R FOOT"/>
    <w:Facet w:facet="enumeration" w:value="TAT R HIP"/>
    <w:Facet w:facet="enumeration" w:value="TAT R HND"/>
    <w:Facet w:facet="enumeration" w:value="TAT R KNEE"/>
    <w:Facet w:facet="enumeration" w:value="TAT R LEG"/>
    <w:Facet w:facet="enumeration" w:value="TAT R SHLD"/>
    <w:Facet w:facet="enumeration" w:value="TAT R THGH"/>
    <w:Facet w:facet="enumeration" w:value="TAT R TOE"/>
    <w:Facet w:facet="enumeration" w:value="TAT R WRS"/>
    <w:Facet w:facet="enumeration" w:value="TAT RELBOW"/>
    <w:Facet w:facet="enumeration" w:value="TAT RF ARM"/>
    <w:Facet w:facet="enumeration" w:value="TAT SHLD"/>
    <w:Facet w:facet="enumeration" w:value="TAT THGH"/>
    <w:Facet w:facet="enumeration" w:value="TAT TOE"/>
    <w:Facet w:facet="enumeration" w:value="TAT UL ARM"/>
    <w:Facet w:facet="enumeration" w:value="TAT UP LIP"/>
    <w:Facet w:facet="enumeration" w:value="TAT UR ARM"/>
    <w:Facet w:facet="enumeration" w:value="TAT WRS"/>
    <w:Facet w:facet="enumeration" w:value="TD ACONVUL"/>
    <w:Facet w:facet="enumeration" w:value="TD ADEPRES"/>
    <w:Facet w:facet="enumeration" w:value="TD ANALGES"/>
    <w:Facet w:facet="enumeration" w:value="TD ANTBTCS"/>
    <w:Facet w:facet="enumeration" w:value="TD ANTINFL"/>
    <w:Facet w:facet="enumeration" w:value="TD BRNCHDL"/>
    <w:Facet w:facet="enumeration" w:value="TD CARDIAC"/>
    <w:Facet w:facet="enumeration" w:value="TD HYPNOTI"/>
    <w:Facet w:facet="enumeration" w:value="TD INSULIN"/>
    <w:Facet w:facet="enumeration" w:value="TD OTHER"/>
    <w:Facet w:facet="enumeration" w:value="TD RITALIN"/>
    <w:Facet w:facet="enumeration" w:value="TD TRANQUI"/>
    <w:Facet w:facet="enumeration" w:value="TRANSSXL"/>
    <w:Facet w:facet="enumeration" w:value="TRANSVST"/>
    <w:Facet w:facet="enumeration" w:value="TUBE L EAR"/>
    <w:Facet w:facet="enumeration" w:value="TUBE R EAR"/>
    <w:Facet w:facet="enumeration" w:value="VASC PROTH"/>
    <w:Facet w:facet="enumeration" w:value="WHEELCHAIR"/>
    <w:Facet w:facet="enumeration" w:value="WIRE SUTUR"/>
  </w:Type>
  <w:Type w:name="fbi:VCOCodeSimpleType" w:isRequested="true">
    <w:Facet w:facet="enumeration" w:value="AME"/>
    <w:Facet w:facet="enumeration" w:value="BGE"/>
    <w:Facet w:facet="enumeration" w:value="BLK"/>
    <w:Facet w:facet="enumeration" w:value="BLU"/>
    <w:Facet w:facet="enumeration" w:value="BRO"/>
    <w:Facet w:facet="enumeration" w:value="BRZ"/>
    <w:Facet w:facet="enumeration" w:value="CAM"/>
    <w:Facet w:facet="enumeration" w:value="COM"/>
    <w:Facet w:facet="enumeration" w:value="CPR"/>
    <w:Facet w:facet="enumeration" w:value="CRM"/>
    <w:Facet w:facet="enumeration" w:value="DBL"/>
    <w:Facet w:facet="enumeration" w:value="DGR"/>
    <w:Facet w:facet="enumeration" w:value="GLD"/>
    <w:Facet w:facet="enumeration" w:value="GRN"/>
    <w:Facet w:facet="enumeration" w:value="GRY"/>
    <w:Facet w:facet="enumeration" w:value="LAV"/>
    <w:Facet w:facet="enumeration" w:value="LBL"/>
    <w:Facet w:facet="enumeration" w:value="LGR"/>
    <w:Facet w:facet="enumeration" w:value="MAR"/>
    <w:Facet w:facet="enumeration" w:value="MUL/COL"/>
    <w:Facet w:facet="enumeration" w:value="MVE"/>
    <w:Facet w:facet="enumeration" w:value="ONG"/>
    <w:Facet w:facet="enumeration" w:value="PLE"/>
    <w:Facet w:facet="enumeration" w:value="PNK"/>
    <w:Facet w:facet="enumeration" w:value="RED"/>
    <w:Facet w:facet="enumeration" w:value="SIL"/>
    <w:Facet w:facet="enumeration" w:value="TAN"/>
    <w:Facet w:facet="enumeration" w:value="TEA"/>
    <w:Facet w:facet="enumeration" w:value="TPE"/>
    <w:Facet w:facet="enumeration" w:value="TRQ"/>
    <w:Facet w:facet="enumeration" w:value="WHI"/>
    <w:Facet w:facet="enumeration" w:value="YEL"/>
  </w:Type>
  <w:Type w:name="j:ActivityAugmentationType" w:isRequested="false">
    <w:ElementInType w:minOccurs="0" w:maxOccurs="unbounded"
      w:name="j:ActivityDocumentValidator" w:isReference="false"/>
  </w:Type>
  <w:Type w:name="j:ActivityCaseAssociationType" w:isRequested="false">
    <w:ElementInType w:minOccurs="0" w:maxOccurs="unbounded"
      w:name="nc:Activity" w:isReference="true"/>
    <w:ElementInType w:minOccurs="0" w:maxOccurs="unbounded"
      w:name="nc:Case" w:isReference="true"/>
  </w:Type>
  <w:Type w:name="j:ActivityChargeAssociationType" w:isRequested="false">
    <w:ElementInType w:minOccurs="0" w:maxOccurs="unbounded"
      w:name="j:Charge" w:isReference="true"/>
    <w:ElementInType w:minOccurs="0" w:maxOccurs="unbounded"
      w:name="nc:Activity" w:isReference="true"/>
  </w:Type>
  <w:Type w:name="j:BailType" w:isRequested="false">
    <w:ElementInType w:minOccurs="0" w:maxOccurs="unbounded"
      w:name="j:BailConditionDescriptionText" w:isReference="false"/>
    <w:ElementInType w:minOccurs="0" w:maxOccurs="unbounded"
      w:name="j:BailSetAmount" w:isReference="false"/>
  </w:Type>
  <w:Type w:name="j:BondType" w:isRequested="false">
    <w:ElementInType w:minOccurs="0" w:maxOccurs="unbounded"
      w:name="j:BondConditionDescriptionText" w:isReference="false"/>
  </w:Type>
  <w:Type w:name="j:CaseAugmentationType" w:isRequested="false">
    <w:ElementInType w:minOccurs="0" w:maxOccurs="unbounded"
      w:name="j:CaseCourt" w:isReference="false"/>
  </w:Type>
  <w:Type w:name="j:ChargeEnhancingFactorType" w:isRequested="true">
    <w:ElementInType w:minOccurs="0" w:maxOccurs="unbounded"
      w:name="j:ChargeEnhancingFactorDescriptionText" w:isReference="false"/>
    <w:ElementInType w:minOccurs="0" w:maxOccurs="unbounded"
      w:name="j:ChargeEnhancingFactorReferenceDate" w:isReference="false"/>
    <w:ElementInType w:minOccurs="0" w:maxOccurs="unbounded"
      w:name="j:ChargeEnhancingFactorStatusText" w:isReference="false"/>
    <w:ElementInType w:minOccurs="0" w:maxOccurs="unbounded"
      w:name="j:ChargeEnhancingFactorText" w:isReference="false"/>
  </w:Type>
  <w:Type w:name="j:ChargeType" w:isRequested="false">
    <w:ElementInType w:minOccurs="0" w:maxOccurs="unbounded"
      w:name="j:ChargeApplicabilityText" w:isReference="false"/>
    <w:ElementInType w:minOccurs="0" w:maxOccurs="unbounded"
      w:name="j:ChargeDescriptionText" w:isReference="false"/>
    <w:ElementInType w:minOccurs="0" w:maxOccurs="unbounded"
      w:name="j:ChargeDisposition" w:isReference="false"/>
    <w:ElementInType w:minOccurs="0" w:maxOccurs="unbounded"
      w:name="j:ChargeIdentification" w:isReference="false"/>
    <w:ElementInType w:minOccurs="0" w:maxOccurs="unbounded"
      w:name="j:ChargeNCICCode" w:isReference="false"/>
    <w:ElementInType w:minOccurs="0" w:maxOccurs="unbounded"
      w:name="j:ChargeQualifierText" w:isReference="false"/>
    <w:ElementInType w:minOccurs="0" w:maxOccurs="unbounded"
      w:name="j:ChargeSanction" w:isReference="false"/>
    <w:ElementInType w:minOccurs="0" w:maxOccurs="unbounded"
      w:name="j:ChargeSequenceID" w:isReference="false"/>
    <w:ElementInType w:minOccurs="0" w:maxOccurs="unbounded"
      w:name="j:ChargeSeverityText" w:isReference="false"/>
    <w:ElementInType w:minOccurs="0" w:maxOccurs="unbounded"
      w:name="j:ChargeStatus" w:isReference="false"/>
    <w:ElementInType w:minOccurs="0" w:maxOccurs="unbounded"
      w:name="j:ChargeStatute" w:isReference="false"/>
    <w:ElementInType w:minOccurs="0" w:maxOccurs="unbounded"
      w:name="j:ChargeText" w:isReference="false"/>
    <w:ElementInType w:minOccurs="0" w:maxOccurs="unbounded"
      w:name="j:ChargeTrackingIdentification" w:isReference="false"/>
  </w:Type>
  <w:Type w:name="j:CourtOrderType" w:isRequested="false">
    <w:ElementInType w:minOccurs="0" w:maxOccurs="unbounded"
      w:name="j:CourtOrderDesignatedOrganization" w:isReference="false"/>
    <w:ElementInType w:minOccurs="0" w:maxOccurs="unbounded"
      w:name="j:CourtOrderRequestEntity" w:isReference="false"/>
    <w:ElementInType w:minOccurs="0" w:maxOccurs="unbounded"
      w:name="j:CourtOrderRequestReasonText" w:isReference="false"/>
    <w:ElementInType w:minOccurs="0" w:maxOccurs="unbounded"
      w:name="j:CourtOrderServiceRestrictionText" w:isReference="false"/>
  </w:Type>
  <w:Type w:name="j:CourtType" w:isRequested="false">
    <w:ElementInType w:minOccurs="0" w:maxOccurs="unbounded"
      w:name="j:CourtCategoryCode" w:isReference="false"/>
    <w:ElementInType w:minOccurs="0" w:maxOccurs="unbounded"
      w:name="j:CourtDivisionText" w:isReference="false"/>
    <w:ElementInType w:minOccurs="0" w:maxOccurs="unbounded"
      w:name="j:CourtName" w:isReference="false"/>
  </w:Type>
  <w:Type w:name="j:JudicialOfficialBarMembershipType" w:isRequested="false">
    <w:ElementInType w:minOccurs="0" w:maxOccurs="unbounded"
      w:name="j:JudicialOfficialBarIdentification" w:isReference="false"/>
  </w:Type>
  <w:Type w:name="j:JudicialOfficialType" w:isRequested="false">
    <w:ElementInType w:minOccurs="0" w:maxOccurs="unbounded"
      w:name="j:JudicialOfficialBarMembership" w:isReference="false"/>
    <w:ElementInType w:minOccurs="0" w:maxOccurs="unbounded"
      w:name="j:JudicialOfficialRegistrationIdentification" w:isReference="false"/>
    <w:ElementInType w:minOccurs="0" w:maxOccurs="unbounded"
      w:name="nc:RoleOfPerson" w:isReference="true"/>
  </w:Type>
  <w:Type w:name="j:JurisdictionAugmentationType" w:isRequested="false">
    <w:ElementInType w:minOccurs="0" w:maxOccurs="unbounded"
      w:name="j:JurisdictionDistrictText" w:isReference="false"/>
  </w:Type>
  <w:Type w:name="j:OrganizationAugmentationType" w:isRequested="false">
    <w:ElementInType w:minOccurs="0" w:maxOccurs="unbounded"
      w:name="j:OrganizationJurisdiction" w:isReference="false"/>
    <w:ElementInType w:minOccurs="0" w:maxOccurs="unbounded"
      w:name="j:OrganizationORIIdentification" w:isReference="false"/>
  </w:Type>
  <w:Type w:name="j:PersonAugmentationType" w:isRequested="false">
    <w:ElementInType w:minOccurs="0" w:maxOccurs="unbounded"
      w:name="j:PersonAFISIdentification" w:isReference="false"/>
    <w:ElementInType w:minOccurs="0" w:maxOccurs="unbounded"
      w:name="j:PersonEmancipationDate" w:isReference="false"/>
    <w:ElementInType w:minOccurs="0" w:maxOccurs="unbounded"
      w:name="j:PersonFBIIdentification" w:isReference="false"/>
    <w:ElementInType w:minOccurs="0" w:maxOccurs="unbounded"
      w:name="j:PersonPalmPrint" w:isReference="false"/>
    <w:ElementInType w:minOccurs="0" w:maxOccurs="unbounded"
      w:name="nc:DriverLicense" w:isReference="false"/>
  </w:Type>
  <w:Type w:name="j:PersonNameAugmentationType" w:isRequested="false">
    <w:AttributeInType w:name="j:personNameCategoryCode"/>
  </w:Type>
  <w:Type w:name="j:SanctionType" w:isRequested="false">
    <w:ElementInType w:minOccurs="0" w:maxOccurs="unbounded"
      w:name="j:SanctionSetObligation" w:isReference="false"/>
  </w:Type>
  <w:Type w:name="j:StatuteType" w:isRequested="false">
    <w:ElementInType w:minOccurs="0" w:maxOccurs="unbounded"
      w:name="j:StatuteCodeIdentification" w:isReference="false"/>
    <w:ElementInType w:minOccurs="0" w:maxOccurs="unbounded"
      w:name="j:StatuteCodeSectionIdentification" w:isReference="false"/>
    <w:ElementInType w:minOccurs="0" w:maxOccurs="unbounded"
      w:name="j:StatuteDescriptionText" w:isReference="false"/>
    <w:ElementInType w:minOccurs="0" w:maxOccurs="unbounded"
      w:name="j:StatuteEnactmentDate" w:isReference="false"/>
    <w:ElementInType w:minOccurs="0" w:maxOccurs="unbounded"
      w:name="j:StatuteKeywordText" w:isReference="false"/>
    <w:ElementInType w:minOccurs="0" w:maxOccurs="unbounded"
      w:name="j:StatuteText" w:isReference="false"/>
  </w:Type>
  <w:Type w:name="j:SubjectType" w:isRequested="false">
    <w:ElementInType w:minOccurs="0" w:maxOccurs="unbounded"
      w:name="j:SubjectCautionInformationCode" w:isReference="false"/>
    <w:ElementInType w:minOccurs="0" w:maxOccurs="unbounded"
      w:name="j:SubjectDetainmentLocation" w:isReference="false"/>
    <w:ElementInType w:minOccurs="0" w:maxOccurs="unbounded"
      w:name="nc:RoleOfOrganization" w:isReference="true"/>
    <w:ElementInType w:minOccurs="0" w:maxOccurs="unbounded"
      w:name="nc:RoleOfPerson" w:isReference="true"/>
  </w:Type>
  <w:Type w:name="j:WarrantType" w:isRequested="false">
    <w:ElementInType w:minOccurs="0" w:maxOccurs="unbounded"
      w:name="j:WarrantAppearanceBail" w:isReference="false"/>
    <w:ElementInType w:minOccurs="0" w:maxOccurs="unbounded"
      w:name="j:WarrantExtraditionLimitation" w:isReference="false"/>
  </w:Type>
  <w:Type w:name="nc:ActivityDocumentAssociationType" w:isRequested="false">
    <w:ElementInType w:minOccurs="0" w:maxOccurs="unbounded"
      w:name="nc:Activity" w:isReference="true"/>
    <w:ElementInType w:minOccurs="0" w:maxOccurs="unbounded"
      w:name="nc:Document" w:isReference="true"/>
  </w:Type>
  <w:Type w:name="nc:ActivityPersonAssociationType" w:isRequested="true">
    <w:ElementInType w:minOccurs="0" w:maxOccurs="unbounded"
      w:name="nc:Activity" w:isReference="true"/>
    <w:ElementInType w:minOccurs="0" w:maxOccurs="unbounded"
      w:name="nc:Person" w:isReference="true"/>
  </w:Type>
  <w:Type w:name="nc:ActivityType" w:isRequested="false">
    <w:ElementInType w:minOccurs="0" w:maxOccurs="unbounded"
      w:name="nc:ActivityCategoryText" w:isReference="false"/>
    <w:ElementInType w:minOccurs="0" w:maxOccurs="unbounded"
      w:name="nc:ActivityDateRepresentation" w:isReference="false"/>
    <w:ElementInType w:minOccurs="0" w:maxOccurs="unbounded"
      w:name="nc:ActivityDescriptionText" w:isReference="false"/>
    <w:ElementInType w:minOccurs="0" w:maxOccurs="unbounded"
      w:name="nc:ActivityIdentification" w:isReference="false"/>
    <w:ElementInType w:minOccurs="0" w:maxOccurs="unbounded"
      w:name="nc:ActivityStatus" w:isReference="false"/>
  </w:Type>
  <w:Type w:name="nc:AddressType" w:isRequested="false">
    <w:ElementInType w:minOccurs="0" w:maxOccurs="unbounded"
      w:name="nc:AddressRepresentation" w:isReference="false"/>
  </w:Type>
  <w:Type w:name="nc:AmountType" w:isRequested="true"/>
  <w:Type w:name="nc:BinaryType" w:isRequested="false">
    <w:ElementInType w:minOccurs="0" w:maxOccurs="unbounded"
      w:name="nc:BinaryObject" w:isReference="false"/>
  </w:Type>
  <w:Type w:name="nc:BiometricType" w:isRequested="false">
    <w:ElementInType w:minOccurs="0" w:maxOccurs="unbounded"
      w:name="nc:BiometricAccuracyDescriptionText" w:isReference="false"/>
    <w:ElementInType w:minOccurs="0" w:maxOccurs="unbounded"
      w:name="nc:BiometricBinary" w:isReference="false"/>
    <w:ElementInType w:minOccurs="0" w:maxOccurs="unbounded"
      w:name="nc:BiometricCaptureDate" w:isReference="false"/>
    <w:ElementInType w:minOccurs="0" w:maxOccurs="unbounded"
      w:name="nc:BiometricCaptureDescriptionText" w:isReference="false"/>
    <w:ElementInType w:minOccurs="0" w:maxOccurs="unbounded"
      w:name="nc:BiometricCaptureSourceText" w:isReference="false"/>
    <w:ElementInType w:minOccurs="0" w:maxOccurs="unbounded"
      w:name="nc:BiometricCapturer" w:isReference="false"/>
    <w:ElementInType w:minOccurs="0" w:maxOccurs="unbounded"
      w:name="nc:BiometricDescriptionText" w:isReference="false"/>
    <w:ElementInType w:minOccurs="0" w:maxOccurs="unbounded"
      w:name="nc:BiometricEncodingMethodText" w:isReference="false"/>
    <w:ElementInType w:minOccurs="0" w:maxOccurs="unbounded"
      w:name="nc:BiometricID" w:isReference="false"/>
    <w:ElementInType w:minOccurs="0" w:maxOccurs="unbounded"
      w:name="nc:BiometricImage" w:isReference="false"/>
    <w:ElementInType w:minOccurs="0" w:maxOccurs="unbounded"
      w:name="nc:BiometricLabAnalysisText" w:isReference="false"/>
    <w:ElementInType w:minOccurs="0" w:maxOccurs="unbounded"
      w:name="nc:BiometricRepositoryDescriptionText" w:isReference="false"/>
    <w:ElementInType w:minOccurs="0" w:maxOccurs="unbounded"
      w:name="nc:BiometricRepositoryOrganization" w:isReference="false"/>
    <w:ElementInType w:minOccurs="0" w:maxOccurs="unbounded"
      w:name="nc:BiometricStatus" w:isReference="false"/>
    <w:ElementInType w:minOccurs="0" w:maxOccurs="unbounded"
      w:name="nc:BiometricTestDate" w:isReference="false"/>
    <w:ElementInType w:minOccurs="0" w:maxOccurs="unbounded"
      w:name="nc:BiometricTestDescriptionText" w:isReference="false"/>
    <w:ElementInType w:minOccurs="0" w:maxOccurs="unbounded"
      w:name="nc:BiometricTestMethodText" w:isReference="false"/>
    <w:ElementInType w:minOccurs="0" w:maxOccurs="unbounded"
      w:name="nc:BiometricTester" w:isReference="false"/>
    <w:ElementInType w:minOccurs="0" w:maxOccurs="unbounded"
      w:name="nc:BiometricValueText" w:isReference="false"/>
  </w:Type>
  <w:Type w:name="nc:CaseType" w:isRequested="false">
    <w:ElementInType w:minOccurs="0" w:maxOccurs="unbounded"
      w:name="nc:CaseDocketID" w:isReference="false"/>
    <w:ElementInType w:minOccurs="0" w:maxOccurs="unbounded"
      w:name="nc:CaseTitleText" w:isReference="false"/>
  </w:Type>
  <w:Type w:name="nc:CommercialVehicleType" w:isRequested="false">
    <w:ElementInType w:minOccurs="0" w:maxOccurs="unbounded"
      w:name="nc:VehicleCurrentWeightMeasure" w:isReference="false"/>
  </w:Type>
  <w:Type w:name="nc:ContactInformationType" w:isRequested="false">
    <w:ElementInType w:minOccurs="0" w:maxOccurs="unbounded"
      w:name="nc:ContactMeans" w:isReference="false"/>
  </w:Type>
  <w:Type w:name="nc:ConveyanceRegistrationType" w:isRequested="false">
    <w:ElementInType w:minOccurs="0" w:maxOccurs="unbounded"
      w:name="nc:ConveyanceRegistrationPlateCategory" w:isReference="false"/>
    <w:ElementInType w:minOccurs="0" w:maxOccurs="unbounded"
      w:name="nc:ConveyanceRegistrationPlateIdentification" w:isReference="false"/>
  </w:Type>
  <w:Type w:name="nc:ConveyanceType" w:isRequested="false">
    <w:ElementInType w:minOccurs="0" w:maxOccurs="unbounded"
      w:name="nc:ConveyanceUse" w:isReference="false"/>
  </w:Type>
  <w:Type w:name="nc:DNALocusType" w:isRequested="false">
    <w:ElementInType w:minOccurs="0" w:maxOccurs="unbounded"
      w:name="nc:DNALocusCategoryText" w:isReference="false"/>
    <w:ElementInType w:minOccurs="0" w:maxOccurs="unbounded"
      w:name="nc:DNALocusValue" w:isReference="false"/>
  </w:Type>
  <w:Type w:name="nc:DNAType" w:isRequested="false">
    <w:ElementInType w:minOccurs="0" w:maxOccurs="unbounded"
      w:name="nc:DNAImage" w:isReference="false"/>
    <w:ElementInType w:minOccurs="0" w:maxOccurs="unbounded"
      w:name="nc:DNALocus" w:isReference="false"/>
  </w:Type>
  <w:Type w:name="nc:DateRangeType" w:isRequested="false">
    <w:ElementInType w:minOccurs="0" w:maxOccurs="unbounded"
      w:name="nc:EndDate" w:isReference="false"/>
    <w:ElementInType w:minOccurs="0" w:maxOccurs="unbounded"
      w:name="nc:StartDate" w:isReference="false"/>
  </w:Type>
  <w:Type w:name="nc:DateType" w:isRequested="false">
    <w:ElementInType w:minOccurs="0" w:maxOccurs="unbounded"
      w:name="nc:DateRepresentation" w:isReference="false"/>
  </w:Type>
  <w:Type w:name="nc:DispositionType" w:isRequested="false">
    <w:ElementInType w:minOccurs="0" w:maxOccurs="unbounded"
      w:name="nc:DispositionCategoryText" w:isReference="false"/>
    <w:ElementInType w:minOccurs="0" w:maxOccurs="unbounded"
      w:name="nc:DispositionDate" w:isReference="false"/>
    <w:ElementInType w:minOccurs="0" w:maxOccurs="unbounded"
      w:name="nc:DispositionText" w:isReference="false"/>
  </w:Type>
  <w:Type w:name="nc:DocumentType" w:isRequested="true">
    <w:ElementInType w:minOccurs="0" w:maxOccurs="unbounded"
      w:name="nc:DocumentCategoryText" w:isReference="false"/>
    <w:ElementInType w:minOccurs="0" w:maxOccurs="unbounded"
      w:name="nc:DocumentExpirationDate" w:isReference="false"/>
    <w:ElementInType w:minOccurs="0" w:maxOccurs="unbounded"
      w:name="nc:DocumentStatus" w:isReference="false"/>
  </w:Type>
  <w:Type w:name="nc:DriverLicenseBaseType" w:isRequested="false">
    <w:ElementInType w:minOccurs="0" w:maxOccurs="unbounded"
      w:name="nc:DriverLicenseIdentification" w:isReference="false"/>
    <w:ElementInType w:minOccurs="0" w:maxOccurs="unbounded"
      w:name="nc:DriverLicenseIssueDate" w:isReference="false"/>
  </w:Type>
  <w:Type w:name="nc:DriverLicenseType" w:isRequested="false">
    <w:ElementInType w:minOccurs="0" w:maxOccurs="unbounded"
      w:name="nc:DriverLicenseCommercialStatus" w:isReference="false"/>
    <w:ElementInType w:minOccurs="0" w:maxOccurs="unbounded"
      w:name="nc:DriverLicenseNonCommercialStatus" w:isReference="false"/>
  </w:Type>
  <w:Type w:name="nc:EntityType" w:isRequested="true">
    <w:ElementInType w:minOccurs="0" w:maxOccurs="unbounded"
      w:name="nc:EntityRepresentation" w:isReference="false"/>
  </w:Type>
  <w:Type w:name="nc:FullTelephoneNumberType" w:isRequested="false">
    <w:ElementInType w:minOccurs="0" w:maxOccurs="unbounded"
      w:name="nc:TelephoneNumberFullID" w:isReference="false"/>
    <w:ElementInType w:minOccurs="0" w:maxOccurs="unbounded"
      w:name="nc:TelephoneSuffixID" w:isReference="false"/>
  </w:Type>
  <w:Type w:name="nc:IdentificationType" w:isRequested="false">
    <w:ElementInType w:minOccurs="0" w:maxOccurs="unbounded"
      w:name="nc:IdentificationCategory" w:isReference="false"/>
    <w:ElementInType w:minOccurs="0" w:maxOccurs="unbounded"
      w:name="nc:IdentificationExpirationDate" w:isReference="false"/>
    <w:ElementInType w:minOccurs="0" w:maxOccurs="unbounded"
      w:name="nc:IdentificationID" w:isReference="false"/>
    <w:ElementInType w:minOccurs="0" w:maxOccurs="unbounded"
      w:name="nc:IdentificationJurisdiction" w:isReference="false"/>
    <w:ElementInType w:minOccurs="0" w:maxOccurs="unbounded"
      w:name="nc:IdentificationSourceText" w:isReference="false"/>
  </w:Type>
  <w:Type w:name="nc:InternationalTelephoneNumberType" w:isRequested="false">
    <w:ElementInType w:minOccurs="0" w:maxOccurs="unbounded"
      w:name="nc:TelephoneCountryCodeID" w:isReference="false"/>
  </w:Type>
  <w:Type w:name="nc:ItemRegistrationAssociationType" w:isRequested="false">
    <w:ElementInType w:minOccurs="0" w:maxOccurs="unbounded"
      w:name="nc:Item" w:isReference="true"/>
    <w:ElementInType w:minOccurs="0" w:maxOccurs="unbounded"
      w:name="nc:ItemRegistration" w:isReference="true"/>
  </w:Type>
  <w:Type w:name="nc:ItemRegistrationType" w:isRequested="false">
    <w:ElementInType w:minOccurs="0" w:maxOccurs="unbounded"
      w:name="nc:LocationCountry" w:isReference="false"/>
    <w:ElementInType w:minOccurs="0" w:maxOccurs="unbounded"
      w:name="nc:LocationCounty" w:isReference="false"/>
    <w:ElementInType w:minOccurs="0" w:maxOccurs="unbounded"
      w:name="nc:RegistrationExpirationDate" w:isReference="false"/>
    <w:ElementInType w:minOccurs="0" w:maxOccurs="unbounded"
      w:name="nc:RegistrationJurisdiction" w:isReference="false"/>
  </w:Type>
  <w:Type w:name="nc:ItemType" w:isRequested="false">
    <w:ElementInType w:minOccurs="0" w:maxOccurs="unbounded"
      w:name="nc:ItemPossessionDescriptionText" w:isReference="false"/>
    <w:ElementInType w:minOccurs="0" w:maxOccurs="unbounded"
      w:name="nc:ItemPossessor" w:isReference="false"/>
  </w:Type>
  <w:Type w:name="nc:JurisdictionType" w:isRequested="true">
    <w:ElementInType w:minOccurs="0" w:maxOccurs="unbounded"
      w:name="nc:JurisdictionIdentification" w:isReference="false"/>
    <w:ElementInType w:minOccurs="0" w:maxOccurs="unbounded"
      w:name="nc:LocationCityName" w:isReference="false"/>
    <w:ElementInType w:minOccurs="0" w:maxOccurs="unbounded"
      w:name="nc:LocationCountry" w:isReference="false"/>
    <w:ElementInType w:minOccurs="0" w:maxOccurs="unbounded"
      w:name="nc:LocationCounty" w:isReference="false"/>
    <w:ElementInType w:minOccurs="0" w:maxOccurs="unbounded"
      w:name="nc:LocationState" w:isReference="false"/>
  </w:Type>
  <w:Type w:name="nc:LengthMeasureType" w:isRequested="true"/>
  <w:Type w:name="nc:LocaleType" w:isRequested="false">
    <w:ElementInType w:minOccurs="0" w:maxOccurs="unbounded"
      w:name="nc:LocaleDistrictName" w:isReference="false"/>
  </w:Type>
  <w:Type w:name="nc:LocationType" w:isRequested="false">
    <w:ElementInType w:minOccurs="0" w:maxOccurs="unbounded"
      w:name="nc:LocationAddress" w:isReference="false"/>
    <w:ElementInType w:minOccurs="0" w:maxOccurs="unbounded"
      w:name="nc:LocationDescriptionText" w:isReference="false"/>
    <w:ElementInType w:minOccurs="0" w:maxOccurs="unbounded"
      w:name="nc:LocationLocale" w:isReference="false"/>
    <w:ElementInType w:minOccurs="0" w:maxOccurs="unbounded"
      w:name="nc:LocationName" w:isReference="false"/>
  </w:Type>
  <w:Type w:name="nc:MeasureType" w:isRequested="true">
    <w:ElementInType w:minOccurs="0" w:maxOccurs="unbounded"
      w:name="nc:MeasureValue" w:isReference="false"/>
  </w:Type>
  <w:Type w:name="nc:MedicalConditionType" w:isRequested="false">
    <w:ElementInType w:minOccurs="0" w:maxOccurs="unbounded"
      w:name="nc:MedicalConditionCauseText" w:isReference="false"/>
    <w:ElementInType w:minOccurs="0" w:maxOccurs="unbounded"
      w:name="nc:MedicalConditionDescriptionText" w:isReference="false"/>
    <w:ElementInType w:minOccurs="0" w:maxOccurs="unbounded"
      w:name="nc:MedicalConditionPresentIndicator" w:isReference="false"/>
    <w:ElementInType w:minOccurs="0" w:maxOccurs="unbounded"
      w:name="nc:MedicalConditionSeverityText" w:isReference="false"/>
    <w:ElementInType w:minOccurs="0" w:maxOccurs="unbounded"
      w:name="nc:MedicalConditionText" w:isReference="false"/>
  </w:Type>
  <w:Type w:name="nc:MetadataType" w:isRequested="false">
    <w:ElementInType w:minOccurs="0" w:maxOccurs="unbounded"
      w:name="nc:CommentText" w:isReference="false"/>
    <w:ElementInType w:minOccurs="0" w:maxOccurs="unbounded"
      w:name="nc:LastUpdatedDate" w:isReference="false"/>
    <w:ElementInType w:minOccurs="0" w:maxOccurs="unbounded"
      w:name="nc:SourceText" w:isReference="false"/>
  </w:Type>
  <w:Type w:name="nc:MilitarySummaryType" w:isRequested="false">
    <w:ElementInType w:minOccurs="0" w:maxOccurs="unbounded"
      w:name="nc:MilitaryServiceActiveIndicator" w:isReference="false"/>
    <w:ElementInType w:minOccurs="0" w:maxOccurs="unbounded"
      w:name="nc:MilitaryStatus" w:isReference="false"/>
  </w:Type>
  <w:Type w:name="nc:NANPTelephoneNumberType" w:isRequested="false">
    <w:ElementInType w:minOccurs="0" w:maxOccurs="unbounded"
      w:name="nc:TelephoneAreaCodeID" w:isReference="false"/>
  </w:Type>
  <w:Type w:name="nc:ObligationType" w:isRequested="false">
    <w:ElementInType w:minOccurs="0" w:maxOccurs="unbounded"
      w:name="nc:ObligationCategoryText" w:isReference="false"/>
    <w:ElementInType w:minOccurs="0" w:maxOccurs="unbounded"
      w:name="nc:ObligationDueDate" w:isReference="false"/>
    <w:ElementInType w:minOccurs="0" w:maxOccurs="unbounded"
      w:name="nc:ObligationRequirementDescriptionText" w:isReference="false"/>
  </w:Type>
  <w:Type w:name="nc:OrganizationContactInformationAssociationType" w:isRequested="false">
    <w:ElementInType w:minOccurs="0" w:maxOccurs="unbounded"
      w:name="nc:ContactInformationIsPrimaryIndicator" w:isReference="false"/>
  </w:Type>
  <w:Type w:name="nc:OrganizationType" w:isRequested="false">
    <w:ElementInType w:minOccurs="0" w:maxOccurs="unbounded"
      w:name="nc:OrganizationBranchName" w:isReference="false"/>
    <w:ElementInType w:minOccurs="0" w:maxOccurs="unbounded"
      w:name="nc:OrganizationIdentification" w:isReference="false"/>
    <w:ElementInType w:minOccurs="0" w:maxOccurs="unbounded"
      w:name="nc:OrganizationLocalIdentification" w:isReference="false"/>
    <w:ElementInType w:minOccurs="0" w:maxOccurs="unbounded"
      w:name="nc:OrganizationLocation" w:isReference="false"/>
    <w:ElementInType w:minOccurs="0" w:maxOccurs="unbounded"
      w:name="nc:OrganizationName" w:isReference="false"/>
    <w:ElementInType w:minOccurs="0" w:maxOccurs="unbounded"
      w:name="nc:OrganizationPrimaryContactInformation" w:isReference="false"/>
    <w:ElementInType w:minOccurs="0" w:maxOccurs="unbounded"
      w:name="nc:OrganizationUnitName" w:isReference="false"/>
  </w:Type>
  <w:Type w:name="nc:PassportType" w:isRequested="false">
    <w:ElementInType w:minOccurs="0" w:maxOccurs="unbounded"
      w:name="nc:PassportNumberIdentification" w:isReference="false"/>
    <w:ElementInType w:minOccurs="0" w:maxOccurs="unbounded"
      w:name="nc:PersonCitizenship" w:isReference="false"/>
  </w:Type>
  <w:Type w:name="nc:PersonAssociationType" w:isRequested="false">
    <w:ElementInType w:minOccurs="0" w:maxOccurs="unbounded"
      w:name="nc:Person" w:isReference="true"/>
  </w:Type>
  <w:Type w:name="nc:PersonContactInformationAssociationType" w:isRequested="false">
    <w:ElementInType w:minOccurs="0" w:maxOccurs="unbounded"
      w:name="nc:ContactInformation" w:isReference="true"/>
    <w:ElementInType w:minOccurs="0" w:maxOccurs="unbounded"
      w:name="nc:ContactInformationIsPrimaryIndicator" w:isReference="false"/>
    <w:ElementInType w:minOccurs="0" w:maxOccurs="unbounded"
      w:name="nc:Person" w:isReference="true"/>
  </w:Type>
  <w:Type w:name="nc:PersonEmploymentAssociationType" w:isRequested="false">
    <w:ElementInType w:minOccurs="0" w:maxOccurs="unbounded"
      w:name="nc:Employee" w:isReference="true"/>
    <w:ElementInType w:minOccurs="0" w:maxOccurs="unbounded"
      w:name="nc:EmployeeIdentification" w:isReference="false"/>
    <w:ElementInType w:minOccurs="0" w:maxOccurs="unbounded"
      w:name="nc:EmployeePositionName" w:isReference="false"/>
    <w:ElementInType w:minOccurs="0" w:maxOccurs="unbounded"
      w:name="nc:Employer" w:isReference="false"/>
    <w:ElementInType w:minOccurs="0" w:maxOccurs="unbounded"
      w:name="nc:EmploymentLocation" w:isReference="true"/>
  </w:Type>
  <w:Type w:name="nc:PersonLanguageType" w:isRequested="false">
    <w:ElementInType w:minOccurs="0" w:maxOccurs="unbounded"
      w:name="nc:Language" w:isReference="false"/>
  </w:Type>
  <w:Type w:name="nc:PersonLocationAssociationType" w:isRequested="false">
    <w:ElementInType w:minOccurs="0" w:maxOccurs="unbounded"
      w:name="nc:Location" w:isReference="true"/>
    <w:ElementInType w:minOccurs="0" w:maxOccurs="unbounded"
      w:name="nc:Person" w:isReference="true"/>
  </w:Type>
  <w:Type w:name="nc:PersonNameTextType" w:isRequested="true"/>
  <w:Type w:name="nc:PersonNameType" w:isRequested="false">
    <w:AttributeInType w:name="nc:personNameCommentText"/>
    <w:ElementInType w:minOccurs="0" w:maxOccurs="unbounded"
      w:name="nc:PersonFullName" w:isReference="false"/>
    <w:ElementInType w:minOccurs="0" w:maxOccurs="unbounded"
      w:name="nc:PersonGivenName" w:isReference="false"/>
    <w:ElementInType w:minOccurs="0" w:maxOccurs="unbounded"
      w:name="nc:PersonMiddleName" w:isReference="false"/>
    <w:ElementInType w:minOccurs="0" w:maxOccurs="unbounded"
      w:name="nc:PersonNamePrefixText" w:isReference="false"/>
    <w:ElementInType w:minOccurs="0" w:maxOccurs="unbounded"
      w:name="nc:PersonNameSuffixText" w:isReference="false"/>
    <w:ElementInType w:minOccurs="0" w:maxOccurs="unbounded"
      w:name="nc:PersonSurName" w:isReference="false"/>
  </w:Type>
  <w:Type w:name="nc:PersonType" w:isRequested="false">
    <w:ElementInType w:minOccurs="0" w:maxOccurs="unbounded"
      w:name="nc:PersonAgeMeasure" w:isReference="false"/>
    <w:ElementInType w:minOccurs="0" w:maxOccurs="unbounded"
      w:name="nc:PersonAlternateName" w:isReference="false"/>
    <w:ElementInType w:minOccurs="0" w:maxOccurs="unbounded"
      w:name="nc:PersonBirthDate" w:isReference="false"/>
    <w:ElementInType w:minOccurs="0" w:maxOccurs="unbounded"
      w:name="nc:PersonCitizenship" w:isReference="false"/>
    <w:ElementInType w:minOccurs="0" w:maxOccurs="unbounded"
      w:name="nc:PersonDigitalImage" w:isReference="false"/>
    <w:ElementInType w:minOccurs="0" w:maxOccurs="unbounded"
      w:name="nc:PersonDigitizedSignatureImage" w:isReference="false"/>
    <w:ElementInType w:minOccurs="0" w:maxOccurs="unbounded"
      w:name="nc:PersonEthnicity" w:isReference="false"/>
    <w:ElementInType w:minOccurs="0" w:maxOccurs="unbounded"
      w:name="nc:PersonEyeColor" w:isReference="false"/>
    <w:ElementInType w:minOccurs="0" w:maxOccurs="unbounded"
      w:name="nc:PersonHairColor" w:isReference="false"/>
    <w:ElementInType w:minOccurs="0" w:maxOccurs="unbounded"
      w:name="nc:PersonHeightMeasure" w:isReference="false"/>
    <w:ElementInType w:minOccurs="0" w:maxOccurs="unbounded"
      w:name="nc:PersonMedicalCondition" w:isReference="false"/>
    <w:ElementInType w:minOccurs="0" w:maxOccurs="unbounded"
      w:name="nc:PersonMilitarySummary" w:isReference="false"/>
    <w:ElementInType w:minOccurs="0" w:maxOccurs="unbounded"
      w:name="nc:PersonName" w:isReference="false"/>
    <w:ElementInType w:minOccurs="0" w:maxOccurs="unbounded"
      w:name="nc:PersonOtherIdentification" w:isReference="false"/>
    <w:ElementInType w:minOccurs="0" w:maxOccurs="unbounded"
      w:name="nc:PersonPhysicalFeature" w:isReference="false"/>
    <w:ElementInType w:minOccurs="0" w:maxOccurs="unbounded"
      w:name="nc:PersonPrimaryLanguage" w:isReference="false"/>
    <w:ElementInType w:minOccurs="0" w:maxOccurs="unbounded"
      w:name="nc:PersonRace" w:isReference="false"/>
    <w:ElementInType w:minOccurs="0" w:maxOccurs="unbounded"
      w:name="nc:PersonSSNIdentification" w:isReference="false"/>
    <w:ElementInType w:minOccurs="0" w:maxOccurs="unbounded"
      w:name="nc:PersonSex" w:isReference="false"/>
    <w:ElementInType w:minOccurs="0" w:maxOccurs="unbounded"
      w:name="nc:PersonSkinTone" w:isReference="false"/>
    <w:ElementInType w:minOccurs="0" w:maxOccurs="unbounded"
      w:name="nc:PersonStateIdentification" w:isReference="false"/>
    <w:ElementInType w:minOccurs="0" w:maxOccurs="unbounded"
      w:name="nc:PersonWeightMeasure" w:isReference="false"/>
  </w:Type>
  <w:Type w:name="nc:PhysicalFeatureType" w:isRequested="false">
    <w:ElementInType w:minOccurs="0" w:maxOccurs="unbounded"
      w:name="nc:PhysicalFeatureCategory" w:isReference="false"/>
    <w:ElementInType w:minOccurs="0" w:maxOccurs="unbounded"
      w:name="nc:PhysicalFeatureImage" w:isReference="false"/>
    <w:ElementInType w:minOccurs="0" w:maxOccurs="unbounded"
      w:name="nc:PhysicalFeatureLocationText" w:isReference="false"/>
  </w:Type>
  <w:Type w:name="nc:StatusType" w:isRequested="false">
    <w:ElementInType w:minOccurs="0" w:maxOccurs="unbounded"
      w:name="nc:StatusDate" w:isReference="false"/>
    <w:ElementInType w:minOccurs="0" w:maxOccurs="unbounded"
      w:name="nc:StatusDescriptionText" w:isReference="false"/>
    <w:ElementInType w:minOccurs="0" w:maxOccurs="unbounded"
      w:name="nc:StatusIssuerIdentification" w:isReference="false"/>
    <w:ElementInType w:minOccurs="0" w:maxOccurs="unbounded"
      w:name="nc:StatusIssuerText" w:isReference="false"/>
    <w:ElementInType w:minOccurs="0" w:maxOccurs="unbounded"
      w:name="nc:StatusText" w:isReference="false"/>
  </w:Type>
  <w:Type w:name="nc:StreetType" w:isRequested="false">
    <w:ElementInType w:minOccurs="0" w:maxOccurs="unbounded"
      w:name="nc:StreetName" w:isReference="false"/>
    <w:ElementInType w:minOccurs="0" w:maxOccurs="unbounded"
      w:name="nc:StreetNumberText" w:isReference="false"/>
    <w:ElementInType w:minOccurs="0" w:maxOccurs="unbounded"
      w:name="nc:StreetPostdirectionalText" w:isReference="false"/>
    <w:ElementInType w:minOccurs="0" w:maxOccurs="unbounded"
      w:name="nc:StreetPredirectionalText" w:isReference="false"/>
  </w:Type>
  <w:Type w:name="nc:StructuredAddressType" w:isRequested="false">
    <w:ElementInType w:minOccurs="0" w:maxOccurs="unbounded"
      w:name="nc:AddressDeliveryPoint" w:isReference="false"/>
    <w:ElementInType w:minOccurs="0" w:maxOccurs="unbounded"
      w:name="nc:LocationCityName" w:isReference="false"/>
    <w:ElementInType w:minOccurs="0" w:maxOccurs="unbounded"
      w:name="nc:LocationCountry" w:isReference="false"/>
    <w:ElementInType w:minOccurs="0" w:maxOccurs="unbounded"
      w:name="nc:LocationCounty" w:isReference="false"/>
    <w:ElementInType w:minOccurs="0" w:maxOccurs="unbounded"
      w:name="nc:LocationPostalCode" w:isReference="false"/>
    <w:ElementInType w:minOccurs="0" w:maxOccurs="unbounded"
      w:name="nc:LocationPostalExtensionCode" w:isReference="false"/>
    <w:ElementInType w:minOccurs="0" w:maxOccurs="unbounded"
      w:name="nc:LocationState" w:isReference="false"/>
  </w:Type>
  <w:Type w:name="nc:TangibleItemType" w:isRequested="false">
    <w:ElementInType w:minOccurs="0" w:maxOccurs="unbounded"
      w:name="nc:ItemColor" w:isReference="false"/>
    <w:ElementInType w:minOccurs="0" w:maxOccurs="unbounded"
      w:name="nc:ItemModelYearDate" w:isReference="false"/>
    <w:ElementInType w:minOccurs="0" w:maxOccurs="unbounded"
      w:name="nc:ItemStyle" w:isReference="false"/>
  </w:Type>
  <w:Type w:name="nc:TelephoneNumberType" w:isRequested="false">
    <w:ElementInType w:minOccurs="0" w:maxOccurs="unbounded"
      w:name="nc:TelephoneNumberRepresentation" w:isReference="false"/>
  </w:Type>
  <w:Type w:name="nc:TextType" w:isRequested="true"/>
  <w:Type w:name="nc:TimeMeasureType" w:isRequested="true"/>
  <w:Type w:name="nc:VehicleType" w:isRequested="false">
    <w:ElementInType w:minOccurs="0" w:maxOccurs="unbounded"
      w:name="nc:ItemOwnershipCategoryText" w:isReference="false"/>
    <w:ElementInType w:minOccurs="0" w:maxOccurs="unbounded"
      w:name="nc:VehicleIdentification" w:isReference="false"/>
    <w:ElementInType w:minOccurs="0" w:maxOccurs="unbounded"
      w:name="nc:VehicleMakeCode" w:isReference="false"/>
    <w:ElementInType w:minOccurs="0" w:maxOccurs="unbounded"
      w:name="nc:VehicleModelCode" w:isReference="false"/>
  </w:Type>
  <w:Type w:name="nc:WeightMeasureType" w:isRequested="true"/>
  <w:Type w:name="scr:VisaType" w:isRequested="false">
    <w:ElementInType w:minOccurs="0" w:maxOccurs="unbounded"
      w:name="scr:VisaNumberID" w:isReference="false"/>
  </w:Type>
</w:WantList>
