<?xml version="1.0" encoding="UTF-8"?>
<!--
    LEXS version  : 3.1.4
    Description   : Sample doPublish Payload instance for Gang IEPD
    Version       : 1
-->
<gang:InformationReport xmlns:gang="http://fbi.gov/cjis/N-DEx/IncarcerationBookingProbationParole/2.2"
 xmlns:nc="http://niem.gov/niem/niem-core/2.0" xmlns:j="http://niem.gov/niem/domains/jxdm/4.0" xmlns:im="http://niem.gov/niem/domains/immigration/2.0" xmlns:lexs="http://usdoj.gov/leisp/lexs/3.1" xmlns:lexslib="http://usdoj.gov/leisp/lexs/library/3.1" xmlns:lexsdigest="http://usdoj.gov/leisp/lexs/digest/3.1" xmlns:lexspd="http://usdoj.gov/leisp/lexs/publishdiscover/3.1" xmlns:s="http://niem.gov/niem/structures/2.0" xmlns:ansi-nist="http://niem.gov/niem/ansi-nist/2.0" xmlns:xsi="http://www.w3.org/2001/XMLSchema-instance" xsi:schemaLocation="http://fbi.gov/cjis/N-DEx/IncarcerationBookingProbationParole/2.2 ../xsd/ndexibp2/ndexibp2/2.2/ndexibp2.xsd">
	<!--================  Person 1 - Subject  =======-->
	<gang:Person>
		<gang:PersonAlternateName>
			<j:PersonNameAugmentation j:personNameCategoryCode="moniker"/>
			<gang:PersonNameAugmentation>
				<lexslib:SameAsDigestReference lexslib:ref="Moniker1"/>
			</gang:PersonNameAugmentation>
		</gang:PersonAlternateName>
		<gang:PersonAlternateName>
			<!--Subject.Alias Name Suffix-->
			<nc:PersonNameSuffixText>II</nc:PersonNameSuffixText>
			<j:PersonNameAugmentation j:personNameCategoryCode="alias"/>
			<gang:PersonNameAugmentation>
				<lexslib:SameAsDigestReference lexslib:ref="Alias1"/>
			</gang:PersonNameAugmentation>
		</gang:PersonAlternateName>
		<!--Subject.Weight Description-->
		<nc:PersonBuildText>Stocky</nc:PersonBuildText>
		<!--Subject.Ethnicity Code-->
		<nc:PersonEthnicityCode>H</nc:PersonEthnicityCode>
		<!--Subject.Ethnicity Text (commented out because only one of code/text allowed) -->
		<!--<nc:PersonEthnicityText>Some ethnicity text</nc:PersonEthnicityText>-->
		<nc:PersonName>
			<!--Subject.Name Suffix-->
			<nc:PersonNameSuffixText>Jr.</nc:PersonNameSuffixText>
		</nc:PersonName>
		<gang:PersonPhysicalFeature>
			<!--Subject.Scars, Marks, Tattoos Type Code-->
			<nc:PhysicalFeatureCategoryCode>MISS L FGR</nc:PhysicalFeatureCategoryCode>
			<!--Subject.Scars, Marks, Tattoos Type Text (commented out because only one of code/text allowed) -->
			<!--<nc:PhysicalFeatureCategoryText>Missing left finger</nc:PhysicalFeatureCategoryText>-->
			<gang:PhysicalFeatureAugmentation>
			   <gang:PhysicalFeatureImage>
				  <ansi-nist:PhysicalFeatureDescriptionDetail>
					 <!--Subject.Scars, Marks, Tattoos Description-->
					 <ansi-nist:PhysicalFeatureDescriptionText>Left finger amputated, scar.</ansi-nist:PhysicalFeatureDescriptionText>
				  </ansi-nist:PhysicalFeatureDescriptionDetail>
			   </gang:PhysicalFeatureImage>
			</gang:PhysicalFeatureAugmentation>
		</gang:PersonPhysicalFeature>
		<j:PersonAugmentation>
			<!--Subject.NCIC Record Number-->
			<j:PersonNCICIdentification>
			   <nc:IdentificationID>34534095834</nc:IdentificationID>
			</j:PersonNCICIdentification>
		</j:PersonAugmentation>
		<gang:PersonAugmentation>
			<lexslib:SameAsDigestReference lexslib:ref="Person1"/>
		</gang:PersonAugmentation>
	</gang:Person>
	<gang:Location>
		<nc:LocationAddress>
			<nc:StructuredAddress>
				<!-- Subject.Home Address County-->
				<nc:LocationCountyName>Los Angeles</nc:LocationCountyName>
			</nc:StructuredAddress>
		</nc:LocationAddress>
		<gang:LocationAugmentation>
			<lexslib:SameAsDigestReference lexslib:ref="Loc2"/>
		</gang:LocationAugmentation>
	</gang:Location>
	<!--==============  Case Agency  ==========-->
	<gang:Organization>
		<j:OrganizationAugmentation>
			<!-- Subject.Case Originating Agency Identifier -->
			<j:OrganizationORIIdentification>
				<nc:IdentificationID>CA235111J</nc:IdentificationID>
			</j:OrganizationORIIdentification>
		</j:OrganizationAugmentation>
		<gang:OrganizationAugmentation>
			<lexslib:SameAsDigestReference lexslib:ref="CaseAgency1"/>
		</gang:OrganizationAugmentation>
	</gang:Organization>
	<gang:CriminalAssociateAssociation>
	   <!--Subject.Associate, Relationship Type-->
	   <gang:RelationshipDescriptionText>Fellow gang member</gang:RelationshipDescriptionText>
	   <gang:CriminalAssociateAssociationAugmentation>
		  <lexslib:SameAsDigestReference lexslib:ref="SubjectAssociate1"/>
	   </gang:CriminalAssociateAssociationAugmentation>
	</gang:CriminalAssociateAssociation>
	<gang:FamilyAssociation>
	   <gang:FamilyAssociationAugmentation>
		  <lexslib:SameAsDigestReference lexslib:ref="SubjectAssociate2"/>
			<!--Subject.Associate, Relationship Type-->
		  <gang:RelationshipDescriptionText>Wife</gang:RelationshipDescriptionText>
	   </gang:FamilyAssociationAugmentation>
	</gang:FamilyAssociation>
</gang:InformationReport>
