<?xml version="1.0" encoding="UTF-8"?>
<!--
    LEXS version  : 3.1.4
    Description   : Sample doPublish delete instance for Gang IEPD
    Version       : 1
-->
<lexspd:doPublish xmlns:nc="http://niem.gov/niem/niem-core/2.0" xmlns:j="http://niem.gov/niem/domains/jxdm/4.0" xmlns:lexs="http://usdoj.gov/leisp/lexs/3.1" xmlns:lexsdigest="http://usdoj.gov/leisp/lexs/digest/3.1" xmlns:lexspd="http://usdoj.gov/leisp/lexs/publishdiscover/3.1" xmlns:s="http://niem.gov/niem/structures/2.0" xmlns:xsi="http://www.w3.org/2001/XMLSchema-instance" xsi:schemaLocation="http://usdoj.gov/leisp/lexs/publishdiscover/3.1 ../xsd/lexs/publish-discover/3.1/publish-discover.xsd">
	<lexs:PublishMessageContainer>
		<lexs:PublishMessage>
			<lexs:PDMessageMetadata>
				<lexs:LEXSVersion>3.1.4</lexs:LEXSVersion>
				<lexs:MessageDateTime>2009-12-15T09:30:47.0Z</lexs:MessageDateTime>
				<lexs:MessageSequenceNumber>11</lexs:MessageSequenceNumber>
			</lexs:PDMessageMetadata>
			<lexs:DataSubmitterMetadata>
				<lexs:SystemIdentifier>
					<nc:OrganizationName>Los Angeles Police Department</nc:OrganizationName>
					<lexs:SystemID>SysC</lexs:SystemID>
				</lexs:SystemIdentifier>
				<lexs:SystemContact>
					<nc:PersonGivenName>Michael</nc:PersonGivenName>
					<nc:PersonSurName>Park</nc:PersonSurName>
					<nc:ContactTelephoneNumber>
						<nc:FullTelephoneNumber>
							<nc:TelephoneNumberFullID>302-555-5555 x6</nc:TelephoneNumberFullID>
						</nc:FullTelephoneNumber>
					</nc:ContactTelephoneNumber>
				</lexs:SystemContact>
			</lexs:DataSubmitterMetadata>
			<lexs:DataItemPackage>
				<lexs:PackageMetadata>
					<lexs:DataItemID>12345679</lexs:DataItemID>
						<!-- DataItemContact is mandatory, at least one must be provided and there can be more than one -->
						<lexs:DataItemContact>
						<nc:PersonSurName>See full name</nc:PersonSurName>
						<!-- Subject.Contact Name Full -->
						<nc:PersonFullName>David Jackson</nc:PersonFullName>
					    <!-- Subject.Contact Email -->
					    <nc:ContactEmailID s:id="Email1">jones@lapd.gov</nc:ContactEmailID>
						<nc:ContactTelephoneNumber>
							<nc:FullTelephoneNumber>
								<!-- Subject.Contact Telephone Voice Number -->
								<nc:TelephoneNumberFullID>333-444-5555 x6</nc:TelephoneNumberFullID>
							</nc:FullTelephoneNumber>
						</nc:ContactTelephoneNumber>
						<nc:ContactFaxNumber>
							<nc:FullTelephoneNumber>
								<!-- Subject.Contact Telephone Fax Number -->
								<nc:TelephoneNumberFullID>908-555-1211</nc:TelephoneNumberFullID>
							</nc:FullTelephoneNumber>
						</nc:ContactFaxNumber>
						<nc:ContactMobileTelephoneNumber>
							<nc:FullTelephoneNumber>
								<!-- Subject.Contact Telephone Cell Number -->
								<nc:TelephoneNumberFullID>908-555-1213</nc:TelephoneNumberFullID>
							</nc:FullTelephoneNumber>
						</nc:ContactMobileTelephoneNumber>
						<!-- Subject.Contact Agency Name -->
						<nc:OrganizationName>Los Angeles Police Department</nc:OrganizationName>
						<lexs:DomainAttribute>
						   <lexs:Domain>Gangs</lexs:Domain>
							<!-- Subject.Contact Agency Type Description -->
							<nc:OrganizationCategoryText>Police</nc:OrganizationCategoryText>
						</lexs:DomainAttribute>
						<lexs:DomainAttribute>
						   <lexs:Domain>Gangs</lexs:Domain>
							<!-- Subject.Contact Agency Address Full -->
							<nc:AddressFullText>1235 Police Blvd, Los Angeles, CA 22222</nc:AddressFullText>
						</lexs:DomainAttribute>
						<lexs:DomainAttribute>
						   <lexs:Domain>Gangs</lexs:Domain>
							<!-- Subject.Contact Agency Identifier -->
							<j:OrganizationORIIdentification>
								<nc:IdentificationID>CA235023J</nc:IdentificationID>
							</j:OrganizationORIIdentification>
						</lexs:DomainAttribute>
					</lexs:DataItemContact>
					<lexs:DataItemDate>2006-12-13</lexs:DataItemDate>
					<!-- DataItemReferenceID may be the same as the DataItemID, or may be a more human-readable version of DataItemID -->
					<lexs:DataItemReferenceID>1912345678</lexs:DataItemReferenceID>
					<lexs:DataItemPublishInstruction>Delete</lexs:DataItemPublishInstruction>
					<lexs:DataItemStatus>Closed_Case</lexs:DataItemStatus>
					<!--=======================  Data Owner Metadata  =======================-->
					<lexs:DataOwnerMetadata>
						<lexs:DataOwnerIdentifier>
							<lexs:OriginatingAgencyID>DD1234567</lexs:OriginatingAgencyID>
							<nc:OrganizationName>Los Angeles County Sheriff's Department</nc:OrganizationName>
							<lexs:SystemID>SysD</lexs:SystemID>
						</lexs:DataOwnerIdentifier>
						<lexs:DataOwnerContact>
							<nc:PersonGivenName>Will</nc:PersonGivenName>
							<nc:PersonSurName>Dee</nc:PersonSurName>
							<nc:ContactTelephoneNumber>
								<nc:FullTelephoneNumber>
									<nc:TelephoneNumberFullID>222-222-3333</nc:TelephoneNumberFullID>
								</nc:FullTelephoneNumber>
							</nc:ContactTelephoneNumber>
						</lexs:DataOwnerContact>
					</lexs:DataOwnerMetadata>
					<lexs:DisseminationCriteriaValue>
					   <lexs:DisseminationCriteriaDomainText>28 CFR Part 23</lexs:DisseminationCriteriaDomainText>
					   <lexs:DisseminationCriteriaText>Open</lexs:DisseminationCriteriaText>
					</lexs:DisseminationCriteriaValue>
					<lexs:DataItemCategory>
					   <lexs:DataItemCategoryText>Gang Information Report</lexs:DataItemCategoryText>
					</lexs:DataItemCategory>
					<lexs:DomainAttribute>
					   <lexs:AttributeName>Source reliability</lexs:AttributeName>
					   <lexs:AttributeValue>Reliable</lexs:AttributeValue>
					   <lexs:Domain>28 CFR Part 23</lexs:Domain>
					</lexs:DomainAttribute>
					<lexs:DomainAttribute>
					   <lexs:AttributeName>Content validity</lexs:AttributeName>
					   <lexs:AttributeValue>Probable</lexs:AttributeValue>
					   <lexs:Domain>28 CFR Part 23</lexs:Domain>
					</lexs:DomainAttribute>
					  <!-- Reason for deletion of the data item -->
					  <lexs:DomainAttribute>
						  <lexs:AttributeName>Reason for Deletion</lexs:AttributeName>
						  <lexs:AttributeValue>Free-text reason the deletion is being made.</lexs:AttributeValue>
						  <lexs:Domain>GIn-Ex</lexs:Domain>
					  </lexs:DomainAttribute>
				</lexs:PackageMetadata>
        		<!-- Data Item does not require either a Digest or Structured Payload in the case of a deletion.  -->
			</lexs:DataItemPackage>
		</lexs:PublishMessage>
	</lexs:PublishMessageContainer>
</lexspd:doPublish>
