<?xml version="1.0" encoding="UTF-8"?>
<!--
    LEXS version  : 3.1.4
    Description   : Sample doStructuredSearchRequest for Gang IEPD, searching on subject name and alias and moniker
    Version       : 1
-->
<lexssr:doStructuredSearchRequest xmlns:j="http://niem.gov/niem/domains/jxdm/4.0"
								  xmlns:nc="http://niem.gov/niem/niem-core/2.0"
								  xmlns:s="http://niem.gov/niem/structures/2.0"
								  xmlns:lexs="http://usdoj.gov/leisp/lexs/3.1"
								  xmlns:lexsdigest="http://usdoj.gov/leisp/lexs/digest/3.1"
								  xmlns:lexslib="http://usdoj.gov/leisp/lexs/library/3.1"
								  xmlns:lexssr="http://usdoj.gov/leisp/lexs/searchretrieve/3.1"
								  xmlns:xsi="http://www.w3.org/2001/XMLSchema-instance"
								  xsi:schemaLocation="http://usdoj.gov/leisp/lexs/searchretrieve/3.1 ../xsd/lexs/search-retrieve/3.1/search-retrieve.xsd">
	<lexs:StructuredSearchRequestMessage>
		<lexs:SRMessageMetadata>
			<lexs:LEXSVersion>3.1.4</lexs:LEXSVersion>
			<lexs:MessageDateTime>2010-12-01T09:30:47.0Z</lexs:MessageDateTime>
			<lexs:MessageSequenceNumber>24</lexs:MessageSequenceNumber>
			<!--====================== Message Origin ==========================-->
			<lexs:MessageOriginMetadata>
				<lexs:SystemIdentifier>
					<!-- lexs:ORI>CA000000009</lexs:ORI -->
					<!-- lexs:ORI or lexs:OriginatingAgencyID -->
					<lexs:OriginatingAgencyID>Santa Ana PD-GU.Coplink</lexs:OriginatingAgencyID>
					<nc:OrganizationName>Santa Ana PD-GU</nc:OrganizationName>
					<lexs:SystemID>CopLink</lexs:SystemID>
				</lexs:SystemIdentifier>
				<lexs:SystemContact>
					<nc:PersonGivenName>Bob</nc:PersonGivenName>
					<nc:PersonSurName>Jones</nc:PersonSurName>
					<nc:ContactTelephoneNumber>
						<nc:FullTelephoneNumber>
							<nc:TelephoneNumberFullID>404-555-1212</nc:TelephoneNumberFullID>
						</nc:FullTelephoneNumber>
					</nc:ContactTelephoneNumber>
				</lexs:SystemContact>
			</lexs:MessageOriginMetadata>
			<!--====================== Message Destination ==========================-->
			<lexs:MessageDestinationIdentifier>
				<!-- lexs:ORI>CA000000009</lexs:ORI -->
				<!-- lexs:ORI or lexs:OriginatingAgencyID -->
				<lexs:OriginatingAgencyID>Santa Ana PD-GU.Coplink</lexs:OriginatingAgencyID>
				<nc:OrganizationName>Santa Ana PD-GU</nc:OrganizationName>
				<lexs:SystemID>CopLink</lexs:SystemID>
			</lexs:MessageDestinationIdentifier>
		</lexs:SRMessageMetadata>
		<!--======================User Assertion ==========================-->
		<lexs:UserAssertion>
			<lexs:UserID>ABC123</lexs:UserID>
			<nc:PersonGivenName>Bill</nc:PersonGivenName>
			<nc:PersonSurName>Jones</nc:PersonSurName>
			<nc:ContactTelephoneNumber>
				<nc:NANPTelephoneNumber>
					<nc:TelephoneAreaCodeID>111</nc:TelephoneAreaCodeID>
					<nc:TelephoneExchangeID>222</nc:TelephoneExchangeID>
					<nc:TelephoneLineID>3333</nc:TelephoneLineID>
				</nc:NANPTelephoneNumber>
			</nc:ContactTelephoneNumber>
			<nc:OrganizationName>ATF</nc:OrganizationName>
			<!-- lexs:ORI or lexs:OriginatingAgencyID -->
			<!--lexs:OriginatingAgencyID>Santa Ana PD-GU.Coplink</lexs:OriginatingAgencyID-->
			<lexs:ORI>CA000000009</lexs:ORI>
			<lexs:DomainAttribute>
				<lexs:AttributeName>PurposeCode</lexs:AttributeName>
				<lexs:AttributeValue>Case# 123456Gang-Unit</lexs:AttributeValue>
				<lexs:Domain>GIn-Ex</lexs:Domain>
			</lexs:DomainAttribute>
		</lexs:UserAssertion>
		<lexs:SearchRequestMetadata>
			<lexs:RequestedData>Person</lexs:RequestedData>
			<lexs:MaxItemMatches>10</lexs:MaxItemMatches>
			<lexs:StructuredPayloadsRequestedCode>none</lexs:StructuredPayloadsRequestedCode>
		</lexs:SearchRequestMetadata>
		<!-- StructuredQuery for
			Subjects with FIRSTNAME in (Jane, Janice)
			*AND*
			Subjects with a SubjectAlias FIRSTNAME in (Exene, John)
			*AND*
			Subjects with a SubjectMoniker MONIKERNAME in (SuperGirl, Greenhorn)
		-->
		<lexs:StructuredQuery>
			<!-- FIRST NAME -->
			<lexs:DigestQueryStatement>
				<lexs:DigestQueryField>
					<lexsdigest:EntityPerson>
						<lexsdigest:Person>
							<nc:PersonName>
								<nc:PersonGivenName>Jane</nc:PersonGivenName>
							</nc:PersonName>
						</lexsdigest:Person>
					</lexsdigest:EntityPerson>
				</lexs:DigestQueryField>
				<lexs:QueryMatch>exact</lexs:QueryMatch>
			</lexs:DigestQueryStatement>

			<!-- or FIRST NAME -->
			<lexs:DigestQueryStatement>
				<lexs:DigestQueryField>
					<lexsdigest:EntityPerson>
						<lexsdigest:Person>
							<nc:PersonName>
								<nc:PersonGivenName>Janice</nc:PersonGivenName>
							</nc:PersonName>
						</lexsdigest:Person>
					</lexsdigest:EntityPerson>
				</lexs:DigestQueryField>
				<lexs:QueryMatch>exact</lexs:QueryMatch>
			</lexs:DigestQueryStatement>

			<!-- ALIAS FIRST NAME -->
			<lexs:DigestQueryStatement>
				<lexs:DigestQueryField>
					<lexsdigest:EntityPerson>
						<lexsdigest:Person>
							<nc:PersonAlternateName>
								<nc:PersonGivenName>Exene</nc:PersonGivenName>
							</nc:PersonAlternateName>
						</lexsdigest:Person>
					</lexsdigest:EntityPerson>
				</lexs:DigestQueryField>
				<lexs:QueryMatch>exact</lexs:QueryMatch>
			</lexs:DigestQueryStatement>

			<!-- or ALIAS FIRST NAME -->
			<lexs:DigestQueryStatement>
				<lexs:DigestQueryField>
					<lexsdigest:EntityPerson>
						<lexsdigest:Person>
							<nc:PersonAlternateName>
								<nc:PersonGivenName>John</nc:PersonGivenName>
							</nc:PersonAlternateName>
						</lexsdigest:Person>
					</lexsdigest:EntityPerson>
				</lexs:DigestQueryField>
				<lexs:QueryMatch>exact</lexs:QueryMatch>
			</lexs:DigestQueryStatement>

			<!-- MONIKER -->
			<lexs:DigestQueryStatement>
				<lexs:DigestQueryField>
					<lexsdigest:EntityPerson>
						<lexsdigest:Person>
							<nc:PersonAlternateName>
								<nc:PersonFullName>Supergirl</nc:PersonFullName>
							</nc:PersonAlternateName>
						</lexsdigest:Person>
					</lexsdigest:EntityPerson>
				</lexs:DigestQueryField>
				<lexs:QueryMatch>exact</lexs:QueryMatch>
			</lexs:DigestQueryStatement>

			<!-- or MONIKER -->
			<lexs:DigestQueryStatement>
				<lexs:DigestQueryField>
					<lexsdigest:EntityPerson>
						<lexsdigest:Person>
							<nc:PersonAlternateName>
								<nc:PersonFullName>Greenhorn</nc:PersonFullName>
							</nc:PersonAlternateName>
						</lexsdigest:Person>
					</lexsdigest:EntityPerson>
				</lexs:DigestQueryField>
				<lexs:QueryMatch>exact</lexs:QueryMatch>
			</lexs:DigestQueryStatement>

		</lexs:StructuredQuery>
	</lexs:StructuredSearchRequestMessage>
</lexssr:doStructuredSearchRequest>
