<?xml version="1.0" encoding="UTF-8"?>
<!--
    LEXS version  : 3.1.4
    Description   : Sample doStructuredSearchRequest for Gang IEPD, searching on many fields
    Version       : 1
-->
<lexssr:doStructuredSearchRequest xmlns:j="http://niem.gov/niem/domains/jxdm/4.0"
								  xmlns:nc="http://niem.gov/niem/niem-core/2.0"
								  xmlns:s="http://niem.gov/niem/structures/2.0"
								  xmlns:lexs="http://usdoj.gov/leisp/lexs/3.1"
								  xmlns:lexsdigest="http://usdoj.gov/leisp/lexs/digest/3.1"
								  xmlns:lexslib="http://usdoj.gov/leisp/lexs/library/3.1"
								  xmlns:lexssr="http://usdoj.gov/leisp/lexs/searchretrieve/3.1"
								  xmlns:xsi="http://www.w3.org/2001/XMLSchema-instance"
								  xsi:schemaLocation="http://usdoj.gov/leisp/lexs/searchretrieve/3.1 ../xsd/lexs/search-retrieve/3.1/search-retrieve.xsd">
	<lexs:StructuredSearchRequestMessage>
		<lexs:SRMessageMetadata>
			<lexs:LEXSVersion>3.1.4</lexs:LEXSVersion>
			<lexs:MessageDateTime>2010-12-01T09:30:47.0Z</lexs:MessageDateTime>
			<lexs:MessageSequenceNumber>26</lexs:MessageSequenceNumber>
			<!--====================== Message Origin ==========================-->
			<lexs:MessageOriginMetadata>
				<lexs:SystemIdentifier>
					<!-- lexs:ORI>CA000000009</lexs:ORI -->
					<!-- lexs:ORI or lexs:OriginatingAgencyID -->
					<lexs:OriginatingAgencyID>Santa Ana PD-GU.Coplink</lexs:OriginatingAgencyID>
					<nc:OrganizationName>Santa Ana PD-GU</nc:OrganizationName>
					<lexs:SystemID>CopLink</lexs:SystemID>
				</lexs:SystemIdentifier>
				<lexs:SystemContact>
					<nc:PersonGivenName>Bob</nc:PersonGivenName>
					<nc:PersonSurName>Jones</nc:PersonSurName>
					<nc:ContactTelephoneNumber>
						<nc:FullTelephoneNumber>
							<nc:TelephoneNumberFullID>404-555-1212</nc:TelephoneNumberFullID>
						</nc:FullTelephoneNumber>
					</nc:ContactTelephoneNumber>
				</lexs:SystemContact>
			</lexs:MessageOriginMetadata>
			<!--====================== Message Destination ==========================-->
			<lexs:MessageDestinationIdentifier>
				<!-- lexs:ORI>CA000000009</lexs:ORI -->
				<!-- lexs:ORI or lexs:OriginatingAgencyID -->
				<lexs:OriginatingAgencyID>Santa Ana PD-GU.Coplink</lexs:OriginatingAgencyID>
				<nc:OrganizationName>Santa Ana PD-GU</nc:OrganizationName>
				<lexs:SystemID>CopLink</lexs:SystemID>
			</lexs:MessageDestinationIdentifier>
		</lexs:SRMessageMetadata>
		<!--======================User Assertion ==========================-->
		<lexs:UserAssertion>
			<lexs:UserID>ABC123</lexs:UserID>
			<nc:PersonGivenName>Bill</nc:PersonGivenName>
			<nc:PersonSurName>Jones</nc:PersonSurName>
			<nc:ContactTelephoneNumber>
				<nc:NANPTelephoneNumber>
					<nc:TelephoneAreaCodeID>111</nc:TelephoneAreaCodeID>
					<nc:TelephoneExchangeID>222</nc:TelephoneExchangeID>
					<nc:TelephoneLineID>3333</nc:TelephoneLineID>
				</nc:NANPTelephoneNumber>
			</nc:ContactTelephoneNumber>
			<nc:OrganizationName>ATF</nc:OrganizationName>
			<!-- lexs:ORI or lexs:OriginatingAgencyID -->
			<!--lexs:OriginatingAgencyID>Santa Ana PD-GU.Coplink</lexs:OriginatingAgencyID-->
			<lexs:ORI>CA000000009</lexs:ORI>
			<lexs:DomainAttribute>
				<lexs:AttributeName>PurposeCode</lexs:AttributeName>
				<lexs:AttributeValue>Case# 123456Gang-Unit</lexs:AttributeValue>
				<lexs:Domain>GIn-Ex</lexs:Domain>
			</lexs:DomainAttribute>
		</lexs:UserAssertion>
		<lexs:SearchRequestMetadata>
			<lexs:RequestedData>Person</lexs:RequestedData>
			<lexs:MaxItemMatches>10</lexs:MaxItemMatches>
			<lexs:StructuredPayloadsRequestedCode>none</lexs:StructuredPayloadsRequestedCode>
		</lexs:SearchRequestMetadata>
		<!-- StructuredQuery for (Tommy or Thomas) Jones -->
		<lexs:StructuredQuery>
			<!-- FIRST NAME -->
			<lexs:DigestQueryStatement>
				<lexs:DigestQueryField>
					<lexsdigest:EntityPerson>
						<lexsdigest:Person>
							<nc:PersonName>
								<nc:PersonGivenName>Tommy</nc:PersonGivenName>
							</nc:PersonName>
						</lexsdigest:Person>
					</lexsdigest:EntityPerson>
				</lexs:DigestQueryField>
				<lexs:QueryMatch>exact</lexs:QueryMatch>
			</lexs:DigestQueryStatement>

			<!-- or FIRST NAME -->
			<lexs:DigestQueryStatement>
				<lexs:DigestQueryField>
					<lexsdigest:EntityPerson>
						<lexsdigest:Person>
							<nc:PersonName>
								<nc:PersonGivenName>Thomas</nc:PersonGivenName>
							</nc:PersonName>
						</lexsdigest:Person>
					</lexsdigest:EntityPerson>
				</lexs:DigestQueryField>
				<lexs:QueryMatch>exact</lexs:QueryMatch>
			</lexs:DigestQueryStatement>

			<!-- LAST NAME -->
			<lexs:DigestQueryStatement>
				<lexs:DigestQueryField>
					<lexsdigest:EntityPerson>
						<lexsdigest:Person>
							<nc:PersonName>
								<nc:PersonSurName>Jones</nc:PersonSurName>
							</nc:PersonName>
						</lexsdigest:Person>
					</lexsdigest:EntityPerson>
				</lexs:DigestQueryField>
				<lexs:QueryMatch>exact</lexs:QueryMatch>
			</lexs:DigestQueryStatement>

			<!-- MIDDLE NAME -->
			<lexs:DigestQueryStatement>
				<lexs:DigestQueryField>
					<lexsdigest:EntityPerson>
						<lexsdigest:Person>
							<nc:PersonName>
								<nc:PersonMiddleName>Lee</nc:PersonMiddleName>
							</nc:PersonName>
						</lexsdigest:Person>
					</lexsdigest:EntityPerson>
				</lexs:DigestQueryField>
				<lexs:QueryMatch>exact</lexs:QueryMatch>
			</lexs:DigestQueryStatement>

			<!-- ALIAS FIRST NAME -->
			<lexs:DigestQueryStatement>
				<lexs:DigestQueryField>
					<lexsdigest:EntityPerson>
						<lexsdigest:Person>
							<nc:PersonAlternateName>
								<nc:PersonGivenName>Timmy</nc:PersonGivenName>
							</nc:PersonAlternateName>
						</lexsdigest:Person>
					</lexsdigest:EntityPerson>
				</lexs:DigestQueryField>
				<lexs:QueryMatch>exact</lexs:QueryMatch>
			</lexs:DigestQueryStatement>

			<!-- ALIAS LAST NAME -->
			<lexs:DigestQueryStatement>
				<lexs:DigestQueryField>
					<lexsdigest:EntityPerson>
						<lexsdigest:Person>
							<nc:PersonAlternateName>
								<nc:PersonSurName>Johnson</nc:PersonSurName>
							</nc:PersonAlternateName>
						</lexsdigest:Person>
					</lexsdigest:EntityPerson>
				</lexs:DigestQueryField>
				<lexs:QueryMatch>exact</lexs:QueryMatch>
			</lexs:DigestQueryStatement>

			<!-- ALIAS MIDDLE NAME -->
			<lexs:DigestQueryStatement>
				<lexs:DigestQueryField>
					<lexsdigest:EntityPerson>
						<lexsdigest:Person>
							<nc:PersonAlternateName>
								<nc:PersonMiddleName>Levi</nc:PersonMiddleName>
							</nc:PersonAlternateName>
						</lexsdigest:Person>
					</lexsdigest:EntityPerson>
				</lexs:DigestQueryField>
				<lexs:QueryMatch>exact</lexs:QueryMatch>
			</lexs:DigestQueryStatement>

			<!-- MONIKER -->
			<lexs:DigestQueryStatement>
				<lexs:DigestQueryField>
					<lexsdigest:EntityPerson>
						<lexsdigest:Person>
							<nc:PersonAlternateName>
								<nc:PersonFullName>Supergirl</nc:PersonFullName>
							</nc:PersonAlternateName>
						</lexsdigest:Person>
					</lexsdigest:EntityPerson>
				</lexs:DigestQueryField>
				<lexs:QueryMatch>exact</lexs:QueryMatch>
			</lexs:DigestQueryStatement>

			<!-- BIRTHDATE -->
			<lexs:DigestQueryStatement>
				<lexs:DigestQueryField>
					<lexsdigest:EntityPerson>
						<lexsdigest:Person>
							<nc:PersonBirthDate>
								<nc:Date>1955-11-09</nc:Date>
							</nc:PersonBirthDate>
						</lexsdigest:Person>
					</lexsdigest:EntityPerson>
				</lexs:DigestQueryField>
				<lexs:QueryMatch>exact</lexs:QueryMatch>
			</lexs:DigestQueryStatement>

			<!-- AGE -->
			<lexs:DigestQueryStatement>
				<lexs:DigestQueryField>
					<lexsdigest:EntityPerson>
						<lexsdigest:Person>
							<nc:PersonAgeMeasure>
								<nc:MeasurePointValue>54</nc:MeasurePointValue>
							</nc:PersonAgeMeasure>
						</lexsdigest:Person>
					</lexsdigest:EntityPerson>
				</lexs:DigestQueryField>
				<lexs:QueryMatch>exact</lexs:QueryMatch>
			</lexs:DigestQueryStatement>

			<!-- ID -->
			<lexs:DigestQueryStatement>
				<lexs:DigestQueryField>
					<lexsdigest:EntityPerson>
						<lexsdigest:Person>
							<nc:PersonOtherIdentification>
								<nc:IdentificationID>8881238828</nc:IdentificationID>
							</nc:PersonOtherIdentification>
						</lexsdigest:Person>
					</lexsdigest:EntityPerson>
				</lexs:DigestQueryField>
				<lexs:QueryMatch>exact</lexs:QueryMatch>
			</lexs:DigestQueryStatement>

			<!-- GANG -->
			<!-- GANG CLIQUE NAME -->
			<lexs:DigestQueryStatement>
				<lexs:DigestQueryField>
					<lexsdigest:EntityOrganization>
						<nc:Organization>
							<nc:OrganizationName>MOB PIRU</nc:OrganizationName>
						</nc:Organization>
					</lexsdigest:EntityOrganization>
				</lexs:DigestQueryField>
				<lexs:QueryMatch>exact</lexs:QueryMatch>
			</lexs:DigestQueryStatement>

			<!-- RACE -->
			<lexs:DigestQueryStatement>
				<lexs:DigestQueryField>
					<lexsdigest:EntityPerson>
						<lexsdigest:Person>
							<nc:PersonRaceCode>W</nc:PersonRaceCode>
						</lexsdigest:Person>
					</lexsdigest:EntityPerson>
				</lexs:DigestQueryField>
				<lexs:QueryMatch>exact</lexs:QueryMatch>
			</lexs:DigestQueryStatement>

			<!-- SEX -->
			<lexs:DigestQueryStatement>
				<lexs:DigestQueryField>
					<lexsdigest:EntityPerson>
						<lexsdigest:Person>
							<nc:PersonSexCode>M</nc:PersonSexCode>
						</lexsdigest:Person>
					</lexsdigest:EntityPerson>
				</lexs:DigestQueryField>
				<lexs:QueryMatch>exact</lexs:QueryMatch>
			</lexs:DigestQueryStatement>

			<!-- WEIGHT -->
			<lexs:DigestQueryStatement>
				<lexs:DigestQueryField>
					<lexsdigest:EntityPerson>
						<lexsdigest:Person>
							<nc:PersonWeightMeasure>
								<nc:MeasurePointValue>185</nc:MeasurePointValue>
							</nc:PersonWeightMeasure>
						</lexsdigest:Person>
					</lexsdigest:EntityPerson>
				</lexs:DigestQueryField>
				<lexs:QueryMatch>exact</lexs:QueryMatch>
			</lexs:DigestQueryStatement>

			<!-- HEIGHT -->
			<lexs:DigestQueryStatement>
				<lexs:DigestQueryField>
					<lexsdigest:EntityPerson>
						<lexsdigest:Person>
							<nc:PersonHeightMeasure>
								<nc:MeasurePointValue>73</nc:MeasurePointValue>
							</nc:PersonHeightMeasure>
						</lexsdigest:Person>
					</lexsdigest:EntityPerson>
				</lexs:DigestQueryField>
				<lexs:QueryMatch>exact</lexs:QueryMatch>
			</lexs:DigestQueryStatement>

			<!-- HAIR COLOR -->
			<lexs:DigestQueryStatement>
				<lexs:DigestQueryField>
					<lexsdigest:EntityPerson>
						<lexsdigest:Person>
							<nc:PersonHairColorCode>BLK</nc:PersonHairColorCode>
						</lexsdigest:Person>
					</lexsdigest:EntityPerson>
				</lexs:DigestQueryField>
				<lexs:QueryMatch>exact</lexs:QueryMatch>
			</lexs:DigestQueryStatement>

			<!-- EYE COLOR -->
			<lexs:DigestQueryStatement>
				<lexs:DigestQueryField>
					<lexsdigest:EntityPerson>
						<lexsdigest:Person>
							<nc:PersonEyeColorCode>BLK</nc:PersonEyeColorCode>
						</lexsdigest:Person>
					</lexsdigest:EntityPerson>
				</lexs:DigestQueryField>
				<lexs:QueryMatch>exact</lexs:QueryMatch>
			</lexs:DigestQueryStatement>

			<!-- LOCATION STREET NUMBER -->
			<lexs:DigestQueryStatement>
				<lexs:DigestQueryField>
					<lexsdigest:EntityLocation>
						<nc:Location s:id="Location1">
							<nc:LocationAddress>
								<nc:StructuredAddress>
									<nc:LocationStreet>
										<nc:StreetNumberText>78945</nc:StreetNumberText>
									</nc:LocationStreet>
								</nc:StructuredAddress>
							</nc:LocationAddress>
						</nc:Location>
					</lexsdigest:EntityLocation>
				</lexs:DigestQueryField>
				<lexs:QueryMatch>exact</lexs:QueryMatch>
			</lexs:DigestQueryStatement>

			<!-- LOCATION STREET DIRECTION -->
			<lexs:DigestQueryStatement>
				<lexs:DigestQueryField>
					<lexsdigest:EntityLocation>
						<nc:Location>
							<nc:LocationAddress>
								<nc:StructuredAddress>
									<nc:LocationStreet>
										<nc:StreetPostdirectionalText>S</nc:StreetPostdirectionalText>
									</nc:LocationStreet>
								</nc:StructuredAddress>
							</nc:LocationAddress>
						</nc:Location>
					</lexsdigest:EntityLocation>
				</lexs:DigestQueryField>
				<lexs:QueryMatch>exact</lexs:QueryMatch>
			</lexs:DigestQueryStatement>

			<!-- LOCATION STREET NAME -->
			<lexs:DigestQueryStatement>
				<lexs:DigestQueryField>
					<lexsdigest:EntityLocation>
						<nc:Location>
							<nc:LocationAddress>
								<nc:StructuredAddress>
									<nc:LocationStreet>
										<nc:StreetName>Elm St</nc:StreetName>
									</nc:LocationStreet>
								</nc:StructuredAddress>
							</nc:LocationAddress>
						</nc:Location>
					</lexsdigest:EntityLocation>
				</lexs:DigestQueryField>
				<lexs:QueryMatch>exact</lexs:QueryMatch>
			</lexs:DigestQueryStatement>

			<!-- LOCATION UNIT NUMBER -->
			<lexs:DigestQueryStatement>
				<lexs:DigestQueryField>
					<lexsdigest:EntityLocation>
						<nc:Location>
							<nc:LocationAddress>
								<nc:StructuredAddress>
									<nc:AddressSecondaryUnitText>Apt 27C</nc:AddressSecondaryUnitText>
								</nc:StructuredAddress>
							</nc:LocationAddress>
						</nc:Location>
					</lexsdigest:EntityLocation>
				</lexs:DigestQueryField>
				<lexs:QueryMatch>exact</lexs:QueryMatch>
			</lexs:DigestQueryStatement>

			<!-- LOCATION CITY -->
			<lexs:DigestQueryStatement>
				<lexs:DigestQueryField>
					<lexsdigest:EntityLocation>
						<nc:Location>
							<nc:LocationAddress>
								<nc:StructuredAddress>
									<nc:LocationCityName>Compton</nc:LocationCityName>
								</nc:StructuredAddress>
							</nc:LocationAddress>
						</nc:Location>
					</lexsdigest:EntityLocation>
				</lexs:DigestQueryField>
				<lexs:QueryMatch>exact</lexs:QueryMatch>
			</lexs:DigestQueryStatement>

			<!-- LOCATION STATE -->
			<lexs:DigestQueryStatement>
				<lexs:DigestQueryField>
					<lexsdigest:EntityLocation>
						<nc:Location>
							<nc:LocationAddress>
								<nc:StructuredAddress>
									<nc:LocationStateName>CA</nc:LocationStateName>
								</nc:StructuredAddress>
							</nc:LocationAddress>
						</nc:Location>
					</lexsdigest:EntityLocation>
				</lexs:DigestQueryField>
				<lexs:QueryMatch>exact</lexs:QueryMatch>
			</lexs:DigestQueryStatement>

			<!-- LOCATION ZIP CODE -->
			<lexs:DigestQueryStatement>
				<lexs:DigestQueryField>
					<lexsdigest:EntityLocation>
						<nc:Location>
							<nc:LocationAddress>
								<nc:StructuredAddress>
									<nc:LocationPostalCode>90220</nc:LocationPostalCode>
								</nc:StructuredAddress>
							</nc:LocationAddress>
						</nc:Location>
					</lexsdigest:EntityLocation>
				</lexs:DigestQueryField>
				<lexs:QueryMatch>exact</lexs:QueryMatch>
			</lexs:DigestQueryStatement>

		</lexs:StructuredQuery>
	</lexs:StructuredSearchRequestMessage>
</lexssr:doStructuredSearchRequest>
