<?xml version="1.0" encoding="UTF-8"?>
<!--
    LEXS version  : 3.1.4
    Description   : Sample doSearchResponse for Gang IEPD, showing the results from the a name search
    Version       : 1
-->
<lexssr:doSearchResponse
    xmlns:j="http://niem.gov/niem/domains/jxdm/4.0"
    xmlns:im="http://niem.gov/niem/domains/immigration/2.0"
    xmlns:scr="http://niem.gov/niem/domains/screening/2.0"
    xmlns:nc="http://niem.gov/niem/niem-core/2.0"
    xmlns:s="http://niem.gov/niem/structures/2.0"
    xmlns:lexs="http://usdoj.gov/leisp/lexs/3.1"
    xmlns:lexsdigest="http://usdoj.gov/leisp/lexs/digest/3.1"
    xmlns:lexslib="http://usdoj.gov/leisp/lexs/library/3.1"
    xmlns:lexssr="http://usdoj.gov/leisp/lexs/searchretrieve/3.1"
    xmlns:xsi="http://www.w3.org/2001/XMLSchema-instance"
    xsi:schemaLocation="http://usdoj.gov/leisp/lexs/searchretrieve/3.1 ../xsd/lexs/search-retrieve/3.1/search-retrieve.xsd">
    <lexs:SearchResponseMessage>
		<lexs:SRMessageMetadata>
			<lexs:LEXSVersion>3.1.4</lexs:LEXSVersion>
			<lexs:MessageDateTime>2010-12-01T09:32:47.0Z</lexs:MessageDateTime>
			<lexs:MessageSequenceNumber>30</lexs:MessageSequenceNumber>
			<lexs:MessageOriginMetadata>
				<lexs:SystemIdentifier>
					<lexs:OriginatingAgencyID>SRA Testing Organization.GangNet</lexs:OriginatingAgencyID>
					<nc:OrganizationName>SRA Testing Organization</nc:OrganizationName>
					<lexs:SystemID>GangNet</lexs:SystemID>
				</lexs:SystemIdentifier>
				<lexs:SystemContact>
					<nc:PersonGivenName>Jim</nc:PersonGivenName>
					<nc:PersonMiddleName>Mikael</nc:PersonMiddleName>
					<nc:PersonSurName>Rorison</nc:PersonSurName>
					<nc:PersonFullName>Rorison, Jim Mikael</nc:PersonFullName>
					<nc:ContactEmailID>rn@gmail.com</nc:ContactEmailID>
				</lexs:SystemContact>
			</lexs:MessageOriginMetadata>
			<lexs:MessageDestinationIdentifier>
				<lexs:OriginatingAgencyID>Santa Ana PD-GU.CopLink</lexs:OriginatingAgencyID>
				<nc:OrganizationName>Santa Ana PD-GU</nc:OrganizationName>
				<lexs:SystemID>CopLink</lexs:SystemID>
			</lexs:MessageDestinationIdentifier>
		</lexs:SRMessageMetadata>
        <!--=======================  Response Metadata  =======================-->
        <lexs:ResponseMetadata>
            <lexs:ResultCode>Success</lexs:ResultCode>
            <lexs:InResponseToMessageSequenceNumber>20</lexs:InResponseToMessageSequenceNumber>
        </lexs:ResponseMetadata>
        <!--=======================  Search Response Metadata  =======================-->
        <lexs:SearchResponseMetadata>
            <lexs:StructuredQueryMatchScore>100</lexs:StructuredQueryMatchScore>
            <lexs:MaxItemMatchesRequested>10</lexs:MaxItemMatchesRequested>
            <lexs:NumberItemMatches>2</lexs:NumberItemMatches>
            <lexs:ServerLimitIndicator>false</lexs:ServerLimitIndicator>
        </lexs:SearchResponseMetadata>
        <!--=========================================================-->
        <!--=======================  Package #1  =======================-->
        <!--=========================================================-->
        <lexs:SearchResultPackage>
			<lexs:PackageMetadata>
				<lexs:DataItemID>12345679</lexs:DataItemID>
				<!-- DataItemContact is mandatory, at least one must be provided and there can be more than one -->
				<lexs:DataItemContact>
					<nc:PersonSurName>See full name</nc:PersonSurName>
					<!-- Subject.Contact Name Full -->
					<nc:PersonFullName>David Jackson</nc:PersonFullName>
					<!-- Subject.Contact Email -->
					<nc:ContactEmailID>jones@lapd.gov</nc:ContactEmailID>
					<nc:ContactTelephoneNumber>
						<nc:FullTelephoneNumber>
							<!-- Subject.Contact Telephone Voice Number -->
							<nc:TelephoneNumberFullID>333-444-5555 x6</nc:TelephoneNumberFullID>
						</nc:FullTelephoneNumber>
					</nc:ContactTelephoneNumber>
					<nc:ContactFaxNumber>
						<nc:FullTelephoneNumber>
							<!-- Subject.Contact Telephone Fax Number -->
							<nc:TelephoneNumberFullID>908-555-1211</nc:TelephoneNumberFullID>
						</nc:FullTelephoneNumber>
					</nc:ContactFaxNumber>
					<nc:ContactMobileTelephoneNumber>
						<nc:FullTelephoneNumber>
							<!-- Subject.Contact Telephone Cell Number -->
							<nc:TelephoneNumberFullID>908-555-1213</nc:TelephoneNumberFullID>
						</nc:FullTelephoneNumber>
					</nc:ContactMobileTelephoneNumber>
					<!-- Subject.Contact Agency Name -->
					<nc:OrganizationName>Los Angeles Police Department</nc:OrganizationName>
					<lexs:DomainAttribute>
					   <lexs:Domain>GIn-Ex</lexs:Domain>
						<!-- Subject.Contact Agency Type Description -->
						<nc:OrganizationCategoryText>Police</nc:OrganizationCategoryText>
					</lexs:DomainAttribute>
					<lexs:DomainAttribute>
					   <lexs:Domain>GIn-Ex</lexs:Domain>
						<!-- Subject.Contact Agency Address Full -->
						<nc:AddressFullText>1235 Police Blvd, Los Angeles, CA 22222</nc:AddressFullText>
					</lexs:DomainAttribute>
					<lexs:DomainAttribute>
					   <lexs:Domain>GIn-Ex</lexs:Domain>
						<!-- Subject.Contact Agency Identifier -->
						<j:OrganizationORIIdentification>
							<nc:IdentificationID>CA235023J</nc:IdentificationID>
						</j:OrganizationORIIdentification>
					</lexs:DomainAttribute>
				</lexs:DataItemContact>
				<lexs:DataItemDate>2006-12-13</lexs:DataItemDate>
				<!-- DataItemReferenceID may be the same as the DataItemID, or may be a more human-readable version of DataItemID -->
				<lexs:DataItemReferenceID>1912345678</lexs:DataItemReferenceID>
				<lexs:DataItemStatus>Closed_Case</lexs:DataItemStatus>
				<!--=======================  Data Owner Metadata  =======================-->
				<lexs:DataOwnerMetadata>
					<lexs:DataOwnerIdentifier>
						<lexs:OriginatingAgencyID>DD1234567</lexs:OriginatingAgencyID>
						<nc:OrganizationName>Los Angeles County Sheriff's Department</nc:OrganizationName>
						<lexs:SystemID>SysD</lexs:SystemID>
					</lexs:DataOwnerIdentifier>
					<lexs:DataOwnerContact>
						<nc:PersonGivenName>Will</nc:PersonGivenName>
						<nc:PersonSurName>Dee</nc:PersonSurName>
						<nc:ContactTelephoneNumber>
							<nc:FullTelephoneNumber>
								<nc:TelephoneNumberFullID>222-222-3333</nc:TelephoneNumberFullID>
							</nc:FullTelephoneNumber>
						</nc:ContactTelephoneNumber>
					</lexs:DataOwnerContact>
				</lexs:DataOwnerMetadata>
				<lexs:DisseminationCriteriaValue>
				   <lexs:DisseminationCriteriaDomainText>28 CFR Part 23</lexs:DisseminationCriteriaDomainText>
				   <lexs:DisseminationCriteriaText>Open</lexs:DisseminationCriteriaText>
				</lexs:DisseminationCriteriaValue>
				<lexs:DataItemCategory>
				   <lexs:DataItemCategoryText>Gang Information Report</lexs:DataItemCategoryText>
				</lexs:DataItemCategory>
				<lexs:DomainAttribute>
				   <lexs:AttributeName>Source reliability</lexs:AttributeName>
				   <lexs:AttributeValue>Reliable</lexs:AttributeValue>
				   <lexs:Domain>28 CFR Part 23</lexs:Domain>
				</lexs:DomainAttribute>
				<lexs:DomainAttribute>
				   <lexs:AttributeName>Content validity</lexs:AttributeName>
				   <lexs:AttributeValue>Probable</lexs:AttributeValue>
				   <lexs:Domain>28 CFR Part 23</lexs:Domain>
				</lexs:DomainAttribute>
			</lexs:PackageMetadata>
            <!--=======================  Digest  =======================-->
			<lexs:Digest>
				<lexsdigest:EntityPerson s:id="EPerson1">
					<lexsdigest:Metadata s:id="MPerson1">
						<!-- Subject.Criteria for Entry-->
						<nc:CommentText>Criteria for entry</nc:CommentText>
						<!-- Subject.Record Modify Date-->
						<nc:LastUpdatedDate>
							<nc:Date>2002-11-12</nc:Date>
						</nc:LastUpdatedDate>
						<!-- Subject.Criteria for Entry Reported Date-->
						<nc:ReportedDate>
							<nc:Date>2002-11-12</nc:Date>
						</nc:ReportedDate>
					</lexsdigest:Metadata>
					<lexsdigest:Metadata s:id="MPersonBirthDate1">
						<nc:CommentText>Range Lower Value</nc:CommentText>
					</lexsdigest:Metadata>
					<lexsdigest:Metadata s:id="MPersonBirthDate2">
						<nc:CommentText>Range Upper Value</nc:CommentText>
					</lexsdigest:Metadata>
					<lexsdigest:Metadata s:id="MSubject1-1">
						<!--Subject.Alert Record Entry Agency-->
						<nc:CommentText>Reported by: LA County Sheriff's Department</nc:CommentText>
						<!--Subject.Alert Record Entry Date-->
						<nc:ReportedDate>
							<nc:Date>2002-11-12</nc:Date>
						</nc:ReportedDate>
					</lexsdigest:Metadata>
					<lexsdigest:Metadata s:id="MSubject1-2">
						<!--Subject.Alert Record Entry Date-->
						<nc:ReportedDate>
							<nc:Date>2002-11-12</nc:Date>
						</nc:ReportedDate>
					</lexsdigest:Metadata>
					<lexsdigest:Metadata s:id="MSubject1-3">
						<!--Subject.Alert Record Entry Date-->
						<nc:ReportedDate>
							<nc:Date>2002-11-12</nc:Date>
						</nc:ReportedDate>
					</lexsdigest:Metadata>
					<lexsdigest:Metadata s:id="MSubject1-4">
						<!--Subject.Alert Record Entry Date-->
						<nc:ReportedDate>
							<nc:Date>2002-11-12</nc:Date>
						</nc:ReportedDate>
					</lexsdigest:Metadata>
					<lexsdigest:Metadata s:id="MSubject1-5">
						<!--Subject.Alert Record Entry Date-->
						<nc:ReportedDate>
							<nc:Date>2002-11-12</nc:Date>
						</nc:ReportedDate>
					</lexsdigest:Metadata>
					<lexsdigest:Metadata s:id="MSubject1-6">
						<!--Subject.Alert Record Entry Date-->
						<nc:ReportedDate>
							<nc:Date>2002-11-12</nc:Date>
						</nc:ReportedDate>
					</lexsdigest:Metadata>
					<lexsdigest:Metadata s:id="MSubject1-7">
						<!--Subject.Alert Record Entry Date-->
						<nc:ReportedDate>
							<nc:Date>2002-11-12</nc:Date>
						</nc:ReportedDate>
					</lexsdigest:Metadata>
					<lexsdigest:Metadata s:id="MSubject1-8">
						<!--Subject.Alert Record Entry Date-->
						<nc:ReportedDate>
							<nc:Date>2002-11-12</nc:Date>
						</nc:ReportedDate>
					</lexsdigest:Metadata>
					<lexsdigest:Person s:id="Person1" s:metadata="MPerson1">
						<nc:PersonAgeMeasure>
							<nc:MeasurePointValue>54</nc:MeasurePointValue>
							<nc:TimeUnitCode>ANN</nc:TimeUnitCode>
						</nc:PersonAgeMeasure>
						<!--Subject.Moniker Name-->
						<nc:PersonAlternateName s:id="Moniker1">
							<nc:PersonFullName>Supergirl</nc:PersonFullName>
						</nc:PersonAlternateName>
						<nc:PersonAlternateName s:id="Alias1">
							<!--Subject.Alias Name First Name-->
							<nc:PersonGivenName>Timmy</nc:PersonGivenName>
							<!--Subject.Alias Name Middle Name-->
							<nc:PersonMiddleName>Levi</nc:PersonMiddleName>
							<!--Subject.Alias Name Last Name-->
							<nc:PersonSurName>Johnson</nc:PersonSurName>
						</nc:PersonAlternateName>
						<!-- Subject.Birth Date -->
						<nc:PersonBirthDate>
							<nc:Date>1955-11-09</nc:Date>
						</nc:PersonBirthDate>
						<!-- Subject.Birth Date Range Lower Value-->
						<nc:PersonBirthDate s:metadata="MPersonBirthDate1">
							<nc:Year>1950</nc:Year>
						</nc:PersonBirthDate>
						<!-- Subject.Birth Date Range Upper Value-->
						<nc:PersonBirthDate s:metadata="MPersonBirthDate2">
							<nc:Year>1956</nc:Year>
						</nc:PersonBirthDate>
						<!-- Subject.Citizenship Code -->
						<nc:PersonCitizenshipFIPS10-4Code>AA</nc:PersonCitizenshipFIPS10-4Code>
						<!-- Subject.Eye Color Code -->
						<nc:PersonEyeColorCode>BLK</nc:PersonEyeColorCode>
						<!-- Subject.Eye Color Description (commented out because only one of text/code allowed -->
						<!--<nc:PersonEyeColorText>Black with white spots</nc:PersonEyeColorText>-->
						<!-- Subject.Eye Hair Code -->
						<nc:PersonHairColorCode>BLK</nc:PersonHairColorCode>
						<!-- Subject.Hair Color Description (commented out because only one of text/code allowed -->
						<!--<nc:PersonHairColorText>Black with some gray</nc:PersonHairColorText>-->
						<!-- Subject.Height Measure -->
						<nc:PersonHeightMeasure>
							<nc:MeasurePointValue>73</nc:MeasurePointValue>
							<nc:LengthUnitCode>INH</nc:LengthUnitCode>
						</nc:PersonHeightMeasure>
						<nc:PersonName s:id="PersonName1">
							<!--Subject.Name First Name-->
							<nc:PersonGivenName>Tommy</nc:PersonGivenName>
							<!--Subject.Name Middle Name-->
							<nc:PersonMiddleName>Lee</nc:PersonMiddleName>
							<!--Subject.Name Last Name-->
							<nc:PersonSurName>Jones</nc:PersonSurName>
						</nc:PersonName>
						<!-- Subject.ID Number Gang System -->
						<nc:PersonOtherIdentification>
							<nc:IdentificationID>76985</nc:IdentificationID>
							<nc:IdentificationCategoryText>Gang System</nc:IdentificationCategoryText>
						</nc:PersonOtherIdentification>
						<!-- Subject.ID Number Local Agency -->
						<nc:PersonOtherIdentification>
							<nc:IdentificationID>9999995</nc:IdentificationID>
							<nc:IdentificationCategoryText>Local Agency</nc:IdentificationCategoryText>
						</nc:PersonOtherIdentification>
						<!-- Subject.ID Number Offender Based Tracking -->
						<nc:PersonOtherIdentification>
							<nc:IdentificationID>8881238828</nc:IdentificationID>
							<nc:IdentificationCategoryText>Offender Based Tracking</nc:IdentificationCategoryText>
						</nc:PersonOtherIdentification>
						<nc:PersonOtherIdentification>
							<!-- Subject.ID Number Miscellaneous -->
							<nc:IdentificationID>1199995</nc:IdentificationID>
							<!-- Subject.ID Number Miscellaneous, Type -->
							<nc:IdentificationCategoryText>Health Services ID</nc:IdentificationCategoryText>
							<!-- Subject.ID Number Miscellaneous, State of issue -->
						   <j:IdentificationJurisdictionNCICLISCode>CA</j:IdentificationJurisdictionNCICLISCode>
							<!-- Subject.ID Number Miscellaneous, Issuing Agency -->
						   <nc:IdentificationSourceText>Dept. of Health</nc:IdentificationSourceText>
						</nc:PersonOtherIdentification>
						<nc:PersonPassportIdentification>
							<!-- Subject.ID Number Passport -->
						   <nc:IdentificationID>1239098493</nc:IdentificationID>
						</nc:PersonPassportIdentification>
						<!-- Subject.Race Code -->
						<nc:PersonRaceCode>W</nc:PersonRaceCode>
						<!-- Subject.Race Description (commented out because only one of text/code allowed -->
						<!--<nc:PersonRaceText>White</nc:PersonRaceText>-->
						<!-- Subject.Sex Code -->
						<nc:PersonSexCode>M</nc:PersonSexCode>
						<!-- Subject.ID Number Social Security -->
						<nc:PersonSSNIdentification>
							<nc:IdentificationID>034-78-6532</nc:IdentificationID>
						</nc:PersonSSNIdentification>
						<!-- Subject.Weight Measure -->
						<nc:PersonWeightMeasure>
							<nc:MeasurePointValue>185</nc:MeasurePointValue>
							<nc:WeightUnitCode>LBR</nc:WeightUnitCode>
						</nc:PersonWeightMeasure>
						<j:PersonAugmentation>
							<nc:DriverLicense>
								<nc:DriverLicenseIdentification>
									<!-- Subject.Operator's License Number -->
									<nc:IdentificationID>G56399877632987</nc:IdentificationID>
									<!-- Subject.Operator's License Expiration Date -->
								   <nc:IdentificationExpirationDate>
									  <nc:Date>2012-01-01</nc:Date>
								   </nc:IdentificationExpirationDate>
									<!-- Subject.Operator's License State -->
									<j:IdentificationJurisdictionNCICLISCode>CA</j:IdentificationJurisdictionNCICLISCode>
								</nc:DriverLicenseIdentification>
							</nc:DriverLicense>
							<!-- Subject.ID Number FBI -->
							<j:PersonFBIIdentification>
								<nc:IdentificationID>034782234456</nc:IdentificationID>
							</j:PersonFBIIdentification>
							<!-- Subject.ID Number State Fingerprint Repository -->
							<j:PersonStateFingerprintIdentification>
							   <nc:IdentificationID>1234567</nc:IdentificationID>
							</j:PersonStateFingerprintIdentification>
						</j:PersonAugmentation>
						<lexsdigest:PersonAugmentation>
						   <im:AlienNumber>
							  <!-- Subject.ID Number Alien Registration -->
							  <nc:IdentificationID>1234567</nc:IdentificationID>
						   </im:AlienNumber>
						</lexsdigest:PersonAugmentation>
					</lexsdigest:Person>
					<!--  Alerts -->
					<!--A-1 Caution Text: Active Offender-->
					<j:Subject s:metadata="MSubject1-1">
						<nc:RoleOfPersonReference s:ref="Person1"/>
						<!-- Subject.Alert Text -->
						<j:SubjectOffenderNoticeText>Caution: Active Offender</j:SubjectOffenderNoticeText>
					</j:Subject>
					<j:Subject s:metadata="MSubject1-2">
						<nc:RoleOfPersonReference s:ref="Person1"/>
						<!-- Subject.Alert Text -->
						<j:SubjectCautionInformationCode>55</j:SubjectCautionInformationCode>
					</j:Subject>
					<j:Subject s:metadata="MSubject1-3">
						<nc:RoleOfPersonReference s:ref="Person1"/>
						<j:SubjectCriminalTraitDetails>
							<!-- Subject.Alert Text -->
							<j:CriminalTraitCommunicationDescriptionText>Subject Criteria: Writes about gangs (graffiti) on walls, books and paper</j:CriminalTraitCommunicationDescriptionText>
						</j:SubjectCriminalTraitDetails>
					</j:Subject>
					<j:Subject s:metadata="MSubject1-4">
						<nc:RoleOfPersonReference s:ref="Person1"/>
						<j:SubjectCriminalTraitDetails>
							<!-- Subject.Alert Text -->
							<j:CriminalTraitDescriptionText>Subject Criteria: Subject uses gang moniker or nickname.</j:CriminalTraitDescriptionText>
						</j:SubjectCriminalTraitDetails>
					</j:Subject>
					<j:Subject s:metadata="MSubject1-5">
						<nc:RoleOfPersonReference s:ref="Person1"/>
						<j:SubjectCriminalTraitDetails>
							<!-- Subject.Alert Text -->
							<j:CriminalTraitDressText>Subject Criteria: Subject has been seen wearing gang dress.</j:CriminalTraitDressText>
						</j:SubjectCriminalTraitDetails>
					</j:Subject>
					<j:Subject s:metadata="MSubject1-6">
						<nc:RoleOfPersonReference s:ref="Person1"/>
						<j:SubjectCriminalTraitDetails>
							<!-- Subject.Alert Text -->
							<j:CriminalTraitModusOperandiText>Subject Criteria: Subject has been involved in a criminal gang incident.</j:CriminalTraitModusOperandiText>
						</j:SubjectCriminalTraitDetails>
					</j:Subject>
					<j:Subject s:metadata="MSubject1-7">
						<nc:RoleOfPersonReference s:ref="Person1"/>
						<j:SubjectCriminalTraitDetails>
							<!-- Subject.Alert Text -->
							<j:CriminalTraitTattooDescriptionText>Subject Criteria: Subject is known to have gang tattoos or markings.</j:CriminalTraitTattooDescriptionText>
						</j:SubjectCriminalTraitDetails>
					</j:Subject>
					<j:Subject s:metadata="MSubject1-8">
						<nc:RoleOfPersonReference s:ref="Person1"/>
						<j:SubjectCriminalTraitDetails>
							<!-- Subject.Alert Text -->
							<j:CriminalTraitTurfText>Subject Criteria: Subject has been seen frequenting gang areas.</j:CriminalTraitTurfText>
						</j:SubjectCriminalTraitDetails>
					</j:Subject>
				</lexsdigest:EntityPerson>
			</lexs:Digest>
			<!--=======================  Package Attachment Subject Image  =======================-->
			<!-- Subject.Photo (see also lexsdigest:EntityPersonFacialImageAssociation) -->
			<lexs:AttachmentLink s:id="PAttachment1">
				<lexs:AttachmentURI>http://www.gtri.org/LEXS/examples/TommyJonesMugshot1.jpg</lexs:AttachmentURI>
				<lexs:AttachmentViewableIndicator>true</lexs:AttachmentViewableIndicator>
				<nc:BinaryDescriptionText>Mug shot for Tommy Lee Jones</nc:BinaryDescriptionText>
				<!-- Subject.Photo Type Description -->
				<nc:BinaryCategoryText>Mug shot</nc:BinaryCategoryText>
			</lexs:AttachmentLink>
            <!--=======================  Data Submitter Metadata  =======================-->
			<lexs:DataSubmitterMetadata>
				<lexs:SystemIdentifier>
					<nc:OrganizationName>Los Angeles Police Department</nc:OrganizationName>
					<lexs:SystemID>SysC</lexs:SystemID>
				</lexs:SystemIdentifier>
				<lexs:SystemContact>
					<nc:PersonGivenName>Michael</nc:PersonGivenName>
					<nc:PersonSurName>Park</nc:PersonSurName>
					<nc:ContactTelephoneNumber>
						<nc:FullTelephoneNumber>
							<nc:TelephoneNumberFullID>302-555-5555 x6</nc:TelephoneNumberFullID>
						</nc:FullTelephoneNumber>
					</nc:ContactTelephoneNumber>
				</lexs:SystemContact>
			</lexs:DataSubmitterMetadata>
        </lexs:SearchResultPackage>
        <!--=========================================================-->
        <!--=======================  Package #2  =======================-->
        <!--=========================================================-->
        <lexs:SearchResultPackage>
			<lexs:PackageMetadata>
				<lexs:DataItemID>79995679</lexs:DataItemID>
				<!-- DataItemContact is mandatory, at least one must be provided and there can be more than one -->
				<lexs:DataItemContact>
					<nc:PersonSurName>See full name</nc:PersonSurName>
					<!-- Subject.Contact Name Full -->
					<nc:PersonFullName>David Jackson</nc:PersonFullName>
					<!-- Subject.Contact Email -->
					<nc:ContactEmailID>jones@lapd.gov</nc:ContactEmailID>
					<nc:ContactTelephoneNumber>
						<nc:FullTelephoneNumber>
							<!-- Subject.Contact Telephone Voice Number -->
							<nc:TelephoneNumberFullID>333-444-5555 x6</nc:TelephoneNumberFullID>
						</nc:FullTelephoneNumber>
					</nc:ContactTelephoneNumber>
					<nc:ContactFaxNumber>
						<nc:FullTelephoneNumber>
							<!-- Subject.Contact Telephone Fax Number -->
							<nc:TelephoneNumberFullID>908-555-1211</nc:TelephoneNumberFullID>
						</nc:FullTelephoneNumber>
					</nc:ContactFaxNumber>
					<nc:ContactMobileTelephoneNumber>
						<nc:FullTelephoneNumber>
							<!-- Subject.Contact Telephone Cell Number -->
							<nc:TelephoneNumberFullID>908-555-1213</nc:TelephoneNumberFullID>
						</nc:FullTelephoneNumber>
					</nc:ContactMobileTelephoneNumber>
					<!-- Subject.Contact Agency Name -->
					<nc:OrganizationName>Los Angeles Police Department</nc:OrganizationName>
					<lexs:DomainAttribute>
					   <lexs:Domain>GIn-Ex</lexs:Domain>
						<!-- Subject.Contact Agency Type Description -->
						<nc:OrganizationCategoryText>Police</nc:OrganizationCategoryText>
					</lexs:DomainAttribute>
					<lexs:DomainAttribute>
					   <lexs:Domain>GIn-Ex</lexs:Domain>
						<!-- Subject.Contact Agency Address Full -->
						<nc:AddressFullText>1235 Police Blvd, Los Angeles, CA 22222</nc:AddressFullText>
					</lexs:DomainAttribute>
					<lexs:DomainAttribute>
					   <lexs:Domain>GIn-Ex</lexs:Domain>
						<!-- Subject.Contact Agency Identifier -->
						<j:OrganizationORIIdentification>
							<nc:IdentificationID>CA235023J</nc:IdentificationID>
						</j:OrganizationORIIdentification>
					</lexs:DomainAttribute>
				</lexs:DataItemContact>
				<lexs:DataItemDate>2006-12-13</lexs:DataItemDate>
				<!-- DataItemReferenceID may be the same as the DataItemID, or may be a more human-readable version of DataItemID -->
				<lexs:DataItemReferenceID>1912345678</lexs:DataItemReferenceID>
				<lexs:DataItemStatus>Closed_Case</lexs:DataItemStatus>
				<!--=======================  Data Owner Metadata  =======================-->
				<lexs:DataOwnerMetadata>
					<lexs:DataOwnerIdentifier>
						<lexs:OriginatingAgencyID>DD1234567</lexs:OriginatingAgencyID>
						<nc:OrganizationName>Los Angeles County Sheriff's Department</nc:OrganizationName>
						<lexs:SystemID>SysD</lexs:SystemID>
					</lexs:DataOwnerIdentifier>
					<lexs:DataOwnerContact>
						<nc:PersonGivenName>Will</nc:PersonGivenName>
						<nc:PersonSurName>Dee</nc:PersonSurName>
						<nc:ContactTelephoneNumber>
							<nc:FullTelephoneNumber>
								<nc:TelephoneNumberFullID>222-222-3333</nc:TelephoneNumberFullID>
							</nc:FullTelephoneNumber>
						</nc:ContactTelephoneNumber>
					</lexs:DataOwnerContact>
				</lexs:DataOwnerMetadata>
				<lexs:DisseminationCriteriaValue>
				   <lexs:DisseminationCriteriaDomainText>28 CFR Part 23</lexs:DisseminationCriteriaDomainText>
				   <lexs:DisseminationCriteriaText>Open</lexs:DisseminationCriteriaText>
				</lexs:DisseminationCriteriaValue>
				<lexs:DataItemCategory>
				   <lexs:DataItemCategoryText>Gang Information Report</lexs:DataItemCategoryText>
				</lexs:DataItemCategory>
				<lexs:DomainAttribute>
				   <lexs:AttributeName>Source reliability</lexs:AttributeName>
				   <lexs:AttributeValue>Reliable</lexs:AttributeValue>
				   <lexs:Domain>28 CFR Part 23</lexs:Domain>
				</lexs:DomainAttribute>
				<lexs:DomainAttribute>
				   <lexs:AttributeName>Content validity</lexs:AttributeName>
				   <lexs:AttributeValue>Probable</lexs:AttributeValue>
				   <lexs:Domain>28 CFR Part 23</lexs:Domain>
				</lexs:DomainAttribute>
			</lexs:PackageMetadata>
            <!--=======================  Digest  =======================-->
			<lexs:Digest>
				<lexsdigest:EntityPerson s:id="EPerson1_2">
					<lexsdigest:Person s:id="Person1_2">
						<nc:PersonAgeMeasure>
							<nc:MeasurePointValue>54</nc:MeasurePointValue>
							<nc:TimeUnitCode>ANN</nc:TimeUnitCode>
						</nc:PersonAgeMeasure>
						<!--Subject.Moniker Name-->
						<nc:PersonAlternateName s:id="Moniker1_2">
							<nc:PersonFullName>Supergirl</nc:PersonFullName>
						</nc:PersonAlternateName>
						<nc:PersonAlternateName s:id="Alias1_2">
							<!--Subject.Alias Name First Name-->
							<nc:PersonGivenName>Timmy</nc:PersonGivenName>
							<!--Subject.Alias Name Middle Name-->
							<nc:PersonMiddleName>Levi</nc:PersonMiddleName>
							<!--Subject.Alias Name Last Name-->
							<nc:PersonSurName>Johnson</nc:PersonSurName>
						</nc:PersonAlternateName>
						<!-- Subject.Birth Date -->
						<nc:PersonBirthDate>
							<nc:Date>1955-11-09</nc:Date>
						</nc:PersonBirthDate>
						<!-- Subject.Eye Color Code -->
						<nc:PersonEyeColorCode>BLK</nc:PersonEyeColorCode>
						<!-- Subject.Eye Color Description (commented out because only one of text/code allowed -->
						<!--<nc:PersonEyeColorText>Black with white spots</nc:PersonEyeColorText>-->
						<!-- Subject.Eye Hair Code -->
						<nc:PersonHairColorCode>BLK</nc:PersonHairColorCode>
						<!-- Subject.Hair Color Description (commented out because only one of text/code allowed -->
						<!--<nc:PersonHairColorText>Black with some gray</nc:PersonHairColorText>-->
						<!-- Subject.Height Measure -->
						<nc:PersonHeightMeasure>
							<nc:MeasurePointValue>73</nc:MeasurePointValue>
							<nc:LengthUnitCode>INH</nc:LengthUnitCode>
						</nc:PersonHeightMeasure>
						<nc:PersonName s:id="PersonName1_2">
							<!--Subject.Name First Name-->
							<nc:PersonGivenName>Thomas</nc:PersonGivenName>
							<!--Subject.Name Middle Name-->
							<nc:PersonMiddleName>Lee</nc:PersonMiddleName>
							<!--Subject.Name Last Name-->
							<nc:PersonSurName>Jones</nc:PersonSurName>
						</nc:PersonName>
						<!-- Subject.ID Number Gang System -->
						<nc:PersonOtherIdentification>
							<nc:IdentificationID>76986</nc:IdentificationID>
							<nc:IdentificationCategoryText>Gang System</nc:IdentificationCategoryText>
						</nc:PersonOtherIdentification>
						<!-- Subject.ID Number Local Agency -->
						<nc:PersonOtherIdentification>
							<nc:IdentificationID>9999996</nc:IdentificationID>
							<nc:IdentificationCategoryText>Local Agency</nc:IdentificationCategoryText>
						</nc:PersonOtherIdentification>
						<!-- Subject.ID Number Offender Based Tracking -->
						<nc:PersonOtherIdentification>
							<nc:IdentificationID>8881238829</nc:IdentificationID>
							<nc:IdentificationCategoryText>Offender Based Tracking</nc:IdentificationCategoryText>
						</nc:PersonOtherIdentification>
						<nc:PersonOtherIdentification>
							<!-- Subject.ID Number Miscellaneous -->
							<nc:IdentificationID>1199996</nc:IdentificationID>
							<!-- Subject.ID Number Miscellaneous, Type -->
							<nc:IdentificationCategoryText>Health Services ID</nc:IdentificationCategoryText>
							<!-- Subject.ID Number Miscellaneous, State of issue -->
						   <j:IdentificationJurisdictionNCICLISCode>CA</j:IdentificationJurisdictionNCICLISCode>
							<!-- Subject.ID Number Miscellaneous, Issuing Agency -->
						   <nc:IdentificationSourceText>Dept. of Health</nc:IdentificationSourceText>
						</nc:PersonOtherIdentification>
						<nc:PersonPassportIdentification>
							<!-- Subject.ID Number Passport -->
						   <nc:IdentificationID>1239098494</nc:IdentificationID>
						</nc:PersonPassportIdentification>
						<!-- Subject.Race Code -->
						<nc:PersonRaceCode>W</nc:PersonRaceCode>
						<!-- Subject.Race Description (commented out because only one of text/code allowed -->
						<!--<nc:PersonRaceText>White</nc:PersonRaceText>-->
						<!-- Subject.Sex Code -->
						<nc:PersonSexCode>M</nc:PersonSexCode>
						<!-- Subject.ID Number Social Security -->
						<nc:PersonSSNIdentification>
							<nc:IdentificationID>034-78-6533</nc:IdentificationID>
						</nc:PersonSSNIdentification>
						<!-- Subject.Weight Measure -->
						<nc:PersonWeightMeasure>
							<nc:MeasurePointValue>185</nc:MeasurePointValue>
							<nc:WeightUnitCode>LBR</nc:WeightUnitCode>
						</nc:PersonWeightMeasure>
						<j:PersonAugmentation>
							<nc:DriverLicense>
								<nc:DriverLicenseIdentification>
									<!-- Subject.Operator's License Number -->
									<nc:IdentificationID>G56399877632988</nc:IdentificationID>
									<!-- Subject.Operator's License Expiration Date -->
								   <nc:IdentificationExpirationDate>
									  <nc:Date>2012-01-01</nc:Date>
								   </nc:IdentificationExpirationDate>
									<!-- Subject.Operator's License State -->
									<j:IdentificationJurisdictionNCICLISCode>CA</j:IdentificationJurisdictionNCICLISCode>
								</nc:DriverLicenseIdentification>
							</nc:DriverLicense>
							<!-- Subject.ID Number FBI -->
							<j:PersonFBIIdentification>
								<nc:IdentificationID>034782234457</nc:IdentificationID>
							</j:PersonFBIIdentification>
							<!-- Subject.ID Number State Fingerprint Repository -->
							<j:PersonStateFingerprintIdentification>
							   <nc:IdentificationID>1234568</nc:IdentificationID>
							</j:PersonStateFingerprintIdentification>
						</j:PersonAugmentation>
						<lexsdigest:PersonAugmentation>
						   <im:AlienNumber>
							  <!-- Subject.ID Number Alien Registration -->
							  <nc:IdentificationID>1234568</nc:IdentificationID>
						   </im:AlienNumber>
						</lexsdigest:PersonAugmentation>
					</lexsdigest:Person>
				</lexsdigest:EntityPerson>
			</lexs:Digest>
			<!--=======================  Package Attachment Subject Image  =======================-->
			<!-- Subject.Photo (see also lexsdigest:EntityPersonFacialImageAssociation) -->
			<lexs:AttachmentLink s:id="PAttachment1_2">
				<lexs:AttachmentURI>http://www.gtri.org/LEXS/examples/TommyJonesMugshot2.jpg</lexs:AttachmentURI>
				<lexs:AttachmentViewableIndicator>true</lexs:AttachmentViewableIndicator>
				<nc:BinaryDescriptionText>Mug shot for Tommy Lee Jones</nc:BinaryDescriptionText>
				<!-- Subject.Photo Type Description -->
				<nc:BinaryCategoryText>Mug shot</nc:BinaryCategoryText>
			</lexs:AttachmentLink>
            <!--=======================  Data Submitter Metadata  =======================-->
			<lexs:DataSubmitterMetadata>
				<lexs:SystemIdentifier>
					<nc:OrganizationName>Los Angeles Police Department</nc:OrganizationName>
					<lexs:SystemID>SysC</lexs:SystemID>
				</lexs:SystemIdentifier>
				<lexs:SystemContact>
					<nc:PersonGivenName>Michael</nc:PersonGivenName>
					<nc:PersonSurName>Park</nc:PersonSurName>
					<nc:ContactTelephoneNumber>
						<nc:FullTelephoneNumber>
							<nc:TelephoneNumberFullID>302-555-5555 x6</nc:TelephoneNumberFullID>
						</nc:FullTelephoneNumber>
					</nc:ContactTelephoneNumber>
				</lexs:SystemContact>
			</lexs:DataSubmitterMetadata>
        </lexs:SearchResultPackage>
    </lexs:SearchResponseMessage>
</lexssr:doSearchResponse>
