<?xml version="1.0" encoding="UTF-8"?>
<!--
    LEXS version  : 3.1.4
    Description   : Sample getDataItemRequest for Gang IEPD, showing a request for a specific data item ID
    Version       : 1
-->
<lexssr:getDataItemRequest
    xmlns:nc="http://niem.gov/niem/niem-core/2.0"
    xmlns:lexs="http://usdoj.gov/leisp/lexs/3.1"
    xmlns:lexssr="http://usdoj.gov/leisp/lexs/searchretrieve/3.1"
    xmlns:xsi="http://www.w3.org/2001/XMLSchema-instance"
    xsi:schemaLocation="http://usdoj.gov/leisp/lexs/searchretrieve/3.1 ../xsd/lexs/search-retrieve/3.1/search-retrieve.xsd">
    <lexs:DataItemRequestMessage>
        <lexs:SRMessageMetadata>
            <lexs:LEXSVersion>3.1.4</lexs:LEXSVersion>
			<lexs:MessageDateTime>2010-12-01T09:34:47.0Z</lexs:MessageDateTime>
            <lexs:MessageSequenceNumber>40</lexs:MessageSequenceNumber>
			<!--====================== Message Origin ==========================-->
			<lexs:MessageOriginMetadata>
				<lexs:SystemIdentifier>
					<!-- lexs:ORI>CA000000009</lexs:ORI -->
					<!-- lexs:ORI or lexs:OriginatingAgencyID -->
					<lexs:OriginatingAgencyID>Santa Ana PD-GU.Coplink</lexs:OriginatingAgencyID>
					<nc:OrganizationName>Santa Ana PD-GU</nc:OrganizationName>
					<lexs:SystemID>CopLink</lexs:SystemID>
				</lexs:SystemIdentifier>
				<lexs:SystemContact>
					<nc:PersonGivenName>Bob</nc:PersonGivenName>
					<nc:PersonSurName>Jones</nc:PersonSurName>
					<nc:ContactTelephoneNumber>
						<nc:FullTelephoneNumber>
							<nc:TelephoneNumberFullID>404-555-1212</nc:TelephoneNumberFullID>
						</nc:FullTelephoneNumber>
					</nc:ContactTelephoneNumber>
				</lexs:SystemContact>
			</lexs:MessageOriginMetadata>
			<!--====================== Message Destination ==========================-->
			<lexs:MessageDestinationIdentifier>
				<!-- lexs:ORI>CA000000009</lexs:ORI -->
				<!-- lexs:ORI or lexs:OriginatingAgencyID -->
				<lexs:OriginatingAgencyID>Santa Ana PD-GU.Coplink</lexs:OriginatingAgencyID>
				<nc:OrganizationName>Santa Ana PD-GU</nc:OrganizationName>
				<lexs:SystemID>CopLink</lexs:SystemID>
			</lexs:MessageDestinationIdentifier>
        </lexs:SRMessageMetadata>
		<lexs:UserAssertion>
			<lexs:UserID>ABC123</lexs:UserID>
			<nc:PersonGivenName>Bill</nc:PersonGivenName>
			<nc:PersonSurName>Jones</nc:PersonSurName>
			<nc:ContactTelephoneNumber>
				<nc:NANPTelephoneNumber>
					<nc:TelephoneAreaCodeID>111</nc:TelephoneAreaCodeID>
					<nc:TelephoneExchangeID>222</nc:TelephoneExchangeID>
					<nc:TelephoneLineID>3333</nc:TelephoneLineID>
				</nc:NANPTelephoneNumber>
			</nc:ContactTelephoneNumber>
			<nc:OrganizationName>ATF</nc:OrganizationName>
			<!-- lexs:ORI or lexs:OriginatingAgencyID -->
			<!--lexs:OriginatingAgencyID>Santa Ana PD-GU.Coplink</lexs:OriginatingAgencyID-->
			<lexs:ORI>CA000000009</lexs:ORI>
			<lexs:DomainAttribute>
				<lexs:AttributeName>PurposeCode</lexs:AttributeName>
				<lexs:AttributeValue>Case# 123456Gang-Unit</lexs:AttributeValue>
				<lexs:Domain>GIn-Ex</lexs:Domain>
			</lexs:DomainAttribute>
		</lexs:UserAssertion>
        <lexs:DataItemID>12345679</lexs:DataItemID>
        <lexs:StructuredPayloadsRequestedCode>all</lexs:StructuredPayloadsRequestedCode>
    </lexs:DataItemRequestMessage>
</lexssr:getDataItemRequest>
