<?xml version="1.0" encoding="UTF-8"?>
<?xml-stylesheet href="xsl/GIn-Ex.xsl" type="text/xsl"?>
<!--
    LEXS version  : 3.1.4
    Description   : Sample getDataItemResponse for Gang IEPD, showing a response containing a specific data item ID
    Version       : 1
-->
<lexssr:getDataItemResponse xmlns:j="http://niem.gov/niem/domains/jxdm/4.0" xmlns:scr="http://niem.gov/niem/domains/screening/2.0" xmlns:nc="http://niem.gov/niem/niem-core/2.0" xmlns:s="http://niem.gov/niem/structures/2.0" xmlns:im="http://niem.gov/niem/domains/immigration/2.0" xmlns:lexs="http://usdoj.gov/leisp/lexs/3.1" xmlns:lexsdigest="http://usdoj.gov/leisp/lexs/digest/3.1" xmlns:lexslib="http://usdoj.gov/leisp/lexs/library/3.1" xmlns:lexssr="http://usdoj.gov/leisp/lexs/searchretrieve/3.1" xmlns:xsi="http://www.w3.org/2001/XMLSchema-instance" xmlns:ansi-nist="http://niem.gov/niem/ansi-nist/2.0" xmlns:gang="http://fbi.gov/cjis/N-DEx/IncarcerationBookingProbationParole/2.2" xsi:schemaLocation="http://usdoj.gov/leisp/lexs/searchretrieve/3.1 ../xsd/lexs/search-retrieve/3.1/search-retrieve.xsd">
	<lexs:DataItemResponseMessage>
		<lexs:SRMessageMetadata>
			<lexs:LEXSVersion>3.1.4</lexs:LEXSVersion>
			<lexs:MessageDateTime>2010-12-01T09:36:47.0Z</lexs:MessageDateTime>
			<lexs:MessageSequenceNumber>50</lexs:MessageSequenceNumber>
			<lexs:MessageOriginMetadata>
				<lexs:SystemIdentifier>
					<lexs:OriginatingAgencyID>SRA Testing Organization.GangNet</lexs:OriginatingAgencyID>
					<nc:OrganizationName>SRA Testing Organization</nc:OrganizationName>
					<lexs:SystemID>GangNet</lexs:SystemID>
				</lexs:SystemIdentifier>
				<lexs:SystemContact>
					<nc:PersonGivenName>Jim</nc:PersonGivenName>
					<nc:PersonMiddleName>Mikael</nc:PersonMiddleName>
					<nc:PersonSurName>Rorison</nc:PersonSurName>
					<nc:PersonFullName>Rorison, Jim Mikael</nc:PersonFullName>
					<nc:ContactEmailID>rn@gmail.com</nc:ContactEmailID>
				</lexs:SystemContact>
			</lexs:MessageOriginMetadata>
			<lexs:MessageDestinationIdentifier>
				<lexs:OriginatingAgencyID>Santa Ana PD-GU.CopLink</lexs:OriginatingAgencyID>
				<nc:OrganizationName>Santa Ana PD-GU</nc:OrganizationName>
				<lexs:SystemID>CopLink</lexs:SystemID>
			</lexs:MessageDestinationIdentifier>
		</lexs:SRMessageMetadata>
		<lexs:ResponseMetadata>
			<lexs:ResultCode>Success</lexs:ResultCode>
			<lexs:InResponseToMessageSequenceNumber>40</lexs:InResponseToMessageSequenceNumber>
		</lexs:ResponseMetadata>
		<lexs:DataSubmitterMetadata>
			<lexs:SystemIdentifier>
				<nc:OrganizationName>Los Angeles Police Department</nc:OrganizationName>
				<lexs:SystemID>SysC</lexs:SystemID>
			</lexs:SystemIdentifier>
			<lexs:SystemContact>
				<nc:PersonGivenName>Michael</nc:PersonGivenName>
				<nc:PersonSurName>Park</nc:PersonSurName>
				<nc:ContactTelephoneNumber>
					<nc:FullTelephoneNumber>
						<nc:TelephoneNumberFullID>302-555-5555 x6</nc:TelephoneNumberFullID>
					</nc:FullTelephoneNumber>
				</nc:ContactTelephoneNumber>
			</lexs:SystemContact>
		</lexs:DataSubmitterMetadata>
			<lexs:DataItemPackage>
				<lexs:PackageMetadata>
					<lexs:DataItemID>12345679</lexs:DataItemID>
					<!-- DataItemContact is mandatory, at least one must be provided and there can be more than one -->
					<lexs:DataItemContact>
						<nc:PersonSurName>See full name</nc:PersonSurName>
						<!-- Subject.Contact Name Full -->
						<nc:PersonFullName>David Jackson</nc:PersonFullName>
					    <!-- Subject.Contact Email -->
					    <nc:ContactEmailID>jones@lapd.gov</nc:ContactEmailID>
						<nc:ContactTelephoneNumber>
							<nc:FullTelephoneNumber>
								<!-- Subject.Contact Telephone Voice Number -->
								<nc:TelephoneNumberFullID>333-444-5555 x6</nc:TelephoneNumberFullID>
							</nc:FullTelephoneNumber>
						</nc:ContactTelephoneNumber>
						<nc:ContactFaxNumber>
							<nc:FullTelephoneNumber>
								<!-- Subject.Contact Telephone Fax Number -->
								<nc:TelephoneNumberFullID>908-555-1211</nc:TelephoneNumberFullID>
							</nc:FullTelephoneNumber>
						</nc:ContactFaxNumber>
						<nc:ContactMobileTelephoneNumber>
							<nc:FullTelephoneNumber>
								<!-- Subject.Contact Telephone Cell Number -->
								<nc:TelephoneNumberFullID>908-555-1213</nc:TelephoneNumberFullID>
							</nc:FullTelephoneNumber>
						</nc:ContactMobileTelephoneNumber>
						<!-- Subject.Contact Agency Name -->
						<nc:OrganizationName>Los Angeles Police Department</nc:OrganizationName>
						<lexs:DomainAttribute>
						   <lexs:Domain>GIn-Ex</lexs:Domain>
							<!-- Subject.Contact Agency Type Description -->
							<nc:OrganizationCategoryText>Police</nc:OrganizationCategoryText>
						</lexs:DomainAttribute>
						<lexs:DomainAttribute>
						   <lexs:Domain>GIn-Ex</lexs:Domain>
							<!-- Subject.Contact Agency Address Full -->
							<nc:AddressFullText>1235 Police Blvd, Los Angeles, CA 22222</nc:AddressFullText>
						</lexs:DomainAttribute>
						<lexs:DomainAttribute>
						   <lexs:Domain>GIn-Ex</lexs:Domain>
							<!-- Subject.Contact Agency Identifier -->
							<j:OrganizationORIIdentification>
								<nc:IdentificationID>CA235023J</nc:IdentificationID>
							</j:OrganizationORIIdentification>
						</lexs:DomainAttribute>
					</lexs:DataItemContact>
					<lexs:DataItemDate>2006-12-13</lexs:DataItemDate>
					<!-- DataItemReferenceID may be the same as the DataItemID, or may be a more human-readable version of DataItemID -->
					<lexs:DataItemReferenceID>1912345678</lexs:DataItemReferenceID>
					<lexs:DataItemPublishInstruction>Insert</lexs:DataItemPublishInstruction>
					<lexs:DataItemStatus>Closed_Case</lexs:DataItemStatus>
					<!--=======================  Data Owner Metadata  =======================-->
					<lexs:DataOwnerMetadata>
						<lexs:DataOwnerIdentifier>
							<lexs:OriginatingAgencyID>DD1234567</lexs:OriginatingAgencyID>
							<nc:OrganizationName>Los Angeles County Sheriff's Department</nc:OrganizationName>
							<lexs:SystemID>SysD</lexs:SystemID>
						</lexs:DataOwnerIdentifier>
						<lexs:DataOwnerContact>
							<nc:PersonGivenName>Will</nc:PersonGivenName>
							<nc:PersonSurName>Dee</nc:PersonSurName>
							<nc:ContactTelephoneNumber>
								<nc:FullTelephoneNumber>
									<nc:TelephoneNumberFullID>222-222-3333</nc:TelephoneNumberFullID>
								</nc:FullTelephoneNumber>
							</nc:ContactTelephoneNumber>
						</lexs:DataOwnerContact>
					</lexs:DataOwnerMetadata>
					<lexs:DisseminationCriteriaValue>
					   <lexs:DisseminationCriteriaDomainText>28 CFR Part 23</lexs:DisseminationCriteriaDomainText>
					   <lexs:DisseminationCriteriaText>Open</lexs:DisseminationCriteriaText>
					</lexs:DisseminationCriteriaValue>
					<lexs:DataItemCategory>
					   <lexs:DataItemCategoryText>Gang Information Report</lexs:DataItemCategoryText>
					</lexs:DataItemCategory>
					<lexs:DomainAttribute>
					   <lexs:AttributeName>Source reliability</lexs:AttributeName>
					   <lexs:AttributeValue>Reliable</lexs:AttributeValue>
					   <lexs:Domain>28 CFR Part 23</lexs:Domain>
					</lexs:DomainAttribute>
					<lexs:DomainAttribute>
					   <lexs:AttributeName>Content validity</lexs:AttributeName>
					   <lexs:AttributeValue>Probable</lexs:AttributeValue>
					   <lexs:Domain>28 CFR Part 23</lexs:Domain>
					</lexs:DomainAttribute>
					<lexs:DomainAttribute>
					   <lexs:AttributeName>Criteria for entry</lexs:AttributeName>
						<!-- Subject.Criteria for Entry-->
					   <lexs:AttributeValue>Some criteria for entry</lexs:AttributeValue>
					   <lexs:Domain>GIn-Ex</lexs:Domain>
					   <!-- Subject.Criteria for Entry Reported Date-->
						<nc:ReportedDate>
							<nc:Date>2002-11-12</nc:Date>
						</nc:ReportedDate>
					</lexs:DomainAttribute>
					<lexs:DomainAttribute>
					   <lexs:AttributeName>Record modify date</lexs:AttributeName>
					   <lexs:Domain>GIn-Ex</lexs:Domain>
						<!-- Subject.Record Modify Date-->
						<nc:LastUpdatedDate>
							<nc:Date>2002-11-12</nc:Date>
						</nc:LastUpdatedDate>
					</lexs:DomainAttribute>
				</lexs:PackageMetadata>
				<lexs:Digest>
					<!--=======================  Entities  =======================-->
					<lexsdigest:EntityPerson s:id="EPerson1">
						<lexsdigest:Metadata s:id="MPersonBirthDate1">
							<nc:CommentText>Range Lower Value</nc:CommentText>
						</lexsdigest:Metadata>
						<lexsdigest:Metadata s:id="MPersonBirthDate2">
							<nc:CommentText>Range Upper Value</nc:CommentText>
						</lexsdigest:Metadata>
						<lexsdigest:Metadata s:id="MSubject1-1">
							<!--Subject.Alert Record Entry Agency-->
							<nc:CommentText>Reported by LA County Sheriff's Department</nc:CommentText>
							<!--Subject.Alert Record Entry Date-->
							<nc:ReportedDate>
								<nc:Date>2002-11-12</nc:Date>
							</nc:ReportedDate>
						</lexsdigest:Metadata>
						<lexsdigest:Metadata s:id="MSubject1-2">
							<!--Subject.Alert Record Entry Agency-->
							<nc:CommentText>Reported by LA County Sheriff's Department</nc:CommentText>
							<!--Subject.Alert Record Entry Date-->
							<nc:ReportedDate>
								<nc:Date>2002-11-12</nc:Date>
							</nc:ReportedDate>
						</lexsdigest:Metadata>
						<lexsdigest:Metadata s:id="MSubject1-3">
							<!--Subject.Alert Record Entry Date-->
							<nc:ReportedDate>
								<nc:Date>2002-11-12</nc:Date>
							</nc:ReportedDate>
						</lexsdigest:Metadata>
						<lexsdigest:Metadata s:id="MSubject1-4">
							<!--Subject.Alert Record Entry Date-->
							<nc:ReportedDate>
								<nc:Date>2002-11-12</nc:Date>
							</nc:ReportedDate>
						</lexsdigest:Metadata>
						<lexsdigest:Metadata s:id="MSubject1-5">
							<!--Subject.Alert Record Entry Date-->
							<nc:ReportedDate>
								<nc:Date>2002-11-12</nc:Date>
							</nc:ReportedDate>
						</lexsdigest:Metadata>
						<lexsdigest:Metadata s:id="MSubject1-6">
							<!--Subject.Alert Record Entry Date-->
							<nc:ReportedDate>
								<nc:Date>2002-11-12</nc:Date>
							</nc:ReportedDate>
						</lexsdigest:Metadata>
						<lexsdigest:Metadata s:id="MSubject1-7">
							<!--Subject.Alert Record Entry Date-->
							<nc:ReportedDate>
								<nc:Date>2002-11-12</nc:Date>
							</nc:ReportedDate>
						</lexsdigest:Metadata>
						<lexsdigest:Metadata s:id="MSubject1-8">
							<!--Subject.Alert Record Entry Date-->
							<nc:ReportedDate>
								<nc:Date>2002-11-12</nc:Date>
							</nc:ReportedDate>
						</lexsdigest:Metadata>
						<lexsdigest:Person s:id="Person1">
							<nc:PersonAgeMeasure>
								<nc:MeasurePointValue>54</nc:MeasurePointValue>
								<nc:TimeUnitCode>ANN</nc:TimeUnitCode>
							</nc:PersonAgeMeasure>
							<!--Subject.Moniker Name-->
							<nc:PersonAlternateName s:id="Moniker1">
								<nc:PersonFullName>Supergirl</nc:PersonFullName>
							</nc:PersonAlternateName>
							<nc:PersonAlternateName s:id="Alias1">
								<!--Subject.Alias Name First Name-->
								<nc:PersonGivenName>Timmy</nc:PersonGivenName>
								<!--Subject.Alias Name Middle Name-->
								<nc:PersonMiddleName>Levi</nc:PersonMiddleName>
								<!--Subject.Alias Name Last Name-->
								<nc:PersonSurName>Johnson</nc:PersonSurName>
							</nc:PersonAlternateName>
							<!-- Subject.Birth Date -->
							<nc:PersonBirthDate>
								<nc:Date>1955-11-09</nc:Date>
							</nc:PersonBirthDate>
							<!-- Subject.Birth Date Range Lower Value-->
							<nc:PersonBirthDate s:metadata="MPersonBirthDate1">
								<nc:Year>1950</nc:Year>
							</nc:PersonBirthDate>
							<!-- Subject.Birth Date Range Upper Value-->
							<nc:PersonBirthDate s:metadata="MPersonBirthDate2">
								<nc:Year>1956</nc:Year>
							</nc:PersonBirthDate>
							<!-- Subject.Citizenship Code -->
							<nc:PersonCitizenshipFIPS10-4Code>AA</nc:PersonCitizenshipFIPS10-4Code>
							<!-- Subject.Eye Color Code -->
   							<nc:PersonEyeColorCode>BLK</nc:PersonEyeColorCode>
							<!-- Subject.Eye Color Description (commented out because only one of text/code allowed -->
   							<!--<nc:PersonEyeColorText>Black with white spots</nc:PersonEyeColorText>-->
							<!-- Subject.Eye Hair Code -->
							<nc:PersonHairColorCode>BLK</nc:PersonHairColorCode>
							<!-- Subject.Hair Color Description (commented out because only one of text/code allowed -->
   							<!--<nc:PersonHairColorText>Black with some gray</nc:PersonHairColorText>-->
							<!-- Subject.Height Measure -->
							<nc:PersonHeightMeasure>
								<nc:MeasurePointValue>73</nc:MeasurePointValue>
								<nc:LengthUnitCode>INH</nc:LengthUnitCode>
							</nc:PersonHeightMeasure>
							<nc:PersonName s:id="PersonName1">
								<!--Subject.Name First Name-->
								<nc:PersonGivenName>Tommy</nc:PersonGivenName>
								<!--Subject.Name Middle Name-->
								<nc:PersonMiddleName>Lee</nc:PersonMiddleName>
								<!--Subject.Name Last Name-->
								<nc:PersonSurName>Jones</nc:PersonSurName>
							</nc:PersonName>
							<!-- Subject.ID Number Gang System -->
							<nc:PersonOtherIdentification>
								<nc:IdentificationID>76985</nc:IdentificationID>
								<nc:IdentificationCategoryText>Gang System</nc:IdentificationCategoryText>
							</nc:PersonOtherIdentification>
							<!-- Subject.ID Number Local Agency -->
							<nc:PersonOtherIdentification>
								<nc:IdentificationID>9999995</nc:IdentificationID>
								<nc:IdentificationCategoryText>Local Agency</nc:IdentificationCategoryText>
							</nc:PersonOtherIdentification>
							<!-- Subject.ID Number Offender Based Tracking -->
							<nc:PersonOtherIdentification>
								<nc:IdentificationID>8881238828</nc:IdentificationID>
								<nc:IdentificationCategoryText>Offender Based Tracking</nc:IdentificationCategoryText>
							</nc:PersonOtherIdentification>
							<nc:PersonOtherIdentification>
								<!-- Subject.ID Number Miscellaneous -->
								<nc:IdentificationID>1199995</nc:IdentificationID>
								<!-- Subject.ID Number Miscellaneous, Type -->
								<nc:IdentificationCategoryText>Health Services ID</nc:IdentificationCategoryText>
								<!-- Subject.ID Number Miscellaneous, State of issue -->
							   <j:IdentificationJurisdictionNCICLISCode>CA</j:IdentificationJurisdictionNCICLISCode>
								<!-- Subject.ID Number Miscellaneous, Issuing Agency -->
							   <nc:IdentificationSourceText>Dept. of Health</nc:IdentificationSourceText>
							</nc:PersonOtherIdentification>
							<nc:PersonPassportIdentification>
								<!-- Subject.ID Number Passport -->
							   <nc:IdentificationID>1239098493</nc:IdentificationID>
							</nc:PersonPassportIdentification>
							<!-- Subject.Race Code -->
							<nc:PersonRaceCode>W</nc:PersonRaceCode>
							<!-- Subject.Race Description (commented out because only one of text/code allowed -->
   							<!--<nc:PersonRaceText>White</nc:PersonRaceText>-->
							<!-- Subject.Sex Code -->
							<nc:PersonSexCode>M</nc:PersonSexCode>
							<!-- Subject.ID Number Social Security -->
							<nc:PersonSSNIdentification>
								<nc:IdentificationID>034-78-6532</nc:IdentificationID>
							</nc:PersonSSNIdentification>
							<!-- Subject.Weight Measure -->
							<nc:PersonWeightMeasure>
								<nc:MeasurePointValue>185</nc:MeasurePointValue>
								<nc:WeightUnitCode>LBR</nc:WeightUnitCode>
							</nc:PersonWeightMeasure>
							<j:PersonAugmentation>
								<nc:DriverLicense>
									<nc:DriverLicenseIdentification>
										<!-- Subject.Operator's License Number -->
										<nc:IdentificationID>G56399877632987</nc:IdentificationID>
										<!-- Subject.Operator's License Expiration Date -->
									   <nc:IdentificationExpirationDate>
										  <nc:Date>2012-01-01</nc:Date>
									   </nc:IdentificationExpirationDate>
										<!-- Subject.Operator's License State -->
										<j:IdentificationJurisdictionNCICLISCode>CA</j:IdentificationJurisdictionNCICLISCode>
									</nc:DriverLicenseIdentification>
								</nc:DriverLicense>
								<!-- Subject.ID Number FBI -->
								<j:PersonFBIIdentification>
									<nc:IdentificationID>034782234456</nc:IdentificationID>
								</j:PersonFBIIdentification>
								<!-- Subject.ID Number State Fingerprint Repository -->
								<j:PersonStateFingerprintIdentification>
								   <nc:IdentificationID>1234567</nc:IdentificationID>
								</j:PersonStateFingerprintIdentification>
							</j:PersonAugmentation>
							<lexsdigest:PersonAugmentation>
							   <im:AlienNumber>
								  <!-- Subject.ID Number Alien Registration -->
								  <nc:IdentificationID>1234567</nc:IdentificationID>
							   </im:AlienNumber>
							</lexsdigest:PersonAugmentation>
						</lexsdigest:Person>
						<!--  Alerts -->
						<!--Use SubjectOffenderNoticeText For:
							A-1 Caution Text: Active Offender
							A-5 Caution Text: Assault on Police
							A-6 Caution Text: Convicted Felon
							A-7 Caution Text: Deceased
							A-8 Caution Text: Deported
							A-10 Caution Text: DNA Swab On File
							A-14 Caution Text: File Merge
							A-17 Caution Text: House Arrest
							A-18 Caution Text: In Custody
							A-20 Caution Text: Known to Carry Weapons
							A-22 Caution Text: May be ICE Deportable
							A-24 Caution Text: Military Service - Active or Inactive
							A-25 Caution Text: Military Training
							A-26 Caution Text: No Gang Clause
							A-28 Caution Text: Outstanding Arrest Warrant
							A-29 Caution Text: Parole
							A-30 Caution Text: Prior Identity Confusion
							A-31 Caution Text: PROBATION - Cannot Associate with Gang Members
							A-32 Caution Text: Project Safe Neighborhood
							A-33 Caution Text: Protective Equipment Recommended
							A-34 Caution Text: Resists Police
							A-36 Caution Text: Subject is in Custody
							A-38 Caution Text: Universal Precautions
							A-40 Caution Text: Wanted
							** or any other value that does not fit into the categories below **
							-->
						<!--A-1 Caution Text: Active Offender-->
						<j:Subject s:metadata="MSubject1-1">
							<nc:RoleOfPersonReference s:ref="Person1"/>
							<!-- Subject.Alert Text -->
							<j:SubjectOffenderNoticeText>Caution: Active Offender</j:SubjectOffenderNoticeText>
						</j:Subject>
						<!--Use SubjectCautionInformationCode For:
							Alcoholic (55)
							Allergies (60)
							Armed and Dangerous (00)
							Diabetic (90)
							Epilepsy (65)
							Escape Risk (25)
							Explosive Expertise (15)
							Heart Condition (50)
							Hemophiliac (85)
							Known to Abuse Drugs (20)
							Martial Arts Expert (10)
							Medication Required (80)
							Other (01)
							Sexually Violent Predator (30)
							Suicidal (70)
							Violent Tendencies (05)
						-->
						<j:Subject s:metadata="MSubject1-2">
							<nc:RoleOfPersonReference s:ref="Person1"/>
							<!-- Subject.Alert Text -->
							<j:SubjectCautionInformationCode>55</j:SubjectCautionInformationCode>
						</j:Subject>
						<!--==============================Subject Criteria==============-->
						<!--Use CriminalTraitCommunicationDescriptionText For:

						* Corresponds with known gang members or writes and/or receives correspondence about gang activities
						* Is in a photograph with known gang members and/or using gang-related hand signs
						* Name is on a gang document, hit list or gang-related graffiti
						* Subj is in possession of gang/tagger graffiti/writing
						* Subject has been seen displaying gang symbols or hand signs or writes graffiti.
						* Subject uses gang language or terminology.
						* Writes about gangs (graffiti) on walls, books and paper
						-->
						<j:Subject s:metadata="MSubject1-3">
							<nc:RoleOfPersonReference s:ref="Person1"/>
							<j:SubjectCriminalTraitDetails>
								<!-- Subject.Alert Text -->
								<j:CriminalTraitCommunicationDescriptionText>Subject Criteria: Writes about gangs (graffiti) on walls, books and paper</j:CriminalTraitCommunicationDescriptionText>
							</j:SubjectCriminalTraitDetails>
						</j:Subject>
						<!--Use CriminalTraitDescriptionText For:
						* Active Warrant for Gang Related Crime
						* Admits gang membership or association
						* In-custody department of corrections background screening supports the individual's gang affiliation.
						* Subject has been identified as a gang member by a reliable informant/source.
						* Subject has been identified as a gang member by an unproven informant / untested source.
						* Subject has been identified as a gang member through documented reasonable suspicion.
						* Subject has been seen affiliating with / associated with  documented gang members.
						* Subject in possession of gang physical evidence or linked via physical evidence.
						* Subject uses gang moniker or nickname.-->
						<j:Subject s:metadata="MSubject1-4">
							<nc:RoleOfPersonReference s:ref="Person1"/>
							<j:SubjectCriminalTraitDetails>
								<!-- Subject.Alert Text -->
								<j:CriminalTraitDescriptionText>Subject Criteria: Subject uses gang moniker or nickname.</j:CriminalTraitDescriptionText>
							</j:SubjectCriminalTraitDetails>
						</j:Subject>
						<!--Use CriminalTraitDressText For:
						* Subject has been seen wearing gang dress.-->
						<j:Subject s:metadata="MSubject1-5">
							<nc:RoleOfPersonReference s:ref="Person1"/>
							<j:SubjectCriminalTraitDetails>
								<!-- Subject.Alert Text -->
								<j:CriminalTraitDressText>Subject Criteria: Subject has been seen wearing gang dress.</j:CriminalTraitDressText>
							</j:SubjectCriminalTraitDetails>
						</j:Subject>
						<!--Use CriminalTraitModusOperandiText For:
						* Subject has been arrested for offenses consistent with usual gang activity
						* Subject has been involved in a criminal gang incident.
						-->
						<j:Subject s:metadata="MSubject1-6">
							<nc:RoleOfPersonReference s:ref="Person1"/>
							<j:SubjectCriminalTraitDetails>
								<!-- Subject.Alert Text -->
								<j:CriminalTraitModusOperandiText>Subject Criteria: Subject has been involved in a criminal gang incident.</j:CriminalTraitModusOperandiText>
							</j:SubjectCriminalTraitDetails>
						</j:Subject>
						<!--Use CriminalTraitTattooDescriptionText For:
						* Subject is known to have gang tattoos or markings.-->
						<j:Subject s:metadata="MSubject1-7">
							<nc:RoleOfPersonReference s:ref="Person1"/>
							<j:SubjectCriminalTraitDetails>
								<!-- Subject.Alert Text -->
								<j:CriminalTraitTattooDescriptionText>Subject Criteria: Subject is known to have gang tattoos or markings.</j:CriminalTraitTattooDescriptionText>
							</j:SubjectCriminalTraitDetails>
						</j:Subject>
						<!--Use CriminalTraitTurfText For:
						* Observed attending gang meetings.
						* Subject has been seen frequenting gang areas.-->
						<j:Subject s:metadata="MSubject1-8">
							<nc:RoleOfPersonReference s:ref="Person1"/>
							<j:SubjectCriminalTraitDetails>
								<!-- Subject.Alert Text -->
								<j:CriminalTraitTurfText>Subject Criteria: Subject has been seen frequenting gang areas.</j:CriminalTraitTurfText>
							</j:SubjectCriminalTraitDetails>
						</j:Subject>
					</lexsdigest:EntityPerson>
					<!-- Associate (see also nc:PersonAssociation) -->
					<lexsdigest:EntityPerson>
						<lexsdigest:Person s:id="Person4">
							<nc:PersonName>
								<!-- Subject.Associate, Name First Name -->
								<nc:PersonGivenName>Buddy</nc:PersonGivenName>
								<!-- Subject.Associate, Name Middle Name -->
								<nc:PersonMiddleName>Lee</nc:PersonMiddleName>
								<!-- Subject.Associate, Name Last Name -->
								<nc:PersonSurName>Smith</nc:PersonSurName>
							</nc:PersonName>
						</lexsdigest:Person>
					</lexsdigest:EntityPerson>
					<!-- Associate (see also nc:FamilyAssociation) -->
					<lexsdigest:EntityPerson>
						<lexsdigest:Metadata s:id="MPerson5">
							<nc:CommentText>28 CFR Part 23 Non-Criminal Identifier</nc:CommentText>
						</lexsdigest:Metadata>
						<lexsdigest:Person s:id="Person5" s:metadata="MPerson5">
							<nc:PersonName>
								<!-- Subject.Associate, Name First Name -->
								<nc:PersonGivenName>Diane</nc:PersonGivenName>
								<!-- Subject.Associate, Name Middle Name -->
								<nc:PersonMiddleName>Marie</nc:PersonMiddleName>
								<!-- Subject.Associate, Name Last Name -->
								<nc:PersonSurName>Johnson</nc:PersonSurName>
							</nc:PersonName>
						</lexsdigest:Person>
					</lexsdigest:EntityPerson>
					<!--  Subject Phone Number (see also lexsdigest:EntityTelephoneNumberAssociation)  -->
					<lexsdigest:EntityTelephoneNumber>
						<lexsdigest:TelephoneNumber s:id="TelephoneNumber1">
							<!--Subject.Telephone Number-->
							<nc:FullTelephoneNumber>
								<nc:TelephoneNumberFullID>695-444-7059</nc:TelephoneNumberFullID>
							</nc:FullTelephoneNumber>
						</lexsdigest:TelephoneNumber>
					</lexsdigest:EntityTelephoneNumber>
					<!-- Gang -->
					<lexsdigest:EntityOrganization>
						<lexsdigest:Metadata s:id="MOrg1">
							<!-- Gang.Identifier, System-assigned -->
							<nc:SourceIDText>S123456</nc:SourceIDText>
						</lexsdigest:Metadata>
						<nc:Organization s:id="Org1" s:metadata="MOrg1">
							<nc:OrganizationCategoryText>Gang</nc:OrganizationCategoryText>
							<!-- Gang.Name, common -->
							<nc:OrganizationName>MOB PIRU</nc:OrganizationName>
						</nc:Organization>
						<j:CriminalOrganization>
						   <nc:RoleOfOrganizationReference s:ref="Org1"/>
						   <j:CriminalOrganizationTraitDetails>
							  <!-- Gang.Identifying Colors -->
							  <j:CriminalTraitColorText>Black and red</j:CriminalTraitColorText>
							  <!-- Gang.Identifying Hand Signals -->
							  <j:CriminalTraitCommunicationDescriptionText>Raised pointer finger and little finger</j:CriminalTraitCommunicationDescriptionText>
							  <!-- Gang.Identifying Graffiti -->
							  <j:CriminalTraitDescriptionText>Red skull with black crossbones, usually with the word Piru</j:CriminalTraitDescriptionText>
							  <!-- Gang.Identifying Dress -->
							  <j:CriminalTraitDressText>Red bandannas</j:CriminalTraitDressText>
							  <!-- Gang.Identifying Crimes -->
							  <j:CriminalTraitModusOperandiText>Armed robberies of gas stations, crack dealing</j:CriminalTraitModusOperandiText>
							  <!-- Gang.Identifying Tattoos -->
							  <j:CriminalTraitTattooDescriptionText>Red skull with black crossbones</j:CriminalTraitTattooDescriptionText>
							  <!-- Gang.Operation, Area of -->
							  <j:CriminalTraitTurfText>Piru Street, Compton</j:CriminalTraitTurfText>
						   </j:CriminalOrganizationTraitDetails>
						</j:CriminalOrganization>
					</lexsdigest:EntityOrganization>
					<!-- Subgroup/Clique (see also nc:OrganizationSubsidiaryAssociation) -->
					<lexsdigest:EntityOrganization>
						<nc:Organization s:id="Cliq1">
							<!-- Gang.Type Description -->
							<nc:OrganizationCategoryText>Chapter</nc:OrganizationCategoryText>
							<!-- Gang.Subgroup Name (Clique Name) -->
							<nc:OrganizationName>ELM ST PIRU</nc:OrganizationName>
						</nc:Organization>
						<j:CriminalOrganization>
						   <nc:RoleOfOrganizationReference s:ref="Cliq1"/>
						</j:CriminalOrganization>
					</lexsdigest:EntityOrganization>
					<!-- Subject.Location (see also nc:PersonLocationAssociation, nc:PersonEmploymentLocationAssociation, lexsdigest:PersonArrestLocationAssociation)  -->
					<lexsdigest:EntityLocation>
						<nc:Location s:id="Loc1">
							<nc:LocationAddress>
								<nc:StructuredAddress>
									<!-- Subject.Location Unit Number-->
									<nc:AddressSecondaryUnitText>Apt 27C</nc:AddressSecondaryUnitText>
									<nc:LocationStreet>
										<!-- Subject.Location Street Number-->
										<nc:StreetNumberText>78945</nc:StreetNumberText>
										<!-- Subject.Location Street Direction-->
										<nc:StreetPredirectionalText>S</nc:StreetPredirectionalText>
										<!-- Subject.Location Street Name-->
										<nc:StreetName>Elm St</nc:StreetName>
										<!-- Subject.Location Street Suffix-->
										<nc:StreetPostdirectionalText>S</nc:StreetPostdirectionalText>
									</nc:LocationStreet>
									<!-- Subject.Location City-->
									<nc:LocationCityName>Compton</nc:LocationCityName>
									<!-- Subject.Location State-->
									<nc:LocationStateName>CA</nc:LocationStateName>
									<!-- Subject.Location Zip Code-->
									<nc:LocationPostalCode>90220</nc:LocationPostalCode>
								</nc:StructuredAddress>
							</nc:LocationAddress>
						</nc:Location>
					</lexsdigest:EntityLocation>
					<!-- Subject.Home Address (see also nc:ResidenceAssociation) -->
					<lexsdigest:EntityLocation>
						<nc:Location s:id="Loc2">
							<nc:LocationAddress>
								<nc:StructuredAddress>
									<!-- Subject.Home Address Apartment-->
									<nc:AddressSecondaryUnitText>Apt 2</nc:AddressSecondaryUnitText>
									<nc:LocationStreet>
										<!-- Subject.Home Address Street Full-->
										<nc:StreetFullText>123945 12th St S</nc:StreetFullText>
										<!-- Subject.Home Address Street Number-->
										<nc:StreetNumberText>123945</nc:StreetNumberText>
										<!-- Subject.Home Address Street Direction-->
										<nc:StreetPredirectionalText>S</nc:StreetPredirectionalText>
										<!-- Subject.Home Address Street Name-->
										<nc:StreetName>12th</nc:StreetName>
										<!-- Subject.Home Address Street Type-->
										<nc:StreetCategoryText>St</nc:StreetCategoryText>
									</nc:LocationStreet>
									<!-- Subject.Home Address City-->
									<nc:LocationCityName>Compton</nc:LocationCityName>
									<!-- Subject.Home Address State-->
									<nc:LocationStateName>CA</nc:LocationStateName>
									<!-- Subject.Home Address Zipcode-->
									<nc:LocationPostalCode>90220</nc:LocationPostalCode>
								</nc:StructuredAddress>
							</nc:LocationAddress>
						</nc:Location>
					</lexsdigest:EntityLocation>
					<!-- Birth Location (see also lexsdigest:PersonBirthLocationAssociation)  -->
					<lexsdigest:EntityLocation>
						<nc:Location s:id="Loc3">
							<nc:LocationAddress>
								<nc:StructuredAddress>
									<!-- Subject.Birth Location Address State Code -->
									<nc:LocationStateName>CA</nc:LocationStateName>
								</nc:StructuredAddress>
							</nc:LocationAddress>
						</nc:Location>
					</lexsdigest:EntityLocation>
					<!--=======================  Case   =======================-->
					<lexsdigest:EntityActivity>
						<nc:Activity s:id="Case1">
							<!-- Subject.Case Number-->
							<nc:ActivityIdentification>
							   <nc:IdentificationID>12AG12355</nc:IdentificationID>
							</nc:ActivityIdentification>
							<nc:ActivityCategoryText>Case</nc:ActivityCategoryText>
						</nc:Activity>
					</lexsdigest:EntityActivity>
					<!-- Case Agency -->
					<lexsdigest:EntityOrganization>
						<lexsdigest:Metadata s:id="MCaseAgency1">
							<nc:CommentText>28 CFR Part23 Non-Criminal Identifier</nc:CommentText>
						</lexsdigest:Metadata>
						<nc:Organization s:id="CaseAgency1" s:metadata="MCaseAgency1">
							<!-- Subject.Case Agency Name -->
							<nc:OrganizationName>California State Police</nc:OrganizationName>
						</nc:Organization>
					</lexsdigest:EntityOrganization>
					<!--=======================  Activity   =======================-->
					<lexsdigest:EntityActivity>
						<nc:Activity s:id="Incident1">
							<!-- Activity.Type Description-->
							<nc:ActivityCategoryText>Incident</nc:ActivityCategoryText>
							<!-- Activity.Date-->
							<nc:ActivityDate>
									<nc:DateTime>2006-11-02T01:30:00.0Z</nc:DateTime>
							</nc:ActivityDate>
							<!-- Activity.Description-->
							<nc:ActivityDescriptionText>Ms. Barbara Jackson was leaving her office party on 11/2/2006 at 1:30am.  As she walked down 12th Street, a man approached her wearing a ski mask with a Mob Piru Gang Logo, pushed Ms. Jackson down to the ground and raped her.   After raping Ms. Jackson, the subject ran away.  Ms. Jackson provided details about the subject to a police sketch artist.</nc:ActivityDescriptionText>
						</nc:Activity>
					</lexsdigest:EntityActivity>
					<!--=======================  Vehicle (see also nc:PersonItemAssociation)    =======================-->
					<lexsdigest:EntityVehicle s:id="EVehicle1">
					   <nc:Vehicle s:id="Vehicle1">
						  <!-- Subject.Vehicle Style Description-->
						  <nc:ItemDescriptionText>4-door Hatchback</nc:ItemDescriptionText>
						  <!-- Subject.Vehicle Color Code Primary-->
						  <nc:VehicleColorPrimaryCode>BLU</nc:VehicleColorPrimaryCode>
						  <!-- Subject.Vehicle Color Description Primary-->
						  <!-- Subject.Vehicle Color Description Secondary-->
						  <nc:ItemColorDescriptionText>Light blue, white</nc:ItemColorDescriptionText>
						  <!-- Subject.Vehicle Color Code Secondary-->
						  <nc:VehicleColorSecondaryCode>WHI</nc:VehicleColorSecondaryCode>
						  <!-- Subject.Vehicle Make Description-->
						  <nc:ItemMakeName>Subaru</nc:ItemMakeName>
						  <!-- Subject.Vehicle Model Description-->
						  <nc:ItemModelName>Outback</nc:ItemModelName>
						  <!-- Subject.Vehicle Year-->
						  <nc:ItemModelYearDate>2001</nc:ItemModelYearDate>
						  <!-- Subject.Vehicle Style Code-->
						  <nc:VehicleStyleCode>4H</nc:VehicleStyleCode>
						  <nc:ConveyanceRegistrationPlateIdentification>
						  	 <!-- Subject.Vehicle License Plate Number-->
							 <nc:IdentificationID>BHA112</nc:IdentificationID>
						  	 <!-- Subject.Vehicle License Plate Type-->
							 <nc:IdentificationCategoryText>Standard</nc:IdentificationCategoryText>
						  	 <!-- Subject.Vehicle License Plate Expiration-->
							 <nc:IdentificationExpirationDate>
							 	<nc:Date>2012-12-19</nc:Date>
							 </nc:IdentificationExpirationDate>
						  	 <!-- Subject.Vehicle License Plate State-->
							 <j:IdentificationJurisdictionNCICLISCode>CA</j:IdentificationJurisdictionNCICLISCode>
						  </nc:ConveyanceRegistrationPlateIdentification>
						  <!-- Subject.Vehicle Identification Number-->
						   <nc:VehicleIdentification>
							  <nc:IdentificationID>123445652342930494</nc:IdentificationID>
						   </nc:VehicleIdentification>
						  <!-- Subject.Vehicle Make Code-->
						  <nc:VehicleMakeCode>SUBA</nc:VehicleMakeCode>
						  <!-- Subject.Vehicle Model Code-->
						  <nc:VehicleModelCode>OUT</nc:VehicleModelCode>
					   </nc:Vehicle>
					</lexsdigest:EntityVehicle>
					<!--   Weapon (see also nc:PersonItemAssociation) -->
					<lexsdigest:EntityFirearm>
					   <nc:Firearm s:id="Weapon1">
						  <!-- Subject.Weapon Description-->
					      <nc:ItemDescriptionText>Glock semi-automatic pistol</nc:ItemDescriptionText>
					      <nc:ItemSerialIdentification>
						  	 <!-- Subject.Weapon Serial Number-->
					         <nc:IdentificationID>1234566</nc:IdentificationID>
					      </nc:ItemSerialIdentification>
					   </nc:Firearm>
						<nc:Weapon>
						   <nc:RoleOfItemReference s:ref="Weapon1"/>
						</nc:Weapon>
					</lexsdigest:EntityFirearm>
					<!--=======================  Associations  =======================-->
					<lexsdigest:Associations>
						<lexsdigest:Metadata s:id="MAssociation-1">
							<!-- Subject.Location Association Type Text -->
							<nc:CommentText>Frequents</nc:CommentText>
						</lexsdigest:Metadata>
						<!-- Vehicle/Photo Association -->
						<lexsdigest:EntityItemImageAssociation>
							<lexsdigest:EntityReference s:ref="EVehicle1"/>
							<lexsdigest:AttachmentLinkReference s:ref="PAttachment4"/>
						</lexsdigest:EntityItemImageAssociation>
						<!-- Subject/Photo Association  -->
						<lexsdigest:EntityPersonFacialImageAssociation>
							<lexsdigest:EntityReference s:ref="EPerson1"/>
							<lexsdigest:AttachmentLinkReference s:ref="PAttachment1"/>
						</lexsdigest:EntityPersonFacialImageAssociation>
						<!-- Subject/Telephone Number Association  -->
						<lexsdigest:EntityTelephoneNumberAssociation>
							<nc:PersonReference s:ref="Person1"/>
							<lexsdigest:TelephoneNumberReference s:ref="TelephoneNumber1"/>
						</lexsdigest:EntityTelephoneNumberAssociation>
						<!--Subject/Location Association (when Location Type is Arrest Location) -->
						<lexsdigest:PersonArrestLocationAssociation>
							<nc:PersonReference s:ref="Person1"/>
							<nc:LocationReference s:ref="Loc2"/>
						</lexsdigest:PersonArrestLocationAssociation>
						<!-- Subject/Birth Location Association  -->
						<lexsdigest:PersonBirthLocationAssociation>
						   <nc:PersonReference s:ref="Person1"/>
						   <nc:LocationReference s:ref="Loc3"/>
						</lexsdigest:PersonBirthLocationAssociation>
						<!-- Subject/Case Association -->
						<nc:ActivityInvolvedPersonAssociation>
						   <nc:ActivityReference s:ref="Case1"/>
						   <nc:PersonReference s:ref="Person1"/>
						</nc:ActivityInvolvedPersonAssociation>
						<!-- Case/Case Agency Association -->
						<nc:ActivityResponsibleOrganizationAssociation>
						   <nc:ActivityReference s:ref="Case1"/>
						   <nc:OrganizationReference s:ref="CaseAgency1"/>
						</nc:ActivityResponsibleOrganizationAssociation>
						<!-- Subject/Associate Association (when Associate is a Family Member)  -->
						<nc:FamilyAssociation s:id="SubjectAssociate2">
							<nc:PersonReference s:ref="Person1"/>
							<nc:PersonReference s:ref="Person5"/>
						</nc:FamilyAssociation>
						<!-- Gang/Clique Association-->
						<nc:OrganizationSubsidiaryAssociation>
							<nc:OrganizationReference s:ref="Org1"/>
							<nc:OrganizationUnitReference s:ref="Cliq1"/>
						</nc:OrganizationSubsidiaryAssociation>
						<nc:PersonActivityInvolvementAssociation>
						   <nc:ActivityReference s:ref="Incident1"/>
						   <nc:PersonReference s:ref="Person1"/>
						</nc:PersonActivityInvolvementAssociation>
						<!-- Subject/Associate Relationship (when Associate is not a Family Member) -->
						<nc:PersonAssociation s:id="SubjectAssociate1">
							<nc:PersonReference s:ref="Person1"/>
							<nc:PersonReference s:ref="Person4"/>
						</nc:PersonAssociation>
						<!--Subject/Location Association (when Location Type is Employment Location) -->
						<nc:PersonEmploymentLocationAssociation>
							<nc:PersonReference s:ref="Person1"/>
							<nc:LocationReference s:ref="Loc1"/>
						</nc:PersonEmploymentLocationAssociation>
						<!--Subject/Gang Association -->
						<nc:PersonGangAssociation>
							<nc:PersonReference s:ref="Person1"/>
							<nc:OrganizationReference s:ref="Org1"/>
						</nc:PersonGangAssociation>
						<!--Subject/Vehicle Association -->
						<nc:PersonItemAssociation>
							<nc:PersonReference s:ref="Person1"/>
							<nc:ItemReference s:ref="Vehicle1"/>
						</nc:PersonItemAssociation>
						<!--Subject/Weapon Association -->
						<nc:PersonItemAssociation>
							<nc:PersonReference s:ref="Person1"/>
							<nc:ItemReference s:ref="Weapon1"/>
						</nc:PersonItemAssociation>
						<!--Subject/Location Association (when Location Type is anything other than Employment Location or Arrest Location)  -->
						<nc:PersonLocationAssociation s:metadata="MAssociation-1">
							<nc:PersonReference s:ref="Person1"/>
							<nc:LocationReference s:ref="Loc1"/>
						</nc:PersonLocationAssociation>
						<!--  Subject/Home Address Association  -->
						<nc:ResidenceAssociation>
							<nc:PersonReference s:ref="Person1"/>
							<nc:LocationReference s:ref="Loc2"/>
						</nc:ResidenceAssociation>
					</lexsdigest:Associations>
				</lexs:Digest>
				<!--======================= Structured Payload ======================-->
				<lexs:StructuredPayload>
					<lexs:StructuredPayloadMetadata>
						<lexs:CommunityURI>http://usdoj.gov/OJP/BJA/GangInformationSharing/1.0</lexs:CommunityURI>
						<lexs:CommunityDescription>GangInformationReport</lexs:CommunityDescription>
						<lexs:CommunityVersion>1.0</lexs:CommunityVersion>
					</lexs:StructuredPayloadMetadata>
					<gang:InformationReport>
						<!--================  Person 1 - Subject  =======-->
						<gang:Person>
							<gang:PersonAlternateName>
								<j:PersonNameAugmentation j:personNameCategoryCode="moniker"/>
								<gang:PersonNameAugmentation>
									<lexslib:SameAsDigestReference lexslib:ref="Moniker1"/>
								</gang:PersonNameAugmentation>
							</gang:PersonAlternateName>
							<gang:PersonAlternateName>
								<!--Subject.Alias Name Suffix-->
								<nc:PersonNameSuffixText>II</nc:PersonNameSuffixText>
								<j:PersonNameAugmentation j:personNameCategoryCode="alias"/>
								<gang:PersonNameAugmentation>
									<lexslib:SameAsDigestReference lexslib:ref="Alias1"/>
								</gang:PersonNameAugmentation>
							</gang:PersonAlternateName>
							<!--Subject.Weight Description-->
							<nc:PersonBuildText>Stocky</nc:PersonBuildText>
							<!--Subject.Ethnicity Code-->
							<nc:PersonEthnicityCode>H</nc:PersonEthnicityCode>
							<!--Subject.Ethnicity Text (commented out because only one of code/text allowed) -->
							<!--<nc:PersonEthnicityText>Some ethnicity text</nc:PersonEthnicityText>-->
							<nc:PersonName>
								<!--Subject.Name Suffix-->
								<nc:PersonNameSuffixText>Jr.</nc:PersonNameSuffixText>
							</nc:PersonName>
							<gang:PersonPhysicalFeature>
								<!--Subject.Scars, Marks, Tattoos Type Code-->
								<nc:PhysicalFeatureCategoryCode>MISS L FGR</nc:PhysicalFeatureCategoryCode>
								<!--Subject.Scars, Marks, Tattoos Type Text (commented out because only one of code/text allowed) -->
								<!--<nc:PhysicalFeatureCategoryText>Missing left finger</nc:PhysicalFeatureCategoryText>-->
								<gang:PhysicalFeatureAugmentation>
								   <gang:PhysicalFeatureImage>
									  <ansi-nist:PhysicalFeatureDescriptionDetail>
										 <!--Subject.Scars, Marks, Tattoos Description-->
										 <ansi-nist:PhysicalFeatureDescriptionText>Left finger amputated, scar.</ansi-nist:PhysicalFeatureDescriptionText>
									  </ansi-nist:PhysicalFeatureDescriptionDetail>
								   </gang:PhysicalFeatureImage>
								</gang:PhysicalFeatureAugmentation>
							</gang:PersonPhysicalFeature>
							<j:PersonAugmentation>
								<!--Subject.NCIC Record Number-->
								<j:PersonNCICIdentification>
								   <nc:IdentificationID>34534095834</nc:IdentificationID>
								</j:PersonNCICIdentification>
							</j:PersonAugmentation>
							<gang:PersonAugmentation>
								<lexslib:SameAsDigestReference lexslib:ref="Person1"/>
							</gang:PersonAugmentation>
						</gang:Person>
						<gang:Location>
							<nc:LocationAddress>
								<nc:StructuredAddress>
									<!-- Subject.Home Address County-->
									<nc:LocationCountyName>Los Angeles</nc:LocationCountyName>
								</nc:StructuredAddress>
							</nc:LocationAddress>
							<gang:LocationAugmentation>
								<lexslib:SameAsDigestReference lexslib:ref="Loc2"/>
							</gang:LocationAugmentation>
						</gang:Location>
						<!--==============  Case Agency  ==========-->
						<gang:Organization>
							<j:OrganizationAugmentation>
								<!-- Subject.Case Originating Agency Identifier -->
								<j:OrganizationORIIdentification>
									<nc:IdentificationID>CA235111J</nc:IdentificationID>
								</j:OrganizationORIIdentification>
							</j:OrganizationAugmentation>
							<gang:OrganizationAugmentation>
								<lexslib:SameAsDigestReference lexslib:ref="CaseAgency1"/>
							</gang:OrganizationAugmentation>
						</gang:Organization>
						<gang:CriminalAssociateAssociation>
						   <!--Subject.Associate, Relationship Type-->
						   <gang:RelationshipDescriptionText>Fellow gang member</gang:RelationshipDescriptionText>
						   <gang:CriminalAssociateAssociationAugmentation>
							  <lexslib:SameAsDigestReference lexslib:ref="SubjectAssociate1"/>
						   </gang:CriminalAssociateAssociationAugmentation>
						</gang:CriminalAssociateAssociation>
						<gang:FamilyAssociation>
						   <gang:FamilyAssociationAugmentation>
							  <lexslib:SameAsDigestReference lexslib:ref="SubjectAssociate2"/>
								<!--Subject.Associate, Relationship Type-->
							  <gang:RelationshipDescriptionText>Wife</gang:RelationshipDescriptionText>
						   </gang:FamilyAssociationAugmentation>
						</gang:FamilyAssociation>
					</gang:InformationReport>
				</lexs:StructuredPayload>
				<!--=======================  Package Attachment Subject Image  =======================-->
				<!-- Subject.Photo (see also lexsdigest:EntityPersonFacialImageAssociation) -->
				<lexs:AttachmentLink s:id="PAttachment1">
					<lexs:AttachmentURI>http://www.gtri.org/LEXS/examples/TommyJonesMugshot1.jpg</lexs:AttachmentURI>
					<lexs:AttachmentViewableIndicator>true</lexs:AttachmentViewableIndicator>
					<nc:BinaryDescriptionText>Mug shot for Tommy Lee Jones</nc:BinaryDescriptionText>
					<!-- Subject.Photo Type Description -->
					<nc:BinaryCategoryText>Mug shot</nc:BinaryCategoryText>
				</lexs:AttachmentLink>
				<!--=======================  Package Attachment Link for Stylesheet used for Rendering  =======================-->
				<lexs:AttachmentLink s:id="PAttachment3">
					<lexs:AttachmentURI>http://www.gtri.org/LEXS/examples/XMLViewer.xsl</lexs:AttachmentURI>
					<lexs:AttachmentViewableIndicator>false</lexs:AttachmentViewableIndicator>
					<nc:BinaryDescriptionText>XML Stylesheet for pretty-printing any XML content</nc:BinaryDescriptionText>
				</lexs:AttachmentLink>
				<!--=======================  Package Attachment Link for Vehicle Image  =======================-->
				<!-- Subject.Vehicle Image (see also lexsdigest:EntityItemImageAssociation) -->
				<lexs:AttachmentLink s:id="PAttachment4">
					<lexs:AttachmentURI>http://www.gtri.org/LEXS/examples/subaru.gif</lexs:AttachmentURI>
					<lexs:AttachmentViewableIndicator>true</lexs:AttachmentViewableIndicator>
					<nc:BinaryDescriptionText>Vehicle Image</nc:BinaryDescriptionText>
				</lexs:AttachmentLink>
				<!--=======================  Rendering Instructions  =======================-->
				<lexs:RenderingInstructions>
					<lexs:RenderingMethod>HTMLStyleSheet</lexs:RenderingMethod>
					<lexs:RenderingReference s:ref="PAttachment3"/>
					<lexs:RenderingDescription>Provides a human-readable view of the record.</lexs:RenderingDescription>
				</lexs:RenderingInstructions>
				<!--=======================  Narrative  =======================-->
				<!-- Subject.Miscellaneous-->
				<lexs:Narrative>Miscellaneous freeform notes about a subject.</lexs:Narrative>
			</lexs:DataItemPackage>
	</lexs:DataItemResponseMessage>
</lexssr:getDataItemResponse>
