<?xml version="1.0" encoding="UTF-8"?>
<!--
    Document : $Id: metadata.xml 1957 2010-06-17 17:56:20Z dp102 $
    Original : 10/20/2008
    LEXS version : 3.1.4
	N-DEx version : 2.1.1
    Description : IEPD Metadata instance for N-DEx 2.1.1 Incident/Arrest IEPD
-->
<Metadata xmlns="http://niem.gov/niem/metadata/1" xmlns:xsi="http://www.w3.org/2001/XMLSchema-instance">
	<URI>http://fbi.gov/cjis/N-DEx/IncidentArrest/2.1</URI>
	<Name>Law Enforcement National Data Exchange (N-DEx) Incident/Arrest</Name>
	<Summary>The Law Enforcement National Data Exchange (N-DEx) 2.1.1 Incident/Arrest IEPD is designed to provide law enforcement agencies a common set of exchange specifications to share criminal justice information.</Summary>
	<Description>The purpose of the N-DEx 2.1.1 Incident/Arrest IEPD is to provide law enforcement agencies documentation that lists exchange specifications to be used for the exchange of criminal justice information that is complete, accurate, and timely.  This release of the N-DEx IEPD is based on the NIEM IEPD Template Requirements document and contains written documentation, schemas, instance documents, style sheet, a mapping spreadsheet, and additional documentation. The data exchanged is considered to be SBU (Sensitive But Unclassified), LES (Law Enforcement Sensitive), or CUI (Controlled Unclassified Information).</Description>
	<Version>2.1.1</Version>
	<URL><![CDATA[http://www.it.ojp.gov/default.aspx?area=implementationAssistance&page=1017&standard=520]]></URL>
	<CreationDate>5/29/2008</CreationDate>
	<NIEMVersion>2.0</NIEMVersion>
	<Security>Public</Security>
	<Maturity>2</Maturity>
	<Status>Complete for NIEM 2.0 and LEXS 3.1</Status>
	<Domain>Justice, Homeland Security</Domain>
	<Sponsors>Department of Justice (DoJ)</Sponsors>
	<Purpose>The purpose of the N-DEx 2.1.1 Incident/Arrest IEPD is to provide law enforcement agencies documentation that lists exchange specifications to be used for the exchange of criminal justice information that is complete, accurate, and timely.</Purpose>
	<MessageExchangePatterns>publish</MessageExchangePatterns>
	<ExchangePartnerCategories>Corrections, Courts, FBI, Juvenile Justice, Jail, Law Enforcement, Local Probation, State Probation and Parole, Prosecution, Technical Practitioners</ExchangePartnerCategories>
	<AuthoritativeSource>
		<Organization>
			<Name>Law Enforcement National Data Exchange/FBI/CJIS</Name>
			<Country>U.S.</Country>
		</Organization>
		<PointOfContact>
			<Name>N-DEx Help Desk</Name>
			<Address1>1000 Custer Hollow Road</Address1>
			<City>Clarksburg</City>
			<State>West Virginia</State>
			<Zip>26306</Zip>
			<Country>U.S.</Country>
			<Phone>304-625-3282</Phone>
			<Email>ndex@leo.gov</Email>
		</PointOfContact>
	</AuthoritativeSource>
</Metadata>
