<?xml version="1.0" encoding="UTF-8"?>
<Q3:IncidentSummary 
xmlns:Q2="http://niem.gov/niem/niem-core/2.0" 
xmlns:Q3="http://local.gov/IncidentSummary/1.0" 
xmlns:Q31="http://local/gov/extensions/1.0" 
xmlns:Q4="http://niem.gov/niem/domains/jxdm/4.1" 
xmlns:p="http://niem.gov/niem/proxy/xsd/2.0" 
xmlns:s="http://niem.gov/niem/structures/2.0" 
xmlns:xsi="http://www.w3.org/2001/XMLSchema-instance" 
xsi:schemaLocation="http://local.gov/IncidentSummary/1.0 ../xsd/Incident_Summary_Document.xsd">
	<Q2:Person s:id="P001">
		<Q2:PersonBirthDate>
			<Q2:Date>1975-12-15</Q2:Date>
		</Q2:PersonBirthDate>
		<Q2:PersonName>
			<Q2:PersonFullName>John Jones</Q2:PersonFullName>
		</Q2:PersonName>
		<Q2:PersonSSNIdentification>
			<Q2:IdentificationID>209-11-9815</Q2:IdentificationID>
		</Q2:PersonSSNIdentification>
	</Q2:Person>
	<Q2:Person s:id="P002">
		<Q2:PersonBirthDate>
			<Q2:Date>1985-01-19</Q2:Date>
		</Q2:PersonBirthDate>
		<Q2:PersonName>
			<Q2:PersonFullName>Misty Jones</Q2:PersonFullName>
		</Q2:PersonName>
		<Q2:PersonSSNIdentification>
			<Q2:IdentificationID>111-11-2222</Q2:IdentificationID>
		</Q2:PersonSSNIdentification>
	</Q2:Person>
	<Q31:Incident s:id="I001">
		<Q2:ActivityDate>
			<Q2:DateTime>2011-05-06T12:00:00</Q2:DateTime>
		</Q2:ActivityDate>
		<Q2:IncidentLocation>
			<Q2:LocationAddress>
				<Q2:AddressRepresentation/>
			</Q2:LocationAddress>
			<Q2:LocationName/>
		</Q2:IncidentLocation>
		<Q4:IncidentAugmentation>
			<Q4:IncidentSubject>
				<Q2:RoleOfPersonReference s:ref="P002"/>
				<Q4:SubjectArmedIndicator>true</Q4:SubjectArmedIndicator>
				<Q4:SubjectIdentification>
					<Q2:IdentificationID>ABC123</Q2:IdentificationID>
				</Q4:SubjectIdentification>
			</Q4:IncidentSubject>
		</Q4:IncidentAugmentation>
	</Q31:Incident>
	<Q31:IncidentVictimAssociation>
		<Q2:IncidentReference s:ref="I001"/>
		<Q4:VictimReference s:ref="P001"/>
	</Q31:IncidentVictimAssociation>
	<Q31:IncidentWitnessAssociation>
		<Q2:IncidentReference s:ref="I001"/>
		<Q4:WitnessReference s:ref="P001"/>
	</Q31:IncidentWitnessAssociation>
</Q3:IncidentSummary>
