<?xml version="1.0" encoding="UTF-8"?>
<Metadata>
    <URI>http://leisp.usdoj.gov/niem/FoiaAnnualReport</URI>
    <Name>FOIA Annual Report v1.03</Name>
    <Summary>Represents an agency's FOIA Annual Report for a fiscal year.</Summary>
    <Description>Represents an agency's FOIA Annual Report for a fiscal year.</Description>
    <Version>1.03</Version>
    <URL/>
    <CreationDate>6/11/2010</CreationDate>
    <LastRevisionDate>12/1/2010</LastRevisionDate>
    <NextRevisionDate/>
    <NIEMVersion>2.0</NIEMVersion>
    <Security>Public</Security>
    <Maturity>3</Maturity>
    <Status/>
    <Schedule/>
    <Lineage/>
    <Relationships/>
    <Keywords/>
    <Domain>FOIA</Domain>
    <ExchangePartners/>
    <Process/>
    <TriggeringEvent/>
    <Conditions/>
    <Endorsements/>
    <Sponsors/>
    <Purpose>Publishing and exchange of federal agency FOIA annual reports</Purpose>
    <MessageExchangePatterns>document</MessageExchangePatterns>
    <CommunicationsEnvironment/>
    <ExchangePartnerCategories/>
    <AuthoritativeSource>
        <Category/>
        <Organization>
            <Name>U S Department of Justice</Name>
            <Address1/>
            <Address2/>
            <City/>
            <State/>
            <Zip/>
            <Country/>
            <URL/>
        </Organization>
        <PointOfContact>
            <Name>Harrell Watkins</Name>
            <Address1/>
            <Address2/>
            <City/>
            <State/>
            <Zip/>
            <Country/>
            <Phone>(202) 514-0281</Phone>
            <Fax/>
            <Email>Harrell.Watkins@usdoj.gov</Email>
        </PointOfContact>
    </AuthoritativeSource>
</Metadata>
