<?xml version="1.0" encoding="UTF-8"?>
<Metadata>
    <URI>http://it.ojp.gov/GlobalJRA/FusionCenters/AIDIIEPD/1.2</URI>
    <Name>Access Institutional Discharge Information IEPD </Name>
    <Summary>This IEPD will be used to exhange Inmate Release/Institutional Discharge information between fusion centers and correctional organizations</Summary>
    <Description>The Inmate Release Information (IRI) Service  and the AIDI IEPD will allow fusion centers to request summary or detailed information regarding Inmate Release/Institutional Discharge from a partnering corrections organization. Partnering corrections organizations can also send summary or detailed event information to fusion centers for an event related to Inmate Release/Institutional Discharge activities. If summary information is received as a result of a request or an event, the fusion center analysts can send a request for detailed information related to the response or the event.</Description>
    <Version>1.2</Version>
    <URL/>
    <CreationDate>04/13/2009</CreationDate>
    <LastRevisionDate>09/21/2009</LastRevisionDate>
    <NextRevisionDate/>
    <NIEMVersion>2.0</NIEMVersion>
    <Security>Public</Security>
    <Maturity>2</Maturity>
    <Status/>
    <Schedule/>
    <Lineage/>
    <Relationships/>
    <Keywords/>
    <Domain>NIEM Core, Justice, Immigration</Domain>
    <ExchangePartners/>
    <Process/>
    <TriggeringEvent/>
    <Conditions/>
    <Endorsements/>
    <Sponsors>Bureau of Justice Assistance (BJA), Office of Justice Programs, U.S. Department of Justice (managed on behalf of BJA by SEARCH, NCSC, and the IJIS Institute)</Sponsors>
    <Purpose>The purpose of the Access Institutional Discharge Information (AIDI) IEPD is to serve as an information model for the IRI service which provides fusion centers with Inmate Release/Institutional Discharge information from corrections organizations.</Purpose>
    <MessageExchangePatterns>query/response</MessageExchangePatterns>
    <CommunicationsEnvironment/>
    <ExchangePartnerCategories/>
    <AuthoritativeSource>
        <Category>none</Category>
        <Organization>
            <Name>BJA, OJP</Name>
            <Address1>719 Seventh Street NW</Address1>
            <Address2></Address2>
            <City>Washington</City>
            <State>DC</State>
            <Zip>20531</Zip>
            <Country>USA</Country>
            <URL>http://www.ojp.usdoj.gov/BJA/</URL>
        </Organization>
        <PointOfContact>
            <Name></Name>
            <Address1>719 Seventh Street NW</Address1>
            <Address2></Address2>
            <City>Washington</City>
            <State>DC</State>
            <Zip>20531</Zip>
            <Country>USA</Country>
            <Phone>(202) 616-6500</Phone>
            <Fax></Fax>
            <Email></Email>
        </PointOfContact>
    </AuthoritativeSource>
</Metadata>
