<?xml version="1.0" encoding="UTF-8"?>
<w:WantList w:release="2.0" w:product="NIEM"
  xmlns:im="http://niem.gov/niem/domains/immigration/2.0"
  xmlns:nc="http://niem.gov/niem/niem-core/2.0"
  xmlns:em="http://niem.gov/niem/domains/emergencyManagement/2.0"
  xmlns:j="http://niem.gov/niem/domains/jxdm/4.0"
  xmlns:scr="http://niem.gov/niem/domains/screening/2.0" xmlns:w="http://niem.gov/niem/wantlist/2">
  <w:Element w:name="im:AlienNumber" w:isReference="false"/>
  <w:Element w:name="j:MissingPersonCircumstanceText" w:isReference="false"/>
  <w:Element w:name="j:OrganizationORIIdentification" w:isReference="false"/>
  <w:Element w:name="j:PassagePointMethodText" w:isReference="false"/>
  <w:Element w:name="j:PersonFBIIdentification" w:isReference="false"/>
  <w:Element w:name="j:PersonJewelryCategoryText" w:isReference="false"/>
  <w:Element w:name="j:PersonStateFingerprintIdentification" w:isReference="false"/>
  <w:Element w:name="j:PersonVendorIdentification" w:isReference="false"/>
  <w:Element w:name="j:StatuteCodeSectionIdentification" w:isReference="false"/>
  <w:Element w:name="j:StatuteDescriptionText" w:isReference="false"/>
  <w:Element w:name="j:VictimAggravatedAssaultHomicideFactorText" w:isReference="false"/>
  <w:Element w:name="j:VictimInjury" w:isReference="false"/>
  <w:Element w:name="j:VictimJustifiableHomicideFactorText" w:isReference="false"/>
  <w:Element w:name="nc:AddressBuildingText" w:isReference="false"/>
  <w:Element w:name="nc:AddressSecondaryUnitText" w:isReference="false"/>
  <w:Element w:name="nc:BinaryBase64Object" w:isReference="false"/>
  <w:Element w:name="nc:ContactEmailID" w:isReference="false"/>
  <w:Element w:name="nc:ContactFaxNumber" w:isReference="false"/>
  <w:Element w:name="nc:ContactRadioChannelText" w:isReference="false"/>
  <w:Element w:name="nc:ContactTelephoneNumber" w:isReference="false"/>
  <w:Element w:name="nc:ContactWebsiteURI" w:isReference="false"/>
  <w:Element w:name="nc:ConveyanceRegistrationPlateCategoryText" w:isReference="false"/>
  <w:Element w:name="nc:ConveyanceRegistrationPlateColorText" w:isReference="false"/>
  <w:Element w:name="nc:CrossStreetDescriptionText" w:isReference="false"/>
  <w:Element w:name="nc:EmployeeOccupationCategory" w:isReference="false"/>
  <w:Element w:name="nc:EmployeeOccupationCategoryText" w:isReference="false"/>
  <w:Element w:name="nc:EmployeeRankText" w:isReference="false"/>
  <w:Element w:name="nc:EntityOrganization" w:isReference="false"/>
  <w:Element w:name="nc:EntityPerson" w:isReference="false"/>
  <w:Element w:name="nc:Firearm" w:isReference="false"/>
  <w:Element w:name="nc:FirearmCaliberText" w:isReference="false"/>
  <w:Element w:name="nc:FirearmCategoryDescriptionText" w:isReference="false"/>
  <w:Element w:name="nc:FirearmFinishText" w:isReference="false"/>
  <w:Element w:name="nc:FullTelephoneNumber" w:isReference="false"/>
  <w:Element w:name="nc:IdentificationJurisdictionText" w:isReference="false"/>
  <w:Element w:name="nc:InternationalTelephoneNumber" w:isReference="false"/>
  <w:Element w:name="nc:ItemCategoryText" w:isReference="false"/>
  <w:Element w:name="nc:ItemColorDescriptionText" w:isReference="false"/>
  <w:Element w:name="nc:ItemHeightMeasure" w:isReference="false"/>
  <w:Element w:name="nc:ItemLengthMeasure" w:isReference="false"/>
  <w:Element w:name="nc:ItemMakeName" w:isReference="false"/>
  <w:Element w:name="nc:ItemModelName" w:isReference="false"/>
  <w:Element w:name="nc:ItemWeightMeasure" w:isReference="false"/>
  <w:Element w:name="nc:LanguageName" w:isReference="false"/>
  <w:Element w:name="nc:LocationCountyName" w:isReference="false"/>
  <w:Element w:name="nc:LocationStateName" w:isReference="false"/>
  <w:Element w:name="nc:LocationStreet" w:isReference="false"/>
  <w:Element w:name="nc:Measure" w:isReference="false"/>
  <w:Element w:name="nc:MeasureText" w:isReference="false"/>
  <w:Element w:name="nc:NANPTelephoneNumber" w:isReference="false"/>
  <w:Element w:name="nc:OrganizationCategoryText" w:isReference="false"/>
  <w:Element w:name="nc:PersonCitizenshipText" w:isReference="false"/>
  <w:Element w:name="nc:PersonEthnicityText" w:isReference="false"/>
  <w:Element w:name="nc:PersonEyeColorText" w:isReference="false"/>
  <w:Element w:name="nc:PersonFacialHairText" w:isReference="false"/>
  <w:Element w:name="nc:PersonHairColorText" w:isReference="false"/>
  <w:Element w:name="nc:PersonRaceText" w:isReference="false"/>
  <w:Element w:name="nc:PersonResidentText" w:isReference="false"/>
  <w:Element w:name="nc:PersonSSNIdentification" w:isReference="false"/>
  <w:Element w:name="nc:PersonSexText" w:isReference="false"/>
  <w:Element w:name="nc:PersonSkinToneText" w:isReference="false"/>
  <w:Element w:name="nc:PhysicalFeatureCategoryText" w:isReference="false"/>
  <w:Element w:name="nc:SourceIDText" w:isReference="false"/>
  <w:Element w:name="nc:StructuredAddress" w:isReference="false"/>
  <w:Element w:name="nc:TelephoneNumberRepresentation" w:isReference="false"/>
  <w:Element w:name="nc:VehicleIdentification" w:isReference="false"/>
  <w:Element w:name="scr:TelephoneCategoryDescriptionText" w:isReference="false"/>
  <w:Element w:name="scr:WarrantCategoryDescriptionText" w:isReference="false"/>
  <w:Type w:name="em:PermitType" w:isRequested="true"/>
  <w:Type w:name="j:ArrestType" w:isRequested="true"/>
  <w:Type w:name="j:ChargeType" w:isRequested="true">
    <w:ElementInType w:name="j:ChargeCategoryDescriptionText"
      w:isReference="false" w:minOccurs="0" w:maxOccurs="unbounded"/>
    <w:ElementInType w:name="j:ChargeDegreeText" w:isReference="false"
      w:minOccurs="0" w:maxOccurs="unbounded"/>
  </w:Type>
  <w:Type w:name="j:EnforcementOfficialType" w:isRequested="true">
    <w:ElementInType w:name="j:EnforcementOfficialBadgeIdentification"
      w:isReference="false" w:minOccurs="0" w:maxOccurs="unbounded"/>
    <w:ElementInType w:name="j:EnforcementOfficialCategoryText"
      w:isReference="false" w:minOccurs="0" w:maxOccurs="unbounded"/>
  </w:Type>
  <w:Type w:name="j:MissingPersonType" w:isRequested="true">
    <w:ElementInType w:name="j:MissingPersonCircumstance"
      w:isReference="false" w:minOccurs="0" w:maxOccurs="unbounded"/>
    <w:ElementInType w:name="nc:RoleOfPerson" w:isReference="true"
      w:minOccurs="0" w:maxOccurs="unbounded"/>
  </w:Type>
  <w:Type w:name="j:ServiceCallType" w:isRequested="true"/>
  <w:Type w:name="j:StatuteType" w:isRequested="true">
    <w:ElementInType w:name="j:StatuteCodeSectionIdentification"
      w:isReference="false" w:minOccurs="0" w:maxOccurs="unbounded"/>
  </w:Type>
  <w:Type w:name="j:SubjectType" w:isRequested="true">
    <w:ElementInType w:name="nc:RoleOfOrganization" w:isReference="true"
      w:minOccurs="0" w:maxOccurs="unbounded"/>
    <w:ElementInType w:name="nc:RoleOfPerson" w:isReference="true"
      w:minOccurs="0" w:maxOccurs="unbounded"/>
  </w:Type>
  <w:Type w:name="j:VictimType" w:isRequested="true">
    <w:ElementInType w:name="j:VictimInjury" w:isReference="false"
      w:minOccurs="0" w:maxOccurs="unbounded"/>
    <w:ElementInType w:name="nc:RoleOfPerson" w:isReference="true"
      w:minOccurs="0" w:maxOccurs="unbounded"/>
  </w:Type>
  <w:Type w:name="j:WarrantType" w:isRequested="true"/>
  <w:Type w:name="j:WitnessType" w:isRequested="false">
    <w:ElementInType w:name="j:WitnessIdentification"
      w:isReference="false" w:minOccurs="0" w:maxOccurs="unbounded"/>
    <w:ElementInType w:name="nc:RoleOfPerson" w:isReference="true"
      w:minOccurs="0" w:maxOccurs="unbounded"/>
  </w:Type>
  <w:Type w:name="nc:ActivityType" w:isRequested="false">
    <w:ElementInType w:name="nc:ActivityDescriptionText"
      w:isReference="false" w:minOccurs="0" w:maxOccurs="unbounded"/>
    <w:ElementInType w:name="nc:ActivityIdentification"
      w:isReference="false" w:minOccurs="0" w:maxOccurs="unbounded"/>
    <w:ElementInType w:name="nc:ActivityStatus" w:isReference="false"
      w:minOccurs="0" w:maxOccurs="unbounded"/>
  </w:Type>
  <w:Type w:name="nc:AddressType" w:isRequested="true">
    <w:ElementInType w:name="nc:AddressRepresentation"
      w:isReference="false" w:minOccurs="0" w:maxOccurs="unbounded"/>
  </w:Type>
  <w:Type w:name="nc:AircraftType" w:isRequested="false">
    <w:ElementInType w:name="nc:AircraftTailID" w:isReference="false"
      w:minOccurs="0" w:maxOccurs="unbounded"/>
  </w:Type>
  <w:Type w:name="nc:AssociationType" w:isRequested="true"/>
  <w:Type w:name="nc:BinaryType" w:isRequested="false">
    <w:ElementInType w:name="nc:BinaryCategoryText"
      w:isReference="false" w:minOccurs="0" w:maxOccurs="unbounded"/>
    <w:ElementInType w:name="nc:BinaryID" w:isReference="false"
      w:minOccurs="0" w:maxOccurs="unbounded"/>
  </w:Type>
  <w:Type w:name="nc:ContactInformationType" w:isRequested="true">
    <w:ElementInType w:name="nc:ContactMeans" w:isReference="false"
      w:minOccurs="0" w:maxOccurs="unbounded"/>
  </w:Type>
  <w:Type w:name="nc:ContactRadioType" w:isRequested="true">
    <w:ElementInType w:name="nc:ContactRadioCategoryText"
      w:isReference="false" w:minOccurs="0" w:maxOccurs="unbounded"/>
    <w:ElementInType w:name="nc:ContactRadioChannelText"
      w:isReference="false" w:minOccurs="0" w:maxOccurs="unbounded"/>
  </w:Type>
  <w:Type w:name="nc:ConveyanceRegistrationType" w:isRequested="true">
    <w:ElementInType w:name="nc:ConveyanceRegistrationPlateCategory"
      w:isReference="false" w:minOccurs="0" w:maxOccurs="unbounded"/>
    <w:ElementInType w:name="nc:ConveyanceRegistrationPlateColor"
      w:isReference="false" w:minOccurs="0" w:maxOccurs="unbounded"/>
    <w:ElementInType
      w:name="nc:ConveyanceRegistrationPlateIdentification"
      w:isReference="false" w:minOccurs="0" w:maxOccurs="unbounded"/>
  </w:Type>
  <w:Type w:name="nc:CrossStreetType" w:isRequested="false">
    <w:ElementInType w:name="nc:CrossStreetDescriptionText"
      w:isReference="false" w:minOccurs="0" w:maxOccurs="unbounded"/>
  </w:Type>
  <w:Type w:name="nc:DriverLicenseBaseType" w:isRequested="true">
    <w:ElementInType w:name="nc:DriverLicenseIdentification"
      w:isReference="false" w:minOccurs="0" w:maxOccurs="unbounded"/>
  </w:Type>
  <w:Type w:name="nc:DriverLicenseType" w:isRequested="true"/>
  <w:Type w:name="nc:DrugType" w:isRequested="true"/>
  <w:Type w:name="nc:FirearmType" w:isRequested="false">
    <w:ElementInType w:name="nc:FirearmBarrelLengthMeasure"
      w:isReference="false" w:minOccurs="0" w:maxOccurs="unbounded"/>
    <w:ElementInType w:name="nc:FirearmCaliber" w:isReference="false"
      w:minOccurs="0" w:maxOccurs="unbounded"/>
    <w:ElementInType w:name="nc:FirearmCategoryDescription"
      w:isReference="false" w:minOccurs="0" w:maxOccurs="unbounded"/>
    <w:ElementInType w:name="nc:FirearmFinish" w:isReference="false"
      w:minOccurs="0" w:maxOccurs="unbounded"/>
  </w:Type>
  <w:Type w:name="nc:FullTelephoneNumberType" w:isRequested="false">
    <w:ElementInType w:name="nc:TelephoneNumberFullID"
      w:isReference="false" w:minOccurs="0" w:maxOccurs="unbounded"/>
    <w:ElementInType w:name="nc:TelephoneSuffixID" w:isReference="false"
      w:minOccurs="0" w:maxOccurs="unbounded"/>
  </w:Type>
  <w:Type w:name="nc:HighwayType" w:isRequested="false">
    <w:ElementInType w:name="nc:HighwayFullText" w:isReference="false"
      w:minOccurs="0" w:maxOccurs="unbounded"/>
    <w:ElementInType w:name="nc:HighwayID" w:isReference="false"
      w:minOccurs="0" w:maxOccurs="unbounded"/>
    <w:ElementInType w:name="nc:HighwayName" w:isReference="false"
      w:minOccurs="0" w:maxOccurs="unbounded"/>
    <w:ElementInType w:name="nc:HighwayPositionText"
      w:isReference="false" w:minOccurs="0" w:maxOccurs="unbounded"/>
  </w:Type>
  <w:Type w:name="nc:IdentificationType" w:isRequested="false">
    <w:ElementInType w:name="nc:IdentificationID" w:isReference="false"
      w:minOccurs="0" w:maxOccurs="unbounded"/>
    <w:ElementInType w:name="nc:IdentificationJurisdiction"
      w:isReference="false" w:minOccurs="0" w:maxOccurs="unbounded"/>
  </w:Type>
  <w:Type w:name="nc:ImageType" w:isRequested="true"/>
  <w:Type w:name="nc:IncidentType" w:isRequested="true"/>
  <w:Type w:name="nc:InjuryType" w:isRequested="false">
    <w:ElementInType w:name="nc:InjuryCategoryText"
      w:isReference="false" w:minOccurs="0" w:maxOccurs="unbounded"/>
    <w:ElementInType w:name="nc:InjurySeverityText"
      w:isReference="false" w:minOccurs="0" w:maxOccurs="unbounded"/>
  </w:Type>
  <w:Type w:name="nc:InternationalTelephoneNumberType" w:isRequested="false">
    <w:ElementInType w:name="nc:TelephoneCountryCodeID"
      w:isReference="false" w:minOccurs="0" w:maxOccurs="unbounded"/>
  </w:Type>
  <w:Type w:name="nc:ItemType" w:isRequested="true">
    <w:ElementInType w:name="nc:ItemDescriptionText"
      w:isReference="false" w:minOccurs="0" w:maxOccurs="unbounded"/>
    <w:ElementInType w:name="nc:ItemSerialIdentification"
      w:isReference="false" w:minOccurs="0" w:maxOccurs="unbounded"/>
  </w:Type>
  <w:Type w:name="nc:JewelryType" w:isRequested="true"/>
  <w:Type w:name="nc:JurisdictionType" w:isRequested="false">
    <w:ElementInType w:name="nc:JurisdictionIdentification"
      w:isReference="false" w:minOccurs="0" w:maxOccurs="unbounded"/>
  </w:Type>
  <w:Type w:name="nc:LengthMeasureType" w:isRequested="false">
    <w:ElementInType w:name="nc:LengthUnitCode" w:isReference="false"
      w:minOccurs="0" w:maxOccurs="unbounded"/>
  </w:Type>
  <w:Type w:name="nc:LocationType" w:isRequested="true">
    <w:ElementInType w:name="nc:LocationCrossStreet"
      w:isReference="false" w:minOccurs="0" w:maxOccurs="unbounded"/>
    <w:ElementInType w:name="nc:LocationHighway" w:isReference="false"
      w:minOccurs="0" w:maxOccurs="unbounded"/>
    <w:ElementInType w:name="nc:LocationName" w:isReference="false"
      w:minOccurs="0" w:maxOccurs="unbounded"/>
  </w:Type>
  <w:Type w:name="nc:MeasureType" w:isRequested="false">
    <w:ElementInType w:name="nc:MeasureValue" w:isReference="false"
      w:minOccurs="0" w:maxOccurs="unbounded"/>
  </w:Type>
  <w:Type w:name="nc:NANPTelephoneNumberType" w:isRequested="false">
    <w:ElementInType w:name="nc:TelephoneAreaCodeID"
      w:isReference="false" w:minOccurs="0" w:maxOccurs="unbounded"/>
  </w:Type>
  <w:Type w:name="nc:OrganizationType" w:isRequested="true">
    <w:ElementInType w:name="nc:OrganizationCategory"
      w:isReference="false" w:minOccurs="0" w:maxOccurs="unbounded"/>
    <w:ElementInType w:name="nc:OrganizationName" w:isReference="false"
      w:minOccurs="0" w:maxOccurs="unbounded"/>
    <w:ElementInType w:name="nc:OrganizationTaxIdentification"
      w:isReference="false" w:minOccurs="0" w:maxOccurs="unbounded"/>
  </w:Type>
  <w:Type w:name="nc:PersonLanguageType" w:isRequested="false">
    <w:ElementInType w:name="nc:Language" w:isReference="false"
      w:minOccurs="0" w:maxOccurs="unbounded"/>
  </w:Type>
  <w:Type w:name="nc:PersonNameType" w:isRequested="true">
    <w:ElementInType w:name="nc:PersonFullName" w:isReference="false"
      w:minOccurs="0" w:maxOccurs="unbounded"/>
    <w:ElementInType w:name="nc:PersonGivenName" w:isReference="false"
      w:minOccurs="0" w:maxOccurs="unbounded"/>
    <w:ElementInType w:name="nc:PersonMiddleName" w:isReference="false"
      w:minOccurs="0" w:maxOccurs="unbounded"/>
    <w:ElementInType w:name="nc:PersonNamePrefixText"
      w:isReference="false" w:minOccurs="0" w:maxOccurs="unbounded"/>
    <w:ElementInType w:name="nc:PersonNameSuffixText"
      w:isReference="false" w:minOccurs="0" w:maxOccurs="unbounded"/>
    <w:ElementInType w:name="nc:PersonSurName" w:isReference="false"
      w:minOccurs="0" w:maxOccurs="unbounded"/>
  </w:Type>
  <w:Type w:name="nc:PersonType" w:isRequested="true">
    <w:ElementInType w:name="nc:PersonAgeMeasure" w:isReference="false"
      w:minOccurs="0" w:maxOccurs="unbounded"/>
    <w:ElementInType w:name="nc:PersonBuildText" w:isReference="false"
      w:minOccurs="0" w:maxOccurs="unbounded"/>
    <w:ElementInType w:name="nc:PersonCitizenship" w:isReference="false"
      w:minOccurs="0" w:maxOccurs="unbounded"/>
    <w:ElementInType w:name="nc:PersonEthnicity" w:isReference="false"
      w:minOccurs="0" w:maxOccurs="unbounded"/>
    <w:ElementInType w:name="nc:PersonEyeColor" w:isReference="false"
      w:minOccurs="0" w:maxOccurs="unbounded"/>
    <w:ElementInType w:name="nc:PersonEyewearDescriptionText"
      w:isReference="false" w:minOccurs="0" w:maxOccurs="unbounded"/>
    <w:ElementInType w:name="nc:PersonHairColor" w:isReference="false"
      w:minOccurs="0" w:maxOccurs="unbounded"/>
    <w:ElementInType w:name="nc:PersonHandednessText"
      w:isReference="false" w:minOccurs="0" w:maxOccurs="unbounded"/>
    <w:ElementInType w:name="nc:PersonHeightMeasure"
      w:isReference="false" w:minOccurs="0" w:maxOccurs="unbounded"/>
    <w:ElementInType w:name="nc:PersonMaritalStatusText"
      w:isReference="false" w:minOccurs="0" w:maxOccurs="unbounded"/>
    <w:ElementInType w:name="nc:PersonMedicalDescriptionText"
      w:isReference="false" w:minOccurs="0" w:maxOccurs="unbounded"/>
    <w:ElementInType w:name="nc:PersonPhysicalDisabilityText"
      w:isReference="false" w:minOccurs="0" w:maxOccurs="unbounded"/>
    <w:ElementInType w:name="nc:PersonPrimaryLanguage"
      w:isReference="false" w:minOccurs="0" w:maxOccurs="unbounded"/>
    <w:ElementInType w:name="nc:PersonRace" w:isReference="false"
      w:minOccurs="0" w:maxOccurs="unbounded"/>
    <w:ElementInType w:name="nc:PersonReligionText"
      w:isReference="false" w:minOccurs="0" w:maxOccurs="unbounded"/>
    <w:ElementInType w:name="nc:PersonResident" w:isReference="false"
      w:minOccurs="0" w:maxOccurs="unbounded"/>
    <w:ElementInType w:name="nc:PersonSex" w:isReference="false"
      w:minOccurs="0" w:maxOccurs="unbounded"/>
    <w:ElementInType w:name="nc:PersonSkinTone" w:isReference="false"
      w:minOccurs="0" w:maxOccurs="unbounded"/>
    <w:ElementInType w:name="nc:PersonSpeechDescriptionText"
      w:isReference="false" w:minOccurs="0" w:maxOccurs="unbounded"/>
    <w:ElementInType w:name="nc:PersonWeightMeasure"
      w:isReference="false" w:minOccurs="0" w:maxOccurs="unbounded"/>
  </w:Type>
  <w:Type w:name="nc:PhysicalFeatureType" w:isRequested="true">
    <w:ElementInType w:name="nc:PhysicalFeatureCategory"
      w:isReference="false" w:minOccurs="0" w:maxOccurs="unbounded"/>
    <w:ElementInType w:name="nc:PhysicalFeatureLocationText"
      w:isReference="false" w:minOccurs="0" w:maxOccurs="unbounded"/>
  </w:Type>
  <w:Type w:name="nc:PropertyType" w:isRequested="true"/>
  <w:Type w:name="nc:StatusType" w:isRequested="false">
    <w:ElementInType w:name="nc:StatusText" w:isReference="false"
      w:minOccurs="0" w:maxOccurs="unbounded"/>
  </w:Type>
  <w:Type w:name="nc:StreetType" w:isRequested="false">
    <w:ElementInType w:name="nc:StreetExtensionText"
      w:isReference="false" w:minOccurs="0" w:maxOccurs="unbounded"/>
    <w:ElementInType w:name="nc:StreetFullText" w:isReference="false"
      w:minOccurs="0" w:maxOccurs="unbounded"/>
    <w:ElementInType w:name="nc:StreetName" w:isReference="false"
      w:minOccurs="0" w:maxOccurs="unbounded"/>
    <w:ElementInType w:name="nc:StreetNumberText" w:isReference="false"
      w:minOccurs="0" w:maxOccurs="unbounded"/>
  </w:Type>
  <w:Type w:name="nc:StructuredAddressType" w:isRequested="false">
    <w:ElementInType w:name="nc:AddressDeliveryPoint"
      w:isReference="false" w:minOccurs="0" w:maxOccurs="unbounded"/>
    <w:ElementInType w:name="nc:LocationCityName" w:isReference="false"
      w:minOccurs="0" w:maxOccurs="unbounded"/>
    <w:ElementInType w:name="nc:LocationCounty" w:isReference="false"
      w:minOccurs="0" w:maxOccurs="unbounded"/>
    <w:ElementInType w:name="nc:LocationPostalCode"
      w:isReference="false" w:minOccurs="0" w:maxOccurs="unbounded"/>
    <w:ElementInType w:name="nc:LocationState" w:isReference="false"
      w:minOccurs="0" w:maxOccurs="unbounded"/>
  </w:Type>
  <w:Type w:name="nc:TangibleItemType" w:isRequested="true">
    <w:ElementInType w:name="nc:ItemColor" w:isReference="false"
      w:minOccurs="0" w:maxOccurs="unbounded"/>
    <w:ElementInType w:name="nc:ItemHeightMeasure" w:isReference="false"
      w:minOccurs="0" w:maxOccurs="unbounded"/>
    <w:ElementInType w:name="nc:ItemLengthMeasure" w:isReference="false"
      w:minOccurs="0" w:maxOccurs="unbounded"/>
    <w:ElementInType w:name="nc:ItemMakeName" w:isReference="false"
      w:minOccurs="0" w:maxOccurs="unbounded"/>
    <w:ElementInType w:name="nc:ItemModelName" w:isReference="false"
      w:minOccurs="0" w:maxOccurs="unbounded"/>
    <w:ElementInType w:name="nc:ItemWeightMeasure" w:isReference="false"
      w:minOccurs="0" w:maxOccurs="unbounded"/>
  </w:Type>
  <w:Type w:name="nc:TelephoneNumberType" w:isRequested="true">
    <w:ElementInType w:name="nc:TelephoneNumberRepresentation"
      w:isReference="false" w:minOccurs="0" w:maxOccurs="unbounded"/>
  </w:Type>
  <w:Type w:name="nc:VehicleType" w:isRequested="true">
    <w:ElementInType w:name="nc:VehicleIdentification"
      w:isReference="false" w:minOccurs="0" w:maxOccurs="unbounded"/>
  </w:Type>
  <w:Type w:name="nc:VesselType" w:isRequested="true">
    <w:ElementInType w:name="nc:VesselRegistrationIdentification"
      w:isReference="false" w:minOccurs="0" w:maxOccurs="unbounded"/>
  </w:Type>
  <w:Type w:name="scr:AlienDeportationType" w:isRequested="false">
    <w:ElementInType w:name="scr:DesignatedCountryOfDeportationID"
      w:isReference="false" w:minOccurs="0" w:maxOccurs="unbounded"/>
  </w:Type>
</w:WantList>
