<?xml version="1.0" encoding="UTF-8"?>
<SOAP-ENV:Envelope xmlns:SOAP-ENV="http://schemas.xmlsoap.org/soap/envelope/" xmlns:SOAP-ENC="http://schemas.xmlsoap.org/soap/encoding/" xmlns:xsd="http://www.w3.org/2001/XMLSchema" xmlns:wsa="http://www.w3.org/2005/08/addressing" xmlns:xsi="http://www.w3.org/2001/XMLSchema-instance">
	<SOAP-ENV:Header>
			<wsa:MessageID>uuid:aaaabbbb-cccc-dddd-eeee-ffffffffffff</wsa:MessageID>
			<wsa:RelatesTo>uuid:6B29FC40-CA47-1067-B31D-00DD010662DA</wsa:RelatesTo>
			<wsa:Action>http://it.ojp.gov/GlobalJRA/FusionCenter/IRI/0.9.4/ws/SendDetailedInformationRequest</wsa:Action>
			<wsse:Security xmlns:wsse="http://docs.oasis-open.org/wss/2004/01/oasis-200401-wss-wssecurity-secext-1.0.xsd" SOAP-ENV:mustUnderstand="true">
											<wsu:Timestamp xmlns:wsu="http://docs.oasis-open.org/wss/2004/01/oasis-200401-wss-wssecurity-utility-1.0.xsd" wsu:Id="Timestamp-12345">
												<wsu:Created>2009-12-23T08:11:11.735Z</wsu:Created>
												<wsu:Expires>2009-12-23T08:16:11.735Z</wsu:Expires>
											</wsu:Timestamp>
											<ds:Signature xmlns:ds="http://www.w3.org/2000/09/xmldsig#" Id="Signature-12345">
												<ds:SignedInfo>
													<ds:CanonicalizationMethod Algorithm="http://www.w3.org/2001/10/xml-exc-c14n#" />
													<ds:SignatureMethod Algorithm="http://www.w3.org/2001/04/xmlenc#aes256-cbc" />
													<ds:Reference URI="#Id-12345">
														<ds:Transforms>
															<ds:Transform Algorithm="http://www.w3.org/2001/10/xml-exc-c14n#" />
														</ds:Transforms>
														<ds:DigestMethod Algorithm="http://www.w3.org/2000/09/xmldsig#sha1" />
														<ds:DigestValue>j6lwx3rvEPO0vKtMup4NbeVu8nk</ds:DigestValue>
													</ds:Reference>
													<ds:Reference URI="#Timestamp-12345">
														<ds:Transforms>
															<ds:Transform Algorithm="http://www.w3.org/2001/10/xml-exc-c14n#" />
														</ds:Transforms>
														<ds:DigestMethod Algorithm="http://www.w3.org/2000/09/xmldsig#sha1" />
														<ds:DigestValue>dM8fK3UEbaFdUsl1PXNCcuLz6/M=</ds:DigestValue>
													</ds:Reference>
												</ds:SignedInfo>
												<ds:SignatureValue>
								2LW4LfjAP5MZulRXONtdzhu7JpvZawfR4/5e2UEBJVMUGqB8c/zTVgG65Z2cIePYgWdw+ma+dWmuJdgqM+66hzZ5BMAH1sNRxL6onz0DOyuRnDYhEgNYgCjmN67Ok7Q0SQqnEfJ19B1WdAxqawspyLjXVyS4X5BisAG5G+25CrQ=
												</ds:SignatureValue>
												<ds:KeyInfo Id="KeyId-12345">
													<wsse:SecurityTokenReference xmlns:wsu="http://docs.oasis-open.org/wss/2004/01/oasis-200401-wss-wssecurity-utility-1.0.xsd" wsu:Id="STRId-12345">
														<wsse:KeyIdentifier EncodingType="http://docs.oasis-open.org/wss/2004/01/oasis-200401-wss-soap-message-security-1.0#Base64Binary" ValueType="http://docs.oasis-open.org/wss/2004/01/oasis-200401-wss-x509-token-profile-1.0#X509SubjectKeyIdentifier">+JGv39JjeaxQiilnwwc/wlWlITU=</wsse:KeyIdentifier>
													</wsse:SecurityTokenReference>
												</ds:KeyInfo>
											</ds:Signature>
		</wsse:Security>
	</SOAP-ENV:Header>
	<SOAP-ENV:Body>
		<m:FaultMessage 	xmlns:m="http://it.ojp.gov/GlobalJRA/FusionCenter/AIDI/1.2/AIDIMessages" 
																				xmlns:aidi="http://it.ojp.gov/GlobalJRA/FusionCenter/AIDI/1.2/AIDIExtension" 
																				xmlns:aidiresponse-ext="http://it.ojp.gov/GlobalJRA/FusionCenter/AIDI/1.2/Repsonse/Extension" 
																				xmlns:aidiRM="http://it.ojp.gov/GlobalJRA/FusionCenter/AIDI/1.2/ResponseMessage"
																				xmlns:nc="http://niem.gov/niem/niem-core/2.0" >
			<aidiRM:ResponseMessage>
				<nc:DocumentCreationDate>
					<nc:Date>1967-08-13</nc:Date>
				</nc:DocumentCreationDate>
				<nc:DocumentIdentification>
					<nc:IdentificationID>String</nc:IdentificationID>
					<nc:IdentificationCategoryDescriptionText>String</nc:IdentificationCategoryDescriptionText>
					<nc:IdentificationSourceText>String</nc:IdentificationSourceText>
				</nc:DocumentIdentification>
				<aidi:MessageType>InformationRequestMessage</aidi:MessageType>
				<aidiresponse-ext:ResultCode>Error</aidiresponse-ext:ResultCode>
				<aidiresponse-ext:AdvisoryText>String</aidiresponse-ext:AdvisoryText>
				<aidiresponse-ext:AdvisoryCategory>NetworkFailure</aidiresponse-ext:AdvisoryCategory>
			</aidiRM:ResponseMessage>
		</m:FaultMessage>
	</SOAP-ENV:Body>
</SOAP-ENV:Envelope>