<?xml version="1.0" encoding="UTF-8"?>
<SOAP-ENV:Envelope xmlns:SOAP-ENV="http://schemas.xmlsoap.org/soap/envelope/" xmlns:SOAP-ENC="http://schemas.xmlsoap.org/soap/encoding/" xmlns:xsd="http://www.w3.org/2001/XMLSchema" xmlns:xsi="http://www.w3.org/2001/XMLSchema-instance">
	<SOAP-ENV:Header xmlns:SOAP-ENV="http://schemas.xmlsoap.org/soap/envelope/">
		<wsse:Security xmlns:wsse="http://docs.oasis-open.org/wss/2004/01/oasis-200401-wss-wssecurity-secext-1.0.xsd" SOAP-ENV:mustUnderstand="true">
									<wsu:Timestamp xmlns:wsu="http://docs.oasis-open.org/wss/2004/01/oasis-200401-wss-wssecurity-utility-1.0.xsd" wsu:Id="Timestamp-12345">
										<wsu:Created>2009-12-23T08:11:11.735Z</wsu:Created>
										<wsu:Expires>2009-12-23T08:16:11.735Z</wsu:Expires>
									</wsu:Timestamp>
									<ds:Signature xmlns:ds="http://www.w3.org/2000/09/xmldsig#" Id="Signature-12345">
										<ds:SignedInfo>
											<ds:CanonicalizationMethod Algorithm="http://www.w3.org/2001/10/xml-exc-c14n#" />
											<ds:SignatureMethod Algorithm="http://www.w3.org/2001/04/xmlenc#aes256-cbc" />
											<ds:Reference URI="#Id-12345">
												<ds:Transforms>
													<ds:Transform Algorithm="http://www.w3.org/2001/10/xml-exc-c14n#" />
												</ds:Transforms>
												<ds:DigestMethod Algorithm="http://www.w3.org/2000/09/xmldsig#sha1" />
												<ds:DigestValue>j6lwx3rvEPO0vKtMup4NbeVu8nk</ds:DigestValue>
											</ds:Reference>
											<ds:Reference URI="#Timestamp-12345">
												<ds:Transforms>
													<ds:Transform Algorithm="http://www.w3.org/2001/10/xml-exc-c14n#" />
												</ds:Transforms>
												<ds:DigestMethod Algorithm="http://www.w3.org/2000/09/xmldsig#sha1" />
												<ds:DigestValue>dM8fK3UEbaFdUsl1PXNCcuLz6/M=</ds:DigestValue>
											</ds:Reference>
										</ds:SignedInfo>
										<ds:SignatureValue>
						2LW4LfjAP5MZulRXONtdzhu7JpvZawfR4/5e2UEBJVMUGqB8c/zTVgG65Z2cIePYgWdw+ma+dWmuJdgqM+66hzZ5BMAH1sNRxL6onz0DOyuRnDYhEgNYgCjmN67Ok7Q0SQqnEfJ19B1WdAxqawspyLjXVyS4X5BisAG5G+25CrQ=
										</ds:SignatureValue>
										<ds:KeyInfo Id="KeyId-12345">
											<wsse:SecurityTokenReference xmlns:wsu="http://docs.oasis-open.org/wss/2004/01/oasis-200401-wss-wssecurity-utility-1.0.xsd" wsu:Id="STRId-12345">
												<wsse:KeyIdentifier EncodingType="http://docs.oasis-open.org/wss/2004/01/oasis-200401-wss-soap-message-security-1.0#Base64Binary" ValueType="http://docs.oasis-open.org/wss/2004/01/oasis-200401-wss-x509-token-profile-1.0#X509SubjectKeyIdentifier">+JGv39JjeaxQiilnwwc/wlWlITU=</wsse:KeyIdentifier>
											</wsse:SecurityTokenReference>
										</ds:KeyInfo>
									</ds:Signature>
		</wsse:Security>
	</SOAP-ENV:Header>
	<SOAP-ENV:Body>
		<m:SendSummaryEventInformationResponse xmlns:m="http://it.ojp.gov/GlobalJRA/FusionCenter/AIDI/1.2/AIDIMessages">
			<aidiSIM:SummaryInformationMessage xmlns:appa="http://appa.org/NIEM/2.0/InstitutionalDischargeSummary/Extension" xmlns:aidi="http://it.ojp.gov/GlobalJRA/FusionCenter/AIDI/1.2/AIDIExtension" xmlns:aidiSIM="http://it.ojp.gov/GlobalJRA/FusionCenter/AIDI/1.2/SummaryInformationMessage" xmlns:im="http://niem.gov/niem/domains/immigration/2.0" xmlns:j="http://niem.gov/niem/domains/jxdm/4.0" xmlns:nc="http://niem.gov/niem/niem-core/2.0" xmlns:s="http://niem.gov/niem/structures/2.0" xmlns:xsi="http://www.w3.org/2001/XMLSchema-instance">
				<nc:DocumentCreationDate>
					<nc:Date>1967-08-13</nc:Date>
				</nc:DocumentCreationDate>
				<nc:DocumentIdentification>
					<nc:IdentificationID>String</nc:IdentificationID>
					<nc:IdentificationCategoryDescriptionText>String</nc:IdentificationCategoryDescriptionText>
					<nc:IdentificationSourceText>String</nc:IdentificationSourceText>
				</nc:DocumentIdentification>
				<j:Subject>
					<j:SubjectIdentification>
						<nc:IdentificationID>String</nc:IdentificationID>
						<nc:IdentificationCategoryDescriptionText>String</nc:IdentificationCategoryDescriptionText>
						<nc:IdentificationSourceText>String</nc:IdentificationSourceText>
					</j:SubjectIdentification>
					<j:SubjectSupervision>
						<nc:SupervisionCurrentIndicator>true</nc:SupervisionCurrentIndicator>
						<aidi:SupervisionPerson s:id="Subject">
							<nc:PersonAgeMeasure/>
							<nc:PersonBirthDate>
								<nc:Date>1967-08-13</nc:Date>
							</nc:PersonBirthDate>
							<nc:PersonBirthLocation>
								<nc:LocationAddress>
									<nc:AddressFullText>String</nc:AddressFullText>
								</nc:LocationAddress>
							</nc:PersonBirthLocation>
							<nc:PersonDigitalImage>
								<nc:BinaryID>String</nc:BinaryID>
								<nc:BinaryBase64Object>UjBsR09EbGhjZ0dTQUxNQUFBUUNBRU1tQ1p0dU1GUXhEUzhi</nc:BinaryBase64Object>
								<nc:BinaryDescriptionText>String</nc:BinaryDescriptionText>
							</nc:PersonDigitalImage>
							<nc:PersonEthnicityText>String</nc:PersonEthnicityText>
							<nc:PersonHeightMeasure/>
							<aidi:PersonName>
								<nc:PersonGivenName>String</nc:PersonGivenName>
								<nc:PersonMiddleName>String</nc:PersonMiddleName>
								<nc:PersonSurName>String</nc:PersonSurName>
								<nc:PersonMaidenName>String</nc:PersonMaidenName>
								<nc:PersonFullName>String</nc:PersonFullName>
								<aidi:SoundexFlag>true</aidi:SoundexFlag>
							</aidi:PersonName>
							<nc:PersonOtherIdentification>
								<nc:IdentificationID>String</nc:IdentificationID>
								<nc:IdentificationCategoryDescriptionText>String</nc:IdentificationCategoryDescriptionText>
								<nc:IdentificationSourceText>String</nc:IdentificationSourceText>
							</nc:PersonOtherIdentification>
							<nc:PersonPassportIdentification>
								<nc:IdentificationID>String</nc:IdentificationID>
								<nc:IdentificationCategoryDescriptionText>String</nc:IdentificationCategoryDescriptionText>
								<nc:IdentificationSourceText>String</nc:IdentificationSourceText>
							</nc:PersonPassportIdentification>
							<nc:PersonPhysicalFeature>
								<nc:PhysicalFeatureGeneralCategoryText>String</nc:PhysicalFeatureGeneralCategoryText>
								<nc:PhysicalFeatureImage>
									<nc:BinaryID>String</nc:BinaryID>
									<nc:BinaryBase64Object>UjBsR09EbGhjZ0dTQUxNQUFBUUNBRU1tQ1p0dU1GUXhEUzhi</nc:BinaryBase64Object>
									<nc:BinaryDescriptionText>String</nc:BinaryDescriptionText>
								</nc:PhysicalFeatureImage>
								<nc:PhysicalFeatureLocationText>String</nc:PhysicalFeatureLocationText>
							</nc:PersonPhysicalFeature>
							<nc:PersonPrimaryLanguage/>
							<nc:PersonRaceText>String</nc:PersonRaceText>
							<nc:PersonSSNIdentification>
								<nc:IdentificationID>String</nc:IdentificationID>
								<nc:IdentificationCategoryDescriptionText>String</nc:IdentificationCategoryDescriptionText>
								<nc:IdentificationSourceText>String</nc:IdentificationSourceText>
							</nc:PersonSSNIdentification>
							<nc:PersonStateIdentification>
								<nc:IdentificationID>String</nc:IdentificationID>
								<nc:IdentificationCategoryDescriptionText>String</nc:IdentificationCategoryDescriptionText>
								<nc:IdentificationSourceText>String</nc:IdentificationSourceText>
							</nc:PersonStateIdentification>
							<nc:PersonUSCitizenIndicator>true</nc:PersonUSCitizenIndicator>
							<nc:PersonWeightMeasure/>
							<j:PersonAugmentation>
								<nc:DriverLicense>
									<nc:DriverLicenseIdentification>
										<nc:IdentificationID>String</nc:IdentificationID>
										<nc:IdentificationCategoryDescriptionText>String</nc:IdentificationCategoryDescriptionText>
										<nc:IdentificationSourceText>String</nc:IdentificationSourceText>
									</nc:DriverLicenseIdentification>
								</nc:DriverLicense>
								<j:PersonFBIIdentification>
									<nc:IdentificationID>String</nc:IdentificationID>
									<nc:IdentificationCategoryDescriptionText>String</nc:IdentificationCategoryDescriptionText>
									<nc:IdentificationSourceText>String</nc:IdentificationSourceText>
								</j:PersonFBIIdentification>
							</j:PersonAugmentation>
						</aidi:SupervisionPerson>
						<nc:SupervisionSupervisor>
							<nc:EntityOrganization>
								<nc:OrganizationLocation>
									<nc:LocationAddress>
										<nc:AddressFullText>String</nc:AddressFullText>
									</nc:LocationAddress>
								</nc:OrganizationLocation>
								<nc:OrganizationName>String</nc:OrganizationName>
								<nc:OrganizationPrimaryContactInformation>
									<nc:ContactTelephoneNumber>
										<nc:FullTelephoneNumber>
											<nc:TelephoneNumberFullID>String</nc:TelephoneNumberFullID>
										</nc:FullTelephoneNumber>
									</nc:ContactTelephoneNumber>
								</nc:OrganizationPrimaryContactInformation>
							</nc:EntityOrganization>
						</nc:SupervisionSupervisor>
					</j:SubjectSupervision>
				</j:Subject>
				<im:Alien>
					<nc:RoleOfPersonReference s:ref="Subject"/>
					<im:AlienCitizenship>
						<im:CitizenshipCertificateIdentification>
							<nc:IdentificationID>String</nc:IdentificationID>
							<nc:IdentificationCategoryDescriptionText>String</nc:IdentificationCategoryDescriptionText>
							<nc:IdentificationSourceText>String</nc:IdentificationSourceText>
						</im:CitizenshipCertificateIdentification>
					</im:AlienCitizenship>
				</im:Alien>
				<nc:ContactInformation s:id="ContactInfo">
					<nc:ContactTelephoneNumber>
						<nc:FullTelephoneNumber>
							<nc:TelephoneNumberFullID>String</nc:TelephoneNumberFullID>
						</nc:FullTelephoneNumber>
					</nc:ContactTelephoneNumber>
				</nc:ContactInformation>
				<nc:PersonContactInformationAssociation>
					<nc:PersonReference s:ref="Subject"/>
					<nc:ContactInformationReference s:ref="ContactInfo"/>
				</nc:PersonContactInformationAssociation>
				<nc:Location s:id="Residence">
					<nc:LocationAddress>
						<nc:AddressFullText>String</nc:AddressFullText>
					</nc:LocationAddress>
				</nc:Location>
				<nc:ResidenceAssociation>
					<nc:PersonReference s:ref="Subject"/>
					<nc:LocationReference s:ref="Residence"/>
				</nc:ResidenceAssociation>
				<j:ConvictionOffense s:id="Crime">
					<nc:ActivityDateRange>
						<nc:StartDate>
							<nc:Date>1967-08-13</nc:Date>
						</nc:StartDate>
						<nc:EndDate>
							<nc:Date>1967-08-13</nc:Date>
						</nc:EndDate>
					</nc:ActivityDateRange>
					<nc:ActivityDescriptionText>String</nc:ActivityDescriptionText>
					<nc:ActivityName>String</nc:ActivityName>
					<nc:ActivityStatus>
						<nc:StatusText>String</nc:StatusText>
						<nc:StatusDate>
							<nc:Date>1967-08-13</nc:Date>
						</nc:StatusDate>
						<nc:StatusDescriptionText>String</nc:StatusDescriptionText>
					</nc:ActivityStatus>
					<nc:ActivityReasonText>String</nc:ActivityReasonText>
					<nc:ActivityDisposition>
						<nc:DispositionEntity>
							<nc:EntityOrganization>
								<nc:OrganizationLocation>
									<nc:LocationAddress>
										<nc:AddressFullText>String</nc:AddressFullText>
									</nc:LocationAddress>
								</nc:OrganizationLocation>
								<nc:OrganizationName>String</nc:OrganizationName>
								<nc:OrganizationPrimaryContactInformation>
									<nc:ContactTelephoneNumber>
										<nc:FullTelephoneNumber>
											<nc:TelephoneNumberFullID>String</nc:TelephoneNumberFullID>
										</nc:FullTelephoneNumber>
									</nc:ContactTelephoneNumber>
								</nc:OrganizationPrimaryContactInformation>
							</nc:EntityOrganization>
						</nc:DispositionEntity>
						<nc:DispositionDate>
							<nc:Date>1967-08-13</nc:Date>
						</nc:DispositionDate>
						<nc:DispositionDescriptionText>String</nc:DispositionDescriptionText>
						<nc:DispositionReasonText>String</nc:DispositionReasonText>
						<nc:DispositionText>String</nc:DispositionText>
					</nc:ActivityDisposition>
					<nc:IncidentLocation>
						<nc:LocationAddress>
							<nc:AddressFullText>String</nc:AddressFullText>
						</nc:LocationAddress>
					</nc:IncidentLocation>
				</j:ConvictionOffense>
				<nc:ActivityInvolvedPersonAssociation>
					<nc:ActivityReference s:ref="Crime"/>
					<nc:PersonReference s:ref="Subject"/>
				</nc:ActivityInvolvedPersonAssociation>
				<appa:Memberships s:id="Memberships">
					<nc:ActivityDateRange>
						<nc:StartDate>
							<nc:Date>1967-08-13</nc:Date>
						</nc:StartDate>
						<nc:EndDate>
							<nc:Date>1967-08-13</nc:Date>
						</nc:EndDate>
					</nc:ActivityDateRange>
					<nc:ActivityDescriptionText>String</nc:ActivityDescriptionText>
					<nc:ActivityName>String</nc:ActivityName>
					<nc:ActivityStatus>
						<nc:StatusText>String</nc:StatusText>
						<nc:StatusDate>
							<nc:Date>1967-08-13</nc:Date>
						</nc:StatusDate>
						<nc:StatusDescriptionText>String</nc:StatusDescriptionText>
					</nc:ActivityStatus>
					<nc:ActivityReasonText>String</nc:ActivityReasonText>
					<nc:ActivityDisposition>
						<nc:DispositionEntity>
							<nc:EntityOrganization>
								<nc:OrganizationLocation>
									<nc:LocationAddress>
										<nc:AddressFullText>String</nc:AddressFullText>
									</nc:LocationAddress>
								</nc:OrganizationLocation>
								<nc:OrganizationName>String</nc:OrganizationName>
								<nc:OrganizationPrimaryContactInformation>
									<nc:ContactTelephoneNumber>
										<nc:FullTelephoneNumber>
											<nc:TelephoneNumberFullID>String</nc:TelephoneNumberFullID>
										</nc:FullTelephoneNumber>
									</nc:ContactTelephoneNumber>
								</nc:OrganizationPrimaryContactInformation>
							</nc:EntityOrganization>
						</nc:DispositionEntity>
						<nc:DispositionDate>
							<nc:Date>1967-08-13</nc:Date>
						</nc:DispositionDate>
						<nc:DispositionDescriptionText>String</nc:DispositionDescriptionText>
						<nc:DispositionReasonText>String</nc:DispositionReasonText>
						<nc:DispositionText>String</nc:DispositionText>
					</nc:ActivityDisposition>
					<nc:Organization>
						<nc:OrganizationLocation>
							<nc:LocationAddress>
								<nc:AddressFullText>String</nc:AddressFullText>
							</nc:LocationAddress>
						</nc:OrganizationLocation>
						<nc:OrganizationName>String</nc:OrganizationName>
						<nc:OrganizationPrimaryContactInformation>
							<nc:ContactTelephoneNumber>
								<nc:FullTelephoneNumber>
									<nc:TelephoneNumberFullID>String</nc:TelephoneNumberFullID>
								</nc:FullTelephoneNumber>
							</nc:ContactTelephoneNumber>
						</nc:OrganizationPrimaryContactInformation>
					</nc:Organization>
					<appa:ThreatGroupIndicator>true</appa:ThreatGroupIndicator>
				</appa:Memberships>
				<aidi:MembershipPersonAssociation>
					<nc:ActivityReference s:ref="Memberships"/>
					<nc:PersonReference s:ref="Subject"/>
				</aidi:MembershipPersonAssociation>
				<nc:Release s:id="Release">
					<nc:ActivityDateRange>
						<nc:StartDate>
							<nc:Date>1967-08-13</nc:Date>
						</nc:StartDate>
						<nc:EndDate>
							<nc:Date>1967-08-13</nc:Date>
						</nc:EndDate>
					</nc:ActivityDateRange>
					<nc:ActivityDescriptionText>String</nc:ActivityDescriptionText>
					<nc:ActivityName>String</nc:ActivityName>
					<nc:ActivityStatus>
						<nc:StatusText>String</nc:StatusText>
						<nc:StatusDate>
							<nc:Date>1967-08-13</nc:Date>
						</nc:StatusDate>
						<nc:StatusDescriptionText>String</nc:StatusDescriptionText>
					</nc:ActivityStatus>
					<nc:ActivityReasonText>String</nc:ActivityReasonText>
					<nc:ActivityDisposition>
						<nc:DispositionEntity>
							<nc:EntityOrganization>
								<nc:OrganizationLocation>
									<nc:LocationAddress>
										<nc:AddressFullText>String</nc:AddressFullText>
									</nc:LocationAddress>
								</nc:OrganizationLocation>
								<nc:OrganizationName>String</nc:OrganizationName>
								<nc:OrganizationPrimaryContactInformation>
									<nc:ContactTelephoneNumber>
										<nc:FullTelephoneNumber>
											<nc:TelephoneNumberFullID>String</nc:TelephoneNumberFullID>
										</nc:FullTelephoneNumber>
									</nc:ContactTelephoneNumber>
								</nc:OrganizationPrimaryContactInformation>
							</nc:EntityOrganization>
						</nc:DispositionEntity>
						<nc:DispositionDate>
							<nc:Date>1967-08-13</nc:Date>
						</nc:DispositionDate>
						<nc:DispositionDescriptionText>String</nc:DispositionDescriptionText>
						<nc:DispositionReasonText>String</nc:DispositionReasonText>
						<nc:DispositionText>String</nc:DispositionText>
					</nc:ActivityDisposition>
					<nc:ReleasePerson>
						<nc:PersonAgeMeasure/>
						<nc:PersonBirthDate>
							<nc:Date>1967-08-13</nc:Date>
						</nc:PersonBirthDate>
						<nc:PersonBirthLocation>
							<nc:LocationAddress>
								<nc:AddressFullText>String</nc:AddressFullText>
							</nc:LocationAddress>
						</nc:PersonBirthLocation>
						<nc:PersonDigitalImage>
							<nc:BinaryID>String</nc:BinaryID>
							<nc:BinaryBase64Object>UjBsR09EbGhjZ0dTQUxNQUFBUUNBRU1tQ1p0dU1GUXhEUzhi</nc:BinaryBase64Object>
							<nc:BinaryDescriptionText>String</nc:BinaryDescriptionText>
						</nc:PersonDigitalImage>
						<nc:PersonEthnicityText>String</nc:PersonEthnicityText>
						<nc:PersonHeightMeasure/>
						<aidi:PersonName>
							<nc:PersonGivenName>String</nc:PersonGivenName>
							<nc:PersonMiddleName>String</nc:PersonMiddleName>
							<nc:PersonSurName>String</nc:PersonSurName>
							<nc:PersonMaidenName>String</nc:PersonMaidenName>
							<nc:PersonFullName>String</nc:PersonFullName>
							<aidi:SoundexFlag>true</aidi:SoundexFlag>
						</aidi:PersonName>
						<nc:PersonOtherIdentification>
							<nc:IdentificationID>String</nc:IdentificationID>
							<nc:IdentificationCategoryDescriptionText>String</nc:IdentificationCategoryDescriptionText>
							<nc:IdentificationSourceText>String</nc:IdentificationSourceText>
						</nc:PersonOtherIdentification>
						<nc:PersonPassportIdentification>
							<nc:IdentificationID>String</nc:IdentificationID>
							<nc:IdentificationCategoryDescriptionText>String</nc:IdentificationCategoryDescriptionText>
							<nc:IdentificationSourceText>String</nc:IdentificationSourceText>
						</nc:PersonPassportIdentification>
						<nc:PersonPhysicalFeature>
							<nc:PhysicalFeatureGeneralCategoryText>String</nc:PhysicalFeatureGeneralCategoryText>
							<nc:PhysicalFeatureImage>
								<nc:BinaryID>String</nc:BinaryID>
								<nc:BinaryBase64Object>UjBsR09EbGhjZ0dTQUxNQUFBUUNBRU1tQ1p0dU1GUXhEUzhi</nc:BinaryBase64Object>
								<nc:BinaryDescriptionText>String</nc:BinaryDescriptionText>
							</nc:PhysicalFeatureImage>
							<nc:PhysicalFeatureLocationText>String</nc:PhysicalFeatureLocationText>
						</nc:PersonPhysicalFeature>
						<nc:PersonPrimaryLanguage/>
						<nc:PersonRaceText>String</nc:PersonRaceText>
						<nc:PersonSSNIdentification>
							<nc:IdentificationID>String</nc:IdentificationID>
							<nc:IdentificationCategoryDescriptionText>String</nc:IdentificationCategoryDescriptionText>
							<nc:IdentificationSourceText>String</nc:IdentificationSourceText>
						</nc:PersonSSNIdentification>
						<nc:PersonStateIdentification>
							<nc:IdentificationID>String</nc:IdentificationID>
							<nc:IdentificationCategoryDescriptionText>String</nc:IdentificationCategoryDescriptionText>
							<nc:IdentificationSourceText>String</nc:IdentificationSourceText>
						</nc:PersonStateIdentification>
						<nc:PersonUSCitizenIndicator>true</nc:PersonUSCitizenIndicator>
						<nc:PersonWeightMeasure/>
					</nc:ReleasePerson>
					<nc:ReleaseFromLocation>
						<nc:LocationAddress>
							<nc:AddressFullText>String</nc:AddressFullText>
						</nc:LocationAddress>
					</nc:ReleaseFromLocation>
					<nc:ReleaseIssuer>
						<nc:EntityOrganization>
							<nc:OrganizationLocation>
								<nc:LocationAddress>
									<nc:AddressFullText>String</nc:AddressFullText>
								</nc:LocationAddress>
							</nc:OrganizationLocation>
							<nc:OrganizationName>String</nc:OrganizationName>
							<nc:OrganizationPrimaryContactInformation>
								<nc:ContactTelephoneNumber>
									<nc:FullTelephoneNumber>
										<nc:TelephoneNumberFullID>String</nc:TelephoneNumberFullID>
									</nc:FullTelephoneNumber>
								</nc:ContactTelephoneNumber>
							</nc:OrganizationPrimaryContactInformation>
						</nc:EntityOrganization>
					</nc:ReleaseIssuer>
					<nc:ReleaseRecipient>
						<nc:EntityOrganization>
							<nc:OrganizationLocation>
								<nc:LocationAddress>
									<nc:AddressFullText>String</nc:AddressFullText>
								</nc:LocationAddress>
							</nc:OrganizationLocation>
							<nc:OrganizationName>String</nc:OrganizationName>
							<nc:OrganizationPrimaryContactInformation>
								<nc:ContactTelephoneNumber>
									<nc:FullTelephoneNumber>
										<nc:TelephoneNumberFullID>String</nc:TelephoneNumberFullID>
									</nc:FullTelephoneNumber>
								</nc:ContactTelephoneNumber>
							</nc:OrganizationPrimaryContactInformation>
						</nc:EntityOrganization>
					</nc:ReleaseRecipient>
					<nc:ReleaseToLocation>
						<nc:LocationAddress>
							<nc:AddressFullText>String</nc:AddressFullText>
						</nc:LocationAddress>
					</nc:ReleaseToLocation>
					<nc:ReleaseSupervisor>
						<nc:EntityOrganization>
							<nc:OrganizationLocation>
								<nc:LocationAddress>
									<nc:AddressFullText>String</nc:AddressFullText>
								</nc:LocationAddress>
							</nc:OrganizationLocation>
							<nc:OrganizationName>String</nc:OrganizationName>
							<nc:OrganizationPrimaryContactInformation>
								<nc:ContactTelephoneNumber>
									<nc:FullTelephoneNumber>
										<nc:TelephoneNumberFullID>String</nc:TelephoneNumberFullID>
									</nc:FullTelephoneNumber>
								</nc:ContactTelephoneNumber>
							</nc:OrganizationPrimaryContactInformation>
						</nc:EntityOrganization>
					</nc:ReleaseSupervisor>
				</nc:Release>
				<j:ActivityReleaseAssociation>
					<nc:ActivityReference/>
					<nc:ReleaseReference s:ref="Release"/>
					<nc:FacilityReference/>
					<j:SubjectReference s:ref="Subject"/>
					<j:ActivityOfficialReference/>
				</j:ActivityReleaseAssociation>
				<appa:Notification s:id="Notification">
					<nc:ActivityDateRange>
						<nc:StartDate>
							<nc:Date>1967-08-13</nc:Date>
						</nc:StartDate>
						<nc:EndDate>
							<nc:Date>1967-08-13</nc:Date>
						</nc:EndDate>
					</nc:ActivityDateRange>
					<nc:ActivityDescriptionText>String</nc:ActivityDescriptionText>
					<nc:ActivityName>String</nc:ActivityName>
					<nc:ActivityStatus>
						<nc:StatusText>String</nc:StatusText>
						<nc:StatusDate>
							<nc:Date>1967-08-13</nc:Date>
						</nc:StatusDate>
						<nc:StatusDescriptionText>String</nc:StatusDescriptionText>
					</nc:ActivityStatus>
					<nc:ActivityReasonText>String</nc:ActivityReasonText>
					<nc:ActivityDisposition>
						<nc:DispositionEntity>
							<nc:EntityOrganization>
								<nc:OrganizationLocation>
									<nc:LocationAddress>
										<nc:AddressFullText>String</nc:AddressFullText>
									</nc:LocationAddress>
								</nc:OrganizationLocation>
								<nc:OrganizationName>String</nc:OrganizationName>
								<nc:OrganizationPrimaryContactInformation>
									<nc:ContactTelephoneNumber>
										<nc:FullTelephoneNumber>
											<nc:TelephoneNumberFullID>String</nc:TelephoneNumberFullID>
										</nc:FullTelephoneNumber>
									</nc:ContactTelephoneNumber>
								</nc:OrganizationPrimaryContactInformation>
							</nc:EntityOrganization>
						</nc:DispositionEntity>
						<nc:DispositionDate>
							<nc:Date>1967-08-13</nc:Date>
						</nc:DispositionDate>
						<nc:DispositionDescriptionText>String</nc:DispositionDescriptionText>
						<nc:DispositionReasonText>String</nc:DispositionReasonText>
						<nc:DispositionText>String</nc:DispositionText>
					</nc:ActivityDisposition>
					<j:Victim>
						<nc:RoleOfPersonReference/>
					</j:Victim>
					<appa:WarrantAgency>
						<nc:OrganizationLocation>
							<nc:LocationAddress>
								<nc:AddressFullText>String</nc:AddressFullText>
							</nc:LocationAddress>
						</nc:OrganizationLocation>
						<nc:OrganizationName>String</nc:OrganizationName>
						<nc:OrganizationPrimaryContactInformation>
							<nc:ContactTelephoneNumber>
								<nc:FullTelephoneNumber>
									<nc:TelephoneNumberFullID>String</nc:TelephoneNumberFullID>
								</nc:FullTelephoneNumber>
							</nc:ContactTelephoneNumber>
						</nc:OrganizationPrimaryContactInformation>
					</appa:WarrantAgency>
					<appa:ReportingAgency s:id="ReportingAgency">
						<nc:OrganizationLocation>
							<nc:LocationAddress>
								<nc:AddressFullText>String</nc:AddressFullText>
							</nc:LocationAddress>
						</nc:OrganizationLocation>
						<nc:OrganizationName>String</nc:OrganizationName>
						<nc:OrganizationPrimaryContactInformation>
							<nc:ContactTelephoneNumber>
								<nc:FullTelephoneNumber>
									<nc:TelephoneNumberFullID>String</nc:TelephoneNumberFullID>
								</nc:FullTelephoneNumber>
							</nc:ContactTelephoneNumber>
						</nc:OrganizationPrimaryContactInformation>
					</appa:ReportingAgency>
					<appa:SocialAgency>
						<nc:OrganizationLocation>
							<nc:LocationAddress>
								<nc:AddressFullText>String</nc:AddressFullText>
							</nc:LocationAddress>
						</nc:OrganizationLocation>
						<nc:OrganizationName>String</nc:OrganizationName>
						<nc:OrganizationPrimaryContactInformation>
							<nc:ContactTelephoneNumber>
								<nc:FullTelephoneNumber>
									<nc:TelephoneNumberFullID>String</nc:TelephoneNumberFullID>
								</nc:FullTelephoneNumber>
							</nc:ContactTelephoneNumber>
						</nc:OrganizationPrimaryContactInformation>
					</appa:SocialAgency>
				</appa:Notification>
				<aidi:NotificationPersonAssociation>
					<nc:ActivityReference s:ref="Notification"/>
					<nc:PersonReference s:ref="Subject"/>
				</aidi:NotificationPersonAssociation>
				<aidi:Person s:id="ProbationOfficer">
					<nc:PersonAgeMeasure/>
					<nc:PersonBirthDate>
						<nc:Date>1967-08-13</nc:Date>
					</nc:PersonBirthDate>
					<nc:PersonBirthLocation>
						<nc:LocationAddress>
							<nc:AddressFullText>String</nc:AddressFullText>
						</nc:LocationAddress>
					</nc:PersonBirthLocation>
					<nc:PersonDigitalImage>
						<nc:BinaryID>String</nc:BinaryID>
						<nc:BinaryBase64Object>UjBsR09EbGhjZ0dTQUxNQUFBUUNBRU1tQ1p0dU1GUXhEUzhi</nc:BinaryBase64Object>
						<nc:BinaryDescriptionText>String</nc:BinaryDescriptionText>
					</nc:PersonDigitalImage>
					<nc:PersonEthnicityText>String</nc:PersonEthnicityText>
					<nc:PersonHeightMeasure/>
					<aidi:PersonName>
						<nc:PersonGivenName>String</nc:PersonGivenName>
						<nc:PersonMiddleName>String</nc:PersonMiddleName>
						<nc:PersonSurName>String</nc:PersonSurName>
						<nc:PersonMaidenName>String</nc:PersonMaidenName>
						<nc:PersonFullName>String</nc:PersonFullName>
						<aidi:SoundexFlag>true</aidi:SoundexFlag>
					</aidi:PersonName>
					<nc:PersonOtherIdentification>
						<nc:IdentificationID>String</nc:IdentificationID>
						<nc:IdentificationCategoryDescriptionText>String</nc:IdentificationCategoryDescriptionText>
						<nc:IdentificationSourceText>String</nc:IdentificationSourceText>
					</nc:PersonOtherIdentification>
					<nc:PersonPassportIdentification>
						<nc:IdentificationID>String</nc:IdentificationID>
						<nc:IdentificationCategoryDescriptionText>String</nc:IdentificationCategoryDescriptionText>
						<nc:IdentificationSourceText>String</nc:IdentificationSourceText>
					</nc:PersonPassportIdentification>
					<nc:PersonPhysicalFeature>
						<nc:PhysicalFeatureGeneralCategoryText>String</nc:PhysicalFeatureGeneralCategoryText>
						<nc:PhysicalFeatureImage>
							<nc:BinaryID>String</nc:BinaryID>
							<nc:BinaryBase64Object>UjBsR09EbGhjZ0dTQUxNQUFBUUNBRU1tQ1p0dU1GUXhEUzhi</nc:BinaryBase64Object>
							<nc:BinaryDescriptionText>String</nc:BinaryDescriptionText>
						</nc:PhysicalFeatureImage>
						<nc:PhysicalFeatureLocationText>String</nc:PhysicalFeatureLocationText>
					</nc:PersonPhysicalFeature>
					<nc:PersonPrimaryLanguage/>
					<nc:PersonRaceText>String</nc:PersonRaceText>
					<nc:PersonSSNIdentification>
						<nc:IdentificationID>String</nc:IdentificationID>
						<nc:IdentificationCategoryDescriptionText>String</nc:IdentificationCategoryDescriptionText>
						<nc:IdentificationSourceText>String</nc:IdentificationSourceText>
					</nc:PersonSSNIdentification>
					<nc:PersonStateIdentification>
						<nc:IdentificationID>String</nc:IdentificationID>
						<nc:IdentificationCategoryDescriptionText>String</nc:IdentificationCategoryDescriptionText>
						<nc:IdentificationSourceText>String</nc:IdentificationSourceText>
					</nc:PersonStateIdentification>
					<nc:PersonUSCitizenIndicator>true</nc:PersonUSCitizenIndicator>
					<nc:PersonWeightMeasure/>
					<j:PersonAugmentation>
						<nc:DriverLicense>
							<nc:DriverLicenseIdentification>
								<nc:IdentificationID>String</nc:IdentificationID>
								<nc:IdentificationCategoryDescriptionText>String</nc:IdentificationCategoryDescriptionText>
								<nc:IdentificationSourceText>String</nc:IdentificationSourceText>
							</nc:DriverLicenseIdentification>
						</nc:DriverLicense>
						<j:PersonFBIIdentification>
							<nc:IdentificationID>String</nc:IdentificationID>
							<nc:IdentificationCategoryDescriptionText>String</nc:IdentificationCategoryDescriptionText>
							<nc:IdentificationSourceText>String</nc:IdentificationSourceText>
						</j:PersonFBIIdentification>
					</j:PersonAugmentation>
				</aidi:Person>
				<nc:PersonOrganizationAssociation>
					<nc:PersonReference s:ref="ProbationOfficer"/>
					<nc:OrganizationReference s:ref="ReportingAgency"/>
				</nc:PersonOrganizationAssociation>
			</aidiSIM:SummaryInformationMessage>
		</m:SendSummaryEventInformationResponse>
	</SOAP-ENV:Body>
</SOAP-ENV:Envelope>