<?xml version="1.0" encoding="UTF-8"?>
<Metadata>
    <URI>http://it.ojp.gov/GlobalJRA/AWIEIEPD/1.0</URI>
    <Name>Arrest Warrant Information Exchange IEPD</Name>
    <Summary>This IEPD will be used to exhange Arrest Warrant information between criminal justice entities to support the Arrest Warrant lifecycle.</Summary>
    <Description>The AWIE Service and the AWIE IEPD will allow criminal justice entities to submit, review, approve, and issue warrants, warrant updates, and warrant recalls.  Additionally, the service provides for distribution of warrant information (including details of warrant service and warrant queries) to interested parties and repositories.</Description>
    <Version>1.0</Version>
    <URL/>
    <CreationDate>12/23/2009</CreationDate>
    <LastRevisionDate>12/23/2009</LastRevisionDate>
    <NextRevisionDate/>
    <NIEMVersion>2.0</NIEMVersion>
    <Security>Public</Security>
    <Maturity>2</Maturity>
    <Status/>
    <Schedule/>
    <Lineage/>
    <Relationships/>
    <Keywords/>
    <Domain>NIEM Core, Justice</Domain>
    <ExchangePartners/>
    <Process/>
    <TriggeringEvent/>
    <Conditions/>
    <Endorsements/>
    <Sponsors>Bureau of Justice Assistance (BJA), Office of Justice Programs, U.S. Department of Justice (managed on behalf of BJA by SEARCH, NCSC, and the IJIS Institute)</Sponsors>
    <Purpose>The purpose of the Arrest Warrant Information Exchange (AWIE) IEPD is to serve as an information model for the AWIE Service which provides criminal justice entities with an automated workflow in support of the arrest warrant lifecycle.</Purpose>
    <MessageExchangePatterns>request/response</MessageExchangePatterns>
    <CommunicationsEnvironment/>
    <ExchangePartnerCategories/>
    <AuthoritativeSource>
        <Category/>
        <Organization>
            <Name>Analysts International Corporation</Name>
            <Address1>3601 West 76th Street</Address1>
            <Address2/>
            <City>Minneapolis</City>
            <State>MN</State>
            <Zip>55435</Zip>
            <Country>USA</Country>
            <URL>www.analysts.com</URL>
        </Organization>
        <PointOfContact>
            <Name>Collin Evans</Name>
            <Address1>3252 University Dr.</Address1>
            <Address2>Suite 200</Address2>
            <City>Auburn Hills</City>
            <State>MI</State>
            <Zip>48326</Zip>
            <Country>USA</Country>
            <Phone>248-452-6214</Phone>
            <Fax>248-452-6304</Fax>
            <Email>cevans@analysts.com</Email>
        </PointOfContact>
    </AuthoritativeSource>
</Metadata>
