<?xml version="1.0" encoding="utf-8"?>
<!-- Created with Liquid XML Studio - FREE Community Edition 7.1.4.1284 (http://www.liquid-technologies.com) -->
<awie:ArrestWarrantInformationExchangeDocument xmlns:doc="http://www.ncsconline.org/reference/ArrestWarrant/2.0" xmlns:ncsc="http://www.ncsconline.org/reference/ArrestWarrantExtension/2.0" xmlns:nc="http://niem.gov/niem/niem-core/2.0" xmlns:j="http://niem.gov/niem/domains/jxdm/4.0" xmlns:ansi-nist="http://niem.gov/niem/ansi-nist/2.0" xmlns:s="http://niem.gov/niem/structures/2.0" xmlns:xsi="http://www.w3.org/2001/XMLSchema-instance" xmlns:awie="http://it.ojp.gov/GlobalJRA/AWIE/1.0/AWIEExtension" xsi:schemaLocation="http://it.ojp.gov/GlobalJRA/AWIE/1.0/AWIEExtension">
	<awie:WarrantSummaryQueryResponse>
		<!--
		The summary of any warrants matching the search criteria.
		Which fields from the arrest warrant are actually included in the
		results is left to the implementation, although, at a minimum,
		the results should include a unique identifier for each match
		so that a subsequent "Detail Query" may be performed.
		-->
		<awie:ArrestWarrant>
			<j:Warrant s:id="warrant00">
				<nc:ActivityIdentification>
					<nc:IdentificationID>ID123456</nc:IdentificationID>
				</nc:ActivityIdentification>
			</j:Warrant>
		</awie:ArrestWarrant>
	</awie:WarrantSummaryQueryResponse>
</awie:ArrestWarrantInformationExchangeDocument>