<?xml version="1.0" encoding="utf-8"?>
<!-- Created with Liquid XML Studio - FREE Community Edition 7.1.4.1284 (http://www.liquid-technologies.com) -->
<awie:ArrestWarrantInformationExchangeDocument xmlns:doc="http://www.ncsconline.org/reference/ArrestWarrant/2.0" xmlns:ncsc="http://www.ncsconline.org/reference/ArrestWarrantExtension/2.0" xmlns:nc="http://niem.gov/niem/niem-core/2.0" xmlns:j="http://niem.gov/niem/domains/jxdm/4.0" xmlns:ansi-nist="http://niem.gov/niem/ansi-nist/2.0" xmlns:s="http://niem.gov/niem/structures/2.0" xmlns:xsi="http://www.w3.org/2001/XMLSchema-instance" xmlns:awie="http://it.ojp.gov/GlobalJRA/AWIE/1.0/AWIEExtension" xsi:schemaLocation="http://it.ojp.gov/GlobalJRA/AWIE/1.0/AWIEExtension">
	<awie:WarrantSummaryQueryRequest>
		<!-- Identifies the entity making this query request -->
		<awie:RequestingEntity>
			<nc:OrganizationIdentification>
				<nc:IdentificationID>ID123456</nc:IdentificationID>
			</nc:OrganizationIdentification>
			<nc:OrganizationName>Name of Organization</nc:OrganizationName>
			<nc:OrganizationPrimaryContactInformation>
				<nc:ContactEmailID>someone@some.org</nc:ContactEmailID>
				<nc:ContactTelephoneNumber>
					<nc:FullTelephoneNumber>
						<nc:TelephoneNumberFullID>123-456-7890</nc:TelephoneNumberFullID>
						<nc:TelephoneSuffixID>x1234</nc:TelephoneSuffixID>
					</nc:FullTelephoneNumber>
				</nc:ContactTelephoneNumber>
				<nc:ContactFaxNumber>
					<nc:FullTelephoneNumber>
						<nc:TelephoneNumberFullID>123-456-7890</nc:TelephoneNumberFullID>
						<nc:TelephoneSuffixID>x1234</nc:TelephoneSuffixID>
					</nc:FullTelephoneNumber>
				</nc:ContactFaxNumber>
			</nc:OrganizationPrimaryContactInformation>
			<nc:OrganizationUnitName>Some Unit Name</nc:OrganizationUnitName>
		</awie:RequestingEntity>
		<!--
		Because the awie:ArrestWarrant element can contain any of the elements that
		a warrant can, it can also be used to specify query parameters.
		
		The example below shows a search by name and date of birth.  Which fields
		can actually be searched on is left to the implementation.
		-->
		<awie:ArrestWarrant>
			<j:Warrant s:id="warrant00" />
			<ncsc:Person s:id="person00">
				<nc:PersonBirthDate>
					<nc:Date>2008-12-31</nc:Date>
				</nc:PersonBirthDate>
				<nc:PersonName>
					<nc:PersonGivenName>Justin</nc:PersonGivenName>
					<nc:PersonMiddleName>Some</nc:PersonMiddleName>
					<nc:PersonSurName>Guy</nc:PersonSurName>
				</nc:PersonName>
				<nc:PersonRaceCode>W</nc:PersonRaceCode>
				<nc:PersonSexCode>M</nc:PersonSexCode>
			</ncsc:Person>
			<ncsc:Subject>
				<nc:RoleOfPersonReference s:ref="person00" />
			</ncsc:Subject>
		</awie:ArrestWarrant>
	</awie:WarrantSummaryQueryRequest>
</awie:ArrestWarrantInformationExchangeDocument>