<?xml version="1.0" encoding="utf-8"?>
<!-- Created with Liquid XML Studio - FREE Community Edition 7.1.4.1284 (http://www.liquid-technologies.com) -->
<awie:ArrestWarrantInformationExchangeDocument xmlns:doc="http://www.ncsconline.org/reference/ArrestWarrant/2.0" xmlns:ncsc="http://www.ncsconline.org/reference/ArrestWarrantExtension/2.0" xmlns:nc="http://niem.gov/niem/niem-core/2.0" xmlns:j="http://niem.gov/niem/domains/jxdm/4.0" xmlns:ansi-nist="http://niem.gov/niem/ansi-nist/2.0" xmlns:s="http://niem.gov/niem/structures/2.0" xmlns:xsi="http://www.w3.org/2001/XMLSchema-instance" xmlns:awie="http://it.ojp.gov/GlobalJRA/AWIE/1.0/AWIEExtension" xsi:schemaLocation="http://it.ojp.gov/GlobalJRA/AWIE/1.0/AWIEExtension">
	<awie:WarrantUpdateRequest>
		<!--
		Because the awie:ArrestWarrant can represent everything that might be on a warrant,
		it can also be used to represent "warrant update application" - that is, the request for
		the warrant update.  This element could contain the entire warrant, although, in practice
		it may only contain a unique identifier for the warrant to be updated and new values
		for the fields to be updated.  In this example, the update is a request to change the
		subject's name and date of birth.
		-->
		<awie:ArrestWarrant>
			<!-- Subject -->
			<ncsc:Person s:id="person00">
				<nc:PersonBirthDate>
					<nc:Date>1981-02-20</nc:Date>
				</nc:PersonBirthDate>
				<nc:PersonName>
					<nc:PersonGivenName>Subject</nc:PersonGivenName>
					<nc:PersonMiddleName>New</nc:PersonMiddleName>
					<nc:PersonSurName>Name</nc:PersonSurName>
				</nc:PersonName>
			</ncsc:Person>
			<j:Warrant s:id="warrant00">
				<nc:ActivityIdentification>
					<nc:IdentificationID>ID123456</nc:IdentificationID>
				</nc:ActivityIdentification>
			</j:Warrant>
			<ncsc:Subject>
				<nc:RoleOfPersonReference s:ref="person00" />
			</ncsc:Subject>
		</awie:ArrestWarrant>
		<!-- The agency that initiated the warrant update request -->
		<awie:RequestingAgencyRole>
			<nc:RoleOfOrganizationReference s:ref="requesting_org00" />
		</awie:RequestingAgencyRole>
		<!-- The agency that screened the warrant update request (in implementations with intermediate screening -->
		<awie:ScreeningAgencyRole>
			<nc:RoleOfOrganizationReference s:ref="screening_org00" />
		</awie:ScreeningAgencyRole>
		<ncsc:Organization s:id="requesting_org00">
			<nc:OrganizationIdentification>
				<nc:IdentificationID>ID123456</nc:IdentificationID>
			</nc:OrganizationIdentification>
			<nc:OrganizationLocalIdentification>
				<nc:IdentificationID>ID123456</nc:IdentificationID>
			</nc:OrganizationLocalIdentification>
			<nc:OrganizationLocation>
				<nc:LocationAddress>
					<nc:StructuredAddress>
						<nc:AddressBuildingText>County Building</nc:AddressBuildingText>
						<nc:AddressSecondaryUnitText>Sheriff's Department</nc:AddressSecondaryUnitText>
						<nc:LocationStreet>
							<nc:StreetNumberText>1313</nc:StreetNumberText>
							<nc:StreetPredirectionalText>North</nc:StreetPredirectionalText>
							<nc:StreetName>Mockingbird Lane</nc:StreetName>
							<nc:StreetPostdirectionalText>South</nc:StreetPostdirectionalText>
						</nc:LocationStreet>
						<nc:LocationCityName>Some City Name</nc:LocationCityName>
						<nc:LocationCountyName>Some County Name</nc:LocationCountyName>
						<nc:LocationStateUSPostalServiceCode>MN</nc:LocationStateUSPostalServiceCode>
						<nc:LocationCountryName>United States</nc:LocationCountryName>
						<nc:LocationPostalCode>12345</nc:LocationPostalCode>
					</nc:StructuredAddress>
				</nc:LocationAddress>
				<nc:LocationDescriptionText>Description of the Location</nc:LocationDescriptionText>
				<nc:LocationLocale>
					<nc:LocaleDistrictName>Name of the District</nc:LocaleDistrictName>
				</nc:LocationLocale>
			</nc:OrganizationLocation>
			<nc:OrganizationName>Smith County Sheriff Department</nc:OrganizationName>
			<nc:OrganizationPrimaryContactInformation>
				<nc:ContactEmailID>someone@some.org</nc:ContactEmailID>
				<nc:ContactTelephoneNumber>
					<nc:FullTelephoneNumber>
						<nc:TelephoneNumberFullID>123-456-7890</nc:TelephoneNumberFullID>
						<nc:TelephoneSuffixID>x1234</nc:TelephoneSuffixID>
					</nc:FullTelephoneNumber>
				</nc:ContactTelephoneNumber>
				<nc:ContactFaxNumber>
					<nc:FullTelephoneNumber>
						<nc:TelephoneNumberFullID>123-456-7890</nc:TelephoneNumberFullID>
						<nc:TelephoneSuffixID>x1234</nc:TelephoneSuffixID>
					</nc:FullTelephoneNumber>
				</nc:ContactFaxNumber>
			</nc:OrganizationPrimaryContactInformation>
		</ncsc:Organization>
		<ncsc:Organization s:id="screening_org00">
			<nc:OrganizationIdentification>
				<nc:IdentificationID>ID123457</nc:IdentificationID>
			</nc:OrganizationIdentification>
			<nc:OrganizationLocalIdentification>
				<nc:IdentificationID>ID123457</nc:IdentificationID>
			</nc:OrganizationLocalIdentification>
			<nc:OrganizationLocation>
				<nc:LocationAddress>
					<nc:StructuredAddress>
						<nc:AddressBuildingText>County Building</nc:AddressBuildingText>
						<nc:AddressSecondaryUnitText>Prosecutor's Office</nc:AddressSecondaryUnitText>
						<nc:LocationStreet>
							<nc:StreetNumberText>1313</nc:StreetNumberText>
							<nc:StreetPredirectionalText>North</nc:StreetPredirectionalText>
							<nc:StreetName>Mockingbird Lane</nc:StreetName>
							<nc:StreetPostdirectionalText>South</nc:StreetPostdirectionalText>
						</nc:LocationStreet>
						<nc:LocationCityName>Some City Name</nc:LocationCityName>
						<nc:LocationCountyName>Some County Name</nc:LocationCountyName>
						<nc:LocationStateUSPostalServiceCode>MN</nc:LocationStateUSPostalServiceCode>
						<nc:LocationCountryName>United States</nc:LocationCountryName>
						<nc:LocationPostalCode>12345</nc:LocationPostalCode>
					</nc:StructuredAddress>
				</nc:LocationAddress>
				<nc:LocationDescriptionText>Description of the Location</nc:LocationDescriptionText>
				<nc:LocationLocale>
					<nc:LocaleDistrictName>Name of the District</nc:LocaleDistrictName>
				</nc:LocationLocale>
			</nc:OrganizationLocation>
			<nc:OrganizationName>Smith County District Attorney</nc:OrganizationName>
			<nc:OrganizationPrimaryContactInformation>
				<nc:ContactEmailID>someone@some.org</nc:ContactEmailID>
				<nc:ContactTelephoneNumber>
					<nc:FullTelephoneNumber>
						<nc:TelephoneNumberFullID>123-456-7890</nc:TelephoneNumberFullID>
						<nc:TelephoneSuffixID>x1234</nc:TelephoneSuffixID>
					</nc:FullTelephoneNumber>
				</nc:ContactTelephoneNumber>
				<nc:ContactFaxNumber>
					<nc:FullTelephoneNumber>
						<nc:TelephoneNumberFullID>123-456-7890</nc:TelephoneNumberFullID>
						<nc:TelephoneSuffixID>x1234</nc:TelephoneSuffixID>
					</nc:FullTelephoneNumber>
				</nc:ContactFaxNumber>
			</nc:OrganizationPrimaryContactInformation>
		</ncsc:Organization>
	</awie:WarrantUpdateRequest>
</awie:ArrestWarrantInformationExchangeDocument>