<?xml version="1.0" encoding="utf-8"?>
<!-- Created with Liquid XML Studio - FREE Community Edition 7.1.4.1284 (http://www.liquid-technologies.com) -->
<awie:ArrestWarrantInformationExchangeDocument xmlns:doc="http://www.ncsconline.org/reference/ArrestWarrant/2.0" xmlns:ncsc="http://www.ncsconline.org/reference/ArrestWarrantExtension/2.0" xmlns:nc="http://niem.gov/niem/niem-core/2.0" xmlns:j="http://niem.gov/niem/domains/jxdm/4.0" xmlns:ansi-nist="http://niem.gov/niem/ansi-nist/2.0" xmlns:s="http://niem.gov/niem/structures/2.0" xmlns:xsi="http://www.w3.org/2001/XMLSchema-instance" xmlns:awie="http://it.ojp.gov/GlobalJRA/AWIE/1.0/AWIEExtension" xsi:schemaLocation="http://it.ojp.gov/GlobalJRA/AWIE/1.0/AWIEExtension">
	<awie:WarrantRecallRequestDecision>
		<!--
		This is the request to which this decision pertains. In this example the
		entire request is included.  In practice, however, this may only contain
		enough information for the requesting entity to match this decision with
		a request they had previously submitted.
		-->
		<awie:WarrantRecallRequest>
			<awie:ArrestWarrant>
				<j:Warrant s:id="warrant00">
					<nc:ActivityIdentification>
						<nc:IdentificationID>ID123456</nc:IdentificationID>
					</nc:ActivityIdentification>
				</j:Warrant>
			</awie:ArrestWarrant>
			<!-- The agency that initiated the warrant recall request -->
			<awie:RequestingAgencyRole>
				<nc:RoleOfOrganizationReference s:ref="requesting_org00" />
			</awie:RequestingAgencyRole>
			<!-- The agency that screened the warrant recall request (in implementations with intermediate screening -->
			<awie:ScreeningAgencyRole>
				<nc:RoleOfOrganizationReference s:ref="screening_org00" />
			</awie:ScreeningAgencyRole>
			<ncsc:Organization s:id="requesting_org00">
				<nc:OrganizationIdentification>
					<nc:IdentificationID>ID123456</nc:IdentificationID>
				</nc:OrganizationIdentification>
				<nc:OrganizationLocalIdentification>
					<nc:IdentificationID>ID123456</nc:IdentificationID>
				</nc:OrganizationLocalIdentification>
				<nc:OrganizationLocation>
					<nc:LocationAddress>
						<nc:StructuredAddress>
							<nc:AddressBuildingText>County Building</nc:AddressBuildingText>
							<nc:AddressSecondaryUnitText>Sheriff's Department</nc:AddressSecondaryUnitText>
							<nc:LocationStreet>
								<nc:StreetNumberText>1313</nc:StreetNumberText>
								<nc:StreetPredirectionalText>North</nc:StreetPredirectionalText>
								<nc:StreetName>Mockingbird Lane</nc:StreetName>
								<nc:StreetPostdirectionalText>South</nc:StreetPostdirectionalText>
							</nc:LocationStreet>
							<nc:LocationCityName>Some City Name</nc:LocationCityName>
							<nc:LocationCountyName>Some County Name</nc:LocationCountyName>
							<nc:LocationStateUSPostalServiceCode>MN</nc:LocationStateUSPostalServiceCode>
							<nc:LocationCountryName>United States</nc:LocationCountryName>
							<nc:LocationPostalCode>12345</nc:LocationPostalCode>
						</nc:StructuredAddress>
					</nc:LocationAddress>
					<nc:LocationDescriptionText>Description of the Location</nc:LocationDescriptionText>
					<nc:LocationLocale>
						<nc:LocaleDistrictName>Name of the District</nc:LocaleDistrictName>
					</nc:LocationLocale>
				</nc:OrganizationLocation>
				<nc:OrganizationName>Smith County Sheriff Department</nc:OrganizationName>
				<nc:OrganizationPrimaryContactInformation>
					<nc:ContactEmailID>someone@some.org</nc:ContactEmailID>
					<nc:ContactTelephoneNumber>
						<nc:FullTelephoneNumber>
							<nc:TelephoneNumberFullID>123-456-7890</nc:TelephoneNumberFullID>
							<nc:TelephoneSuffixID>x1234</nc:TelephoneSuffixID>
						</nc:FullTelephoneNumber>
					</nc:ContactTelephoneNumber>
					<nc:ContactFaxNumber>
						<nc:FullTelephoneNumber>
							<nc:TelephoneNumberFullID>123-456-7890</nc:TelephoneNumberFullID>
							<nc:TelephoneSuffixID>x1234</nc:TelephoneSuffixID>
						</nc:FullTelephoneNumber>
					</nc:ContactFaxNumber>
				</nc:OrganizationPrimaryContactInformation>
			</ncsc:Organization>
			<ncsc:Organization s:id="screening_org00">
				<nc:OrganizationIdentification>
					<nc:IdentificationID>ID123457</nc:IdentificationID>
				</nc:OrganizationIdentification>
				<nc:OrganizationLocalIdentification>
					<nc:IdentificationID>ID123457</nc:IdentificationID>
				</nc:OrganizationLocalIdentification>
				<nc:OrganizationLocation>
					<nc:LocationAddress>
						<nc:StructuredAddress>
							<nc:AddressBuildingText>County Building</nc:AddressBuildingText>
							<nc:AddressSecondaryUnitText>Prosecutor's Office</nc:AddressSecondaryUnitText>
							<nc:LocationStreet>
								<nc:StreetNumberText>1313</nc:StreetNumberText>
								<nc:StreetPredirectionalText>North</nc:StreetPredirectionalText>
								<nc:StreetName>Mockingbird Lane</nc:StreetName>
								<nc:StreetPostdirectionalText>South</nc:StreetPostdirectionalText>
							</nc:LocationStreet>
							<nc:LocationCityName>Some City Name</nc:LocationCityName>
							<nc:LocationCountyName>Some County Name</nc:LocationCountyName>
							<nc:LocationStateUSPostalServiceCode>MN</nc:LocationStateUSPostalServiceCode>
							<nc:LocationCountryName>United States</nc:LocationCountryName>
							<nc:LocationPostalCode>12345</nc:LocationPostalCode>
						</nc:StructuredAddress>
					</nc:LocationAddress>
					<nc:LocationDescriptionText>Description of the Location</nc:LocationDescriptionText>
					<nc:LocationLocale>
						<nc:LocaleDistrictName>Name of the District</nc:LocaleDistrictName>
					</nc:LocationLocale>
				</nc:OrganizationLocation>
				<nc:OrganizationName>Smith County District Attorney</nc:OrganizationName>
				<nc:OrganizationPrimaryContactInformation>
					<nc:ContactEmailID>someone@some.org</nc:ContactEmailID>
					<nc:ContactTelephoneNumber>
						<nc:FullTelephoneNumber>
							<nc:TelephoneNumberFullID>123-456-7890</nc:TelephoneNumberFullID>
							<nc:TelephoneSuffixID>x1234</nc:TelephoneSuffixID>
						</nc:FullTelephoneNumber>
					</nc:ContactTelephoneNumber>
					<nc:ContactFaxNumber>
						<nc:FullTelephoneNumber>
							<nc:TelephoneNumberFullID>123-456-7890</nc:TelephoneNumberFullID>
							<nc:TelephoneSuffixID>x1234</nc:TelephoneSuffixID>
						</nc:FullTelephoneNumber>
					</nc:ContactFaxNumber>
				</nc:OrganizationPrimaryContactInformation>
			</ncsc:Organization>
		</awie:WarrantRecallRequest>
		<!-- The entity that reviewed this request and rendered this decision -->
		<awie:ReviewingEntity>
			<nc:OrganizationIdentification>
				<nc:IdentificationID>ID123456</nc:IdentificationID>
			</nc:OrganizationIdentification>
			<nc:OrganizationName>Name of Organization</nc:OrganizationName>
			<nc:OrganizationPrimaryContactInformation>
				<nc:ContactEmailID>someone@some.org</nc:ContactEmailID>
				<nc:ContactTelephoneNumber>
					<nc:FullTelephoneNumber>
						<nc:TelephoneNumberFullID>123-456-7890</nc:TelephoneNumberFullID>
						<nc:TelephoneSuffixID>x1234</nc:TelephoneSuffixID>
					</nc:FullTelephoneNumber>
				</nc:ContactTelephoneNumber>
				<nc:ContactFaxNumber>
					<nc:FullTelephoneNumber>
						<nc:TelephoneNumberFullID>123-456-7890</nc:TelephoneNumberFullID>
						<nc:TelephoneSuffixID>x1234</nc:TelephoneSuffixID>
					</nc:FullTelephoneNumber>
				</nc:ContactFaxNumber>
			</nc:OrganizationPrimaryContactInformation>
			<nc:OrganizationUnitName>Some Unit Name</nc:OrganizationUnitName>
		</awie:ReviewingEntity>
		<!-- The decision, either APPROVED or DENIED -->
		<awie:RequestDecision>DENIED</awie:RequestDecision>
		<!-- Any other comments regarding this decision -->
		<awie:RequestDecisionComment>INSUFFICIENT DOCUMENTATION</awie:RequestDecisionComment>
	</awie:WarrantRecallRequestDecision>
</awie:ArrestWarrantInformationExchangeDocument>