<?xml version="1.0" encoding="utf-8"?>
<!-- Created with Liquid XML Studio - FREE Community Edition 7.1.4.1284 (http://www.liquid-technologies.com) -->
<awie:ArrestWarrantInformationExchangeDocument xmlns:doc="http://www.ncsconline.org/reference/ArrestWarrant/2.0" xmlns:ncsc="http://www.ncsconline.org/reference/ArrestWarrantExtension/2.0" xmlns:nc="http://niem.gov/niem/niem-core/2.0" xmlns:j="http://niem.gov/niem/domains/jxdm/4.0" xmlns:ansi-nist="http://niem.gov/niem/ansi-nist/2.0" xmlns:s="http://niem.gov/niem/structures/2.0" xmlns:xsi="http://www.w3.org/2001/XMLSchema-instance" xmlns:awie="http://it.ojp.gov/GlobalJRA/AWIE/1.0/AWIEExtension" xsi:schemaLocation="http://it.ojp.gov/GlobalJRA/AWIE/1.0/AWIEExtension">
	<awie:WarrantUpdate>
		<!--
		Because the awie:ArrestWarrant can represent everything that might be on a warrant,
		it can also be used to represent a warrant update. This element could contain the
		entire warrant, although, in practice it may only contain a unique identifier for
		the warrant to be updated and new values for the fields to be updated.  In this
		example, the update is modifying the subject's name and date of birth.
		-->
		<awie:ArrestWarrant>
			<!-- Subject -->
			<ncsc:Person s:id="person00">
				<nc:PersonBirthDate>
					<nc:Date>1981-02-20</nc:Date>
				</nc:PersonBirthDate>
				<nc:PersonName>
					<nc:PersonGivenName>Subject</nc:PersonGivenName>
					<nc:PersonMiddleName>New</nc:PersonMiddleName>
					<nc:PersonSurName>Name</nc:PersonSurName>
				</nc:PersonName>
			</ncsc:Person>
			<j:Warrant s:id="warrant00">
				<nc:ActivityIdentification>
					<nc:IdentificationID>ID123456</nc:IdentificationID>
				</nc:ActivityIdentification>
			</j:Warrant>
			<ncsc:Subject>
				<nc:RoleOfPersonReference s:ref="person00" />
			</ncsc:Subject>
		</awie:ArrestWarrant>
	</awie:WarrantUpdate>
</awie:ArrestWarrantInformationExchangeDocument>