<?xml version="1.0" encoding="utf-8"?>
<!-- Created with Liquid XML Studio - FREE Community Edition 7.1.4.1284 (http://www.liquid-technologies.com) -->
<awie:ArrestWarrantInformationExchangeDocument xmlns:doc="http://www.ncsconline.org/reference/ArrestWarrant/2.0" xmlns:ncsc="http://www.ncsconline.org/reference/ArrestWarrantExtension/2.0" xmlns:nc="http://niem.gov/niem/niem-core/2.0" xmlns:j="http://niem.gov/niem/domains/jxdm/4.0" xmlns:ansi-nist="http://niem.gov/niem/ansi-nist/2.0" xmlns:s="http://niem.gov/niem/structures/2.0" xmlns:xsi="http://www.w3.org/2001/XMLSchema-instance" xmlns:awie="http://it.ojp.gov/GlobalJRA/AWIE/1.0/AWIEExtension" xsi:schemaLocation="http://it.ojp.gov/GlobalJRA/AWIE/1.0/AWIEExtension">
	<awie:WarrantServe>
		<!--
		Because the awie:ArrestWarrant can represent everything that might be on a warrant,
		it can also be used to represent the warrant serve message. This element could contain the
		entire warrant, although, in practice it may only contain a unique identifier for
		the warrant that was served and any data relavent to the servicing of the warrant
		(such as the location of the subject).
		-->
		<awie:ArrestWarrant>
			<nc:Location s:id="location00">
				<nc:LocationName>Some Detainment Location</nc:LocationName>
			</nc:Location>
			<ncsc:Organization s:id="org00">
				<nc:OrganizationBranchName>Some Branch Name</nc:OrganizationBranchName>
				<nc:OrganizationIdentification>
					<nc:IdentificationID>ID123456</nc:IdentificationID>
				</nc:OrganizationIdentification>
				<nc:OrganizationLocalIdentification>
					<nc:IdentificationID>ID123456</nc:IdentificationID>
				</nc:OrganizationLocalIdentification>
				<nc:OrganizationLocation>
					<nc:LocationAddress>
						<nc:StructuredAddress>
							<nc:AddressBuildingText>The ACME Building</nc:AddressBuildingText>
							<nc:AddressSecondaryUnitText>10 Ton Weight Department</nc:AddressSecondaryUnitText>
							<nc:LocationStreet>
								<nc:StreetNumberText>1313</nc:StreetNumberText>
								<nc:StreetPredirectionalText>North</nc:StreetPredirectionalText>
								<nc:StreetName>Mockingbird Lane</nc:StreetName>
								<nc:StreetPostdirectionalText>South</nc:StreetPostdirectionalText>
							</nc:LocationStreet>
							<nc:LocationCityName>Some City Name</nc:LocationCityName>
							<nc:LocationCountyName>Some County Name</nc:LocationCountyName>
							<nc:LocationStateUSPostalServiceCode>MN</nc:LocationStateUSPostalServiceCode>
							<nc:LocationCountryName>United States</nc:LocationCountryName>
							<nc:LocationPostalCode>12345</nc:LocationPostalCode>
						</nc:StructuredAddress>
					</nc:LocationAddress>
					<nc:LocationDescriptionText>Description of the Location</nc:LocationDescriptionText>
					<nc:LocationLocale>
						<nc:LocaleDistrictName>Name of the District</nc:LocaleDistrictName>
					</nc:LocationLocale>
					<nc:LocationName>Name of the Location</nc:LocationName>
				</nc:OrganizationLocation>
				<nc:OrganizationName>Name of Organization</nc:OrganizationName>
				<nc:OrganizationPrimaryContactInformation>
					<nc:ContactEmailID>someone@some.org</nc:ContactEmailID>
					<nc:ContactTelephoneNumber>
						<nc:FullTelephoneNumber>
							<nc:TelephoneNumberFullID>123-456-7890</nc:TelephoneNumberFullID>
							<nc:TelephoneSuffixID>x1234</nc:TelephoneSuffixID>
						</nc:FullTelephoneNumber>
					</nc:ContactTelephoneNumber>
					<nc:ContactFaxNumber>
						<nc:FullTelephoneNumber>
							<nc:TelephoneNumberFullID>123-456-7890</nc:TelephoneNumberFullID>
							<nc:TelephoneSuffixID>x1234</nc:TelephoneSuffixID>
						</nc:FullTelephoneNumber>
					</nc:ContactFaxNumber>
				</nc:OrganizationPrimaryContactInformation>
				<nc:OrganizationUnitName>Some Unit Name</nc:OrganizationUnitName>
				<j:OrganizationAugmentation>
					<j:OrganizationJurisdiction>
						<nc:LocationCityName>Some City Name</nc:LocationCityName>
						<nc:LocationCountryName>United States</nc:LocationCountryName>
						<nc:LocationCountyName>Some County Name</nc:LocationCountyName>
						<nc:LocationStateUSPostalServiceCode>MN</nc:LocationStateUSPostalServiceCode>
					</j:OrganizationJurisdiction>
					<j:OrganizationORIIdentification>
						<nc:IdentificationID>ID123456</nc:IdentificationID>
					</j:OrganizationORIIdentification>
				</j:OrganizationAugmentation>
			</ncsc:Organization>
			<!-- Subject -->
			<ncsc:Person s:id="person00">
				<ncsc:PersonAlternateName>
					<nc:PersonFullName>Some Alternate Full Name</nc:PersonFullName>
				</ncsc:PersonAlternateName>
				<nc:PersonBirthDate>
					<nc:Date>2008-12-31</nc:Date>
				</nc:PersonBirthDate>
				<nc:PersonCitizenshipText>Norwegian</nc:PersonCitizenshipText>
				<nc:PersonDigitalImage>
					<nc:BinaryBase64Object>
        0123456789ABCDEF
        0123456789ABCDEF
        0123456789ABCDEF
        0123456789ABCDEF
      </nc:BinaryBase64Object>
				</nc:PersonDigitalImage>
				<nc:PersonDigitizedSignatureImage>
					<nc:BinaryBase64Object>
        0123456789ABCDEF
        0123456789ABCDEF
        0123456789ABCDEF
        0123456789ABCDEF
      </nc:BinaryBase64Object>
				</nc:PersonDigitizedSignatureImage>
				<nc:PersonEthnicityCode>N</nc:PersonEthnicityCode>
				<nc:PersonEyeColorCode>BLU</nc:PersonEyeColorCode>
				<nc:PersonHairColorCode>BLN</nc:PersonHairColorCode>
				<nc:PersonHeightMeasure>
					<nc:MeasureText>72</nc:MeasureText>
				</nc:PersonHeightMeasure>
				<nc:PersonMilitarySummary>
					<nc:MilitaryServiceActiveIndicator>false</nc:MilitaryServiceActiveIndicator>
					<nc:MilitaryStatus>
						<nc:StatusText>Retired</nc:StatusText>
						<nc:StatusDate>
							<nc:Date>2000-12-31</nc:Date>
						</nc:StatusDate>
					</nc:MilitaryStatus>
				</nc:PersonMilitarySummary>
				<nc:PersonName>
					<nc:PersonNamePrefixText>Mr.</nc:PersonNamePrefixText>
					<nc:PersonGivenName>Justin</nc:PersonGivenName>
					<nc:PersonMiddleName>Some</nc:PersonMiddleName>
					<nc:PersonSurName>Guy</nc:PersonSurName>
					<nc:PersonNameSuffixText>III</nc:PersonNameSuffixText>
				</nc:PersonName>
				<nc:PersonOtherIdentification>
					<nc:IdentificationID>ID123456</nc:IdentificationID>
				</nc:PersonOtherIdentification>
				<nc:PersonPhysicalFeature>
					<nc:PhysicalFeatureCategoryCode>TAT FHD</nc:PhysicalFeatureCategoryCode>
					<nc:PhysicalFeatureLocationText>High on brow, under bangs.</nc:PhysicalFeatureLocationText>
				</nc:PersonPhysicalFeature>
				<nc:PersonPrimaryLanguage>
					<nc:LanguageName>English</nc:LanguageName>
				</nc:PersonPrimaryLanguage>
				<nc:PersonRaceCode>W</nc:PersonRaceCode>
				<nc:PersonSexCode>M</nc:PersonSexCode>
				<nc:PersonSkinToneCode>FAR</nc:PersonSkinToneCode>
				<nc:PersonSSNIdentification>
					<nc:IdentificationID>ID123456</nc:IdentificationID>
				</nc:PersonSSNIdentification>
				<nc:PersonStateIdentification>
					<nc:IdentificationID>ID123456</nc:IdentificationID>
				</nc:PersonStateIdentification>
				<nc:PersonWeightMeasure>
					<nc:MeasureText>200</nc:MeasureText>
				</nc:PersonWeightMeasure>
				<ncsc:PersonAugmentation>
					<nc:DriverLicense>
						<nc:DriverLicenseIdentification>
							<nc:IdentificationID>ID123456</nc:IdentificationID>
							<nc:IdentificationExpirationDate>
								<nc:Date>2008-12-31</nc:Date>
							</nc:IdentificationExpirationDate>
							<nc:IdentificationSourceText>Minnesota</nc:IdentificationSourceText>
						</nc:DriverLicenseIdentification>
					</nc:DriverLicense>
					<j:PersonAFISIdentification>
						<nc:IdentificationID>ID123456</nc:IdentificationID>
					</j:PersonAFISIdentification>
					<j:PersonFBIIdentification>
						<nc:IdentificationID>ID123456</nc:IdentificationID>
					</j:PersonFBIIdentification>
					<ncsc:InterpreterRequiredIndicator>false</ncsc:InterpreterRequiredIndicator>
					<nc:Passport>
						<nc:PassportNumberIdentification>
							<nc:IdentificationID>ID123456</nc:IdentificationID>
						</nc:PassportNumberIdentification>
						<nc:PersonCitizenshipText>United States of America</nc:PersonCitizenshipText>
					</nc:Passport>
					<ncsc:PersonNCICHeightText>600</ncsc:PersonNCICHeightText>
					<ncsc:PersonNCICWeightText>200</ncsc:PersonNCICWeightText>
					<ncsc:PersonMedicalCondition>
						<ncsc:PersonMedicalConditionTreatmentText>Diet and Exercise</ncsc:PersonMedicalConditionTreatmentText>
					</ncsc:PersonMedicalCondition>
					<ncsc:PersonDNA>
						<nc:DNAImage>
							<nc:BinaryBase64Object>
            0123456789ABCDEF
            0123456789ABCDEF
            0123456789ABCDEF
            0123456789ABCDEF
          </nc:BinaryBase64Object>
						</nc:DNAImage>
						<nc:DNALocus>
							<nc:DNALocusCategoryText>Some DNA Locus Category Text</nc:DNALocusCategoryText>
							<nc:DNALocusValue>Some DNA Locus Value</nc:DNALocusValue>
						</nc:DNALocus>
					</ncsc:PersonDNA>
					<ncsc:FingerprintSet>
						<ncsc:Fingerprint>
							<ansi-nist:FingerPositionCode>13</ansi-nist:FingerPositionCode>
							<ansi-nist:FingerPositionIndicator>false</ansi-nist:FingerPositionIndicator>
						</ncsc:Fingerprint>
					</ncsc:FingerprintSet>
					<ncsc:RetinalScan>
						<nc:BiometricImage>
							<nc:BinaryBase64Object>
            0123456789ABCDEF
            0123456789ABCDEF
            0123456789ABCDEF
            0123456789ABCDEF
          </nc:BinaryBase64Object>
						</nc:BiometricImage>
					</ncsc:RetinalScan>
				</ncsc:PersonAugmentation>
			</ncsc:Person>
			<j:Warrant s:id="warrant00">
				<nc:ActivityIdentification>
					<nc:IdentificationID>ID123456</nc:IdentificationID>
				</nc:ActivityIdentification>
			</j:Warrant>
			<ncsc:Subject>
				<nc:RoleOfPersonReference s:ref="person00" />
				<j:SubjectDetainmentLocation>
					<nc:LocationName>Some Location Name</nc:LocationName>
				</j:SubjectDetainmentLocation>
			</ncsc:Subject>
			<ncsc:IncareratingAgencyRole>
				<nc:RoleOfOrganizationReference s:ref="org00" />
			</ncsc:IncareratingAgencyRole>
		</awie:ArrestWarrant>
	</awie:WarrantServe>
</awie:ArrestWarrantInformationExchangeDocument>